10.08,1.00,-7.95,-5.80,1.01,1.39,1.41,0.26,-0.93,0.44,0.19,-0.48,0.31,0.07,-0.21,-0.06,0.93,0.53,0.40,0.07,0.05,-0.14,0.14,0.25,-0.38
9.70,-0.09,-7.19,-6.20,1.42,1.40,1.26,-1.43,-0.00,-0.67,-0.72,-0.00,-0.37,-0.15,0.06,0.04,0.37,0.34,0.24,0.04,-0.06,-0.04,0.34,-0.74,-0.51
9.55,-0.84,-6.18,-6.74,2.06,1.57,2.53,-2.65,3.04,-4.73,-0.82,0.76,-0.91,-0.12,-0.05,0.08,0.38,0.41,0.33,0.05,-0.10,-0.07,0.35,-0.77,-0.56
10.50,0.22,-6.31,-7.85,2.51,1.72,3.02,-4.01,4.86,-7.41,-0.93,0.94,-0.97,-0.03,-0.11,0.10,0.33,0.47,0.38,0.09,-0.15,-0.09,0.59,-0.83,-0.72
10.92,1.08,-6.27,-8.32,2.87,1.73,3.00,-4.34,4.57,-8.33,-0.87,0.88,-0.97,0.09,0.10,-0.05,0.37,0.55,0.37,0.07,-0.16,-0.08,0.32,-0.80,-0.59
9.55,0.16,-5.69,-6.98,2.98,1.43,2.93,-3.59,3.51,-8.57,-0.84,0.84,-0.98,0.06,0.16,-0.09,0.39,0.50,0.33,0.02,-0.13,-0.06,0.12,-0.81,-0.46
9.42,0.10,-5.74,-6.71,3.02,1.32,2.93,-3.71,3.62,-8.75,-0.93,0.93,-0.99,-0.03,-0.09,0.05,0.33,0.48,0.37,0.06,-0.17,-0.07,0.40,-0.91,-0.60
10.85,1.58,-6.37,-8.02,3.01,1.44,2.93,-4.07,3.98,-8.69,-0.94,0.94,-0.98,0.02,-0.13,0.07,0.28,0.50,0.39,0.05,-0.18,-0.05,0.36,-0.93,-0.44
10.66,1.40,-6.34,-7.92,2.87,1.26,2.78,-3.31,3.26,-7.88,-0.92,0.93,-0.99,0.03,0.08,-0.08,0.22,0.47,0.33,0.01,-0.14,-0.00,0.08,-0.93,-0.05
9.69,0.38,-5.91,-6.91,3.13,1.33,3.10,-3.87,3.84,-9.62,-0.93,0.93,-0.99,0.03,0.19,-0.16,0.15,0.39,0.27,0.01,-0.09,0.00,0.11,-0.89,0.03
9.19,0.03,-5.74,-6.41,3.02,1.38,2.85,-3.58,3.34,-8.45,-0.86,0.85,-0.98,-0.01,-0.02,-0.02,0.25,0.48,0.39,0.01,-0.16,-0.02,0.11,-0.86,-0.21
9.99,0.51,-6.19,-7.06,2.86,1.51,3.20,-3.76,4.24,-8.85,-0.87,0.88,-0.97,-0.00,-0.18,0.12,0.27,0.42,0.38,0.02,-0.11,-0.02,0.17,-0.71,-0.24
11.08,1.52,-6.59,-8.20,2.62,1.44,2.99,-3.37,3.77,-7.50,-0.89,0.87,-0.96,-0.01,0.01,0.02,0.31,0.45,0.38,0.04,-0.12,-0.03,0.28,-0.73,-0.26
10.09,0.84,-5.95,-7.60,2.72,1.36,2.62,-3.12,2.98,-6.85,-0.84,0.84,-0.96,-0.00,0.14,-0.08,0.34,0.43,0.34,-0.00,-0.12,-0.01,-0.01,-0.82,-0.09
9.26,0.01,-5.61,-6.94,2.37,1.12,2.42,-2.13,2.30,-5.55,-0.80,0.85,-0.97,0.03,-0.03,0.03,0.29,0.36,0.29,-0.02,-0.08,0.00,-0.22,-0.81,0.01
10.32,1.04,-6.14,-7.89,2.35,1.21,2.31,-2.39,2.44,-5.18,-0.84,0.87,-0.95,-0.01,-0.11,0.12,0.32,0.37,0.32,0.02,-0.10,-0.02,0.14,-0.82,-0.18
10.65,1.24,-6.26,-8.09,2.66,1.42,2.53,-3.32,3.17,-6.49,-0.88,0.89,-0.97,0.07,0.05,-0.04,0.30,0.43,0.36,0.03,-0.13,-0.02,0.26,-0.85,-0.20
9.42,0.05,-5.69,-6.96,2.62,1.44,2.57,-3.30,3.20,-6.57,-0.88,0.86,-0.97,0.02,0.11,-0.05,0.33,0.42,0.36,0.05,-0.13,-0.05,0.35,-0.84,-0.41
9.66,0.22,-5.82,-7.15,2.62,1.44,2.73,-3.02,3.37,-6.63,-0.80,0.86,-0.93,-0.04,-0.08,0.10,0.33,0.42,0.33,0.04,-0.11,-0.04,0.31,-0.83,-0.38
10.91,1.48,-6.20,-8.36,2.79,1.41,2.75,-3.17,3.33,-7.17,-0.81,0.86,-0.93,0.02,-0.17,0.12,0.45,0.42,0.26,0.06,-0.09,-0.01,0.30,-0.82,-0.10
10.85,1.69,-5.73,-8.56,2.93,1.21,2.72,-2.87,2.62,-7.69,-0.81,0.80,-0.97,0.06,0.03,-0.01,0.48,0.49,0.27,0.02,-0.11,0.00,0.07,-0.85,0.03
9.61,0.36,-5.01,-7.56,2.98,1.24,2.79,-2.76,2.59,-8.07,-0.74,0.75,-0.97,0.01,0.14,-0.05,0.43,0.56,0.32,0.07,-0.15,-0.03,0.29,-0.84,-0.24
9.59,0.31,-5.03,-7.50,3.16,1.44,2.79,-3.87,3.39,-8.60,-0.85,0.84,-0.97,-0.05,-0.11,0.08,0.47,0.57,0.37,0.15,-0.18,-0.09,0.56,-0.85,-0.52
10.89,1.67,-5.92,-8.54,2.81,1.60,2.44,-3.51,3.15,-6.35,-0.78,0.81,-0.93,0.09,-0.07,0.01,0.38,0.42,0.39,0.05,-0.10,-0.08,0.34,-0.63,-0.55
9.90,0.37,-5.14,-8.02,2.38,1.87,1.78,-3.48,2.38,-3.66,-0.78,0.71,-0.86,0.02,0.08,-0.02,0.56,0.41,0.39,0.07,-0.10,-0.10,0.33,-0.62,-0.46
9.56,-0.24,-4.63,-7.68,2.80,1.59,2.73,-3.64,3.11,-7.08,-0.82,0.72,-0.93,-0.11,-0.10,0.09,0.65,0.54,0.41,0.20,-0.17,-0.15,0.56,-0.77,-0.57
11.02,1.34,-5.10,-9.06,2.88,1.53,2.82,-3.74,3.04,-7.46,-0.85,0.70,-0.92,-0.01,0.00,0.00,0.57,0.58,0.40,0.20,-0.17,-0.13,0.62,-0.74,-0.58
9.91,0.32,-4.32,-8.54,2.50,1.15,2.14,-2.16,1.56,-5.10,-0.75,0.64,-0.95,-0.01,0.12,-0.07,0.42,0.53,0.36,0.09,-0.16,-0.07,0.42,-0.83,-0.43
9.42,-0.28,-4.14,-7.73,2.70,0.89,3.22,-1.76,2.04,-7.90,-0.73,0.71,-0.91,-0.00,-0.13,0.07,0.44,0.59,0.44,0.13,-0.21,-0.08,0.48,-0.78,-0.41
10.77,1.06,-4.57,-8.83,3.11,1.33,3.81,-3.36,3.85,-11.01,-0.81,0.76,-0.93,0.01,-0.21,0.16,0.56,0.56,0.50,0.17,-0.22,-0.13,0.53,-0.77,-0.46
10.98,1.14,-4.52,-9.41,2.86,1.28,3.09,-2.64,2.61,-8.38,-0.72,0.66,-0.95,-0.00,0.05,0.00,0.46,0.48,0.47,0.08,-0.19,-0.10,0.35,-0.88,-0.48
9.89,0.15,-4.45,-8.24,2.62,1.14,2.91,-1.63,0.82,-6.89,-0.55,0.25,-0.90,0.20,0.10,-0.14,0.65,0.50,0.37,0.06,-0.11,-0.09,0.20,-0.63,-0.36
9.57,-0.14,-5.75,-6.77,2.71,2.08,2.77,-4.22,2.72,-6.55,-0.75,0.47,-0.87,0.08,-0.12,0.07,0.70,0.54,0.41,0.15,-0.14,-0.13,0.39,-0.62,-0.45
10.96,1.10,-6.69,-7.94,2.66,1.75,2.81,-3.62,3.08,-6.81,-0.78,0.63,-0.91,-0.05,0.00,0.13,0.50,0.53,0.39,0.10,-0.13,-0.09,0.37,-0.61,-0.46
10.30,0.67,-5.52,-8.13,2.76,1.63,2.51,-3.69,3.01,-6.60,-0.82,0.73,-0.95,0.01,0.19,0.00,0.57,0.52,0.36,0.14,-0.12,-0.14,0.45,-0.65,-0.65
9.29,-0.41,-4.89,-7.18,2.98,1.39,2.79,-3.60,3.19,-8.10,-0.87,0.82,-0.97,-0.09,-0.03,0.04,0.55,0.56,0.34,0.17,-0.14,-0.14,0.55,-0.73,-0.75
10.54,0.99,-5.57,-8.37,2.84,1.51,2.54,-3.76,3.31,-6.99,-0.87,0.86,-0.97,-0.02,-0.13,0.06,0.55,0.53,0.36,0.12,-0.12,-0.13,0.40,-0.62,-0.66
10.60,1.13,-5.57,-8.38,2.81,1.45,2.61,-3.40,2.88,-6.99,-0.83,0.76,-0.95,0.09,0.11,-0.07,0.51,0.51,0.32,0.09,-0.09,-0.09,0.36,-0.57,-0.55
9.35,-0.19,-4.96,-7.23,2.90,1.29,2.68,-3.18,2.67,-7.39,-0.85,0.77,-0.95,-0.03,0.05,0.01,0.50,0.49,0.31,0.06,-0.10,-0.07,0.25,-0.64,-0.43
9.74,0.34,-5.20,-7.60,3.04,1.64,2.54,-4.38,3.51,-7.46,-0.88,0.84,-0.97,-0.14,-0.20,0.15,0.56,0.41,0.32,0.07,-0.08,-0.10,0.29,-0.58,-0.56
10.95,1.81,-5.57,-8.76,2.92,1.68,2.35,-4.12,3.08,-6.62,-0.84,0.78,-0.97,0.01,-0.04,0.03,0.56,0.48,0.35,0.09,-0.08,-0.13,0.34,-0.48,-0.67
10.04,0.79,-4.78,-8.24,2.78,1.39,2.56,-3.31,2.53,-6.46,-0.86,0.71,-0.91,0.03,0.07,-0.06,0.55,0.56,0.31,0.10,-0.08,-0.09,0.32,-0.49,-0.50
9.45,-0.14,-4.75,-7.58,2.50,1.24,2.73,-2.57,2.49,-6.37,-0.83,0.74,-0.93,-0.06,-0.13,0.01,0.53,0.50,0.33,0.14,-0.09,-0.08,0.53,-0.52,-0.43
10.67,1.19,-5.45,-8.69,2.49,1.30,2.35,-2.70,2.41,-5.61,-0.83,0.79,-0.96,0.08,-0.03,0.02,0.44,0.46,0.35,0.08,-0.08,-0.07,0.42,-0.53,-0.49
9.83,0.40,-5.03,-8.10,2.30,1.17,2.04,-2.16,1.80,-4.48,-0.80,0.75,-0.95,0.10,0.13,-0.00,0.47,0.41,0.34,0.06,-0.09,-0.07,0.30,-0.64,-0.47
9.69,0.25,-5.28,-7.58,2.62,1.34,2.38,-3.02,2.62,-5.94,-0.86,0.82,-0.95,-0.08,-0.06,0.10,0.51,0.37,0.37,0.11,-0.09,-0.10,0.58,-0.62,-0.53
10.80,1.44,-5.50,-8.70,2.64,1.44,2.43,-3.05,2.57,-6.00,-0.80,0.73,-0.94,0.01,0.02,-0.04,0.43,0.40,0.33,0.05,-0.08,-0.07,0.29,-0.57,-0.49
9.85,0.48,-4.95,-8.01,2.54,1.25,2.33,-2.30,1.63,-5.29,-0.72,0.56,-0.89,0.17,0.06,-0.02,0.61,0.43,0.36,0.07,-0.10,-0.12,0.28,-0.62,-0.55
10.20,1.07,-6.03,-7.65,2.52,1.56,2.05,-3.14,1.78,-4.48,-0.80,0.56,-0.87,0.09,-0.11,0.11,0.61,0.46,0.44,0.07,-0.16,-0.11,0.26,-0.77,-0.40
11.04,1.69,-6.60,-8.37,2.20,1.14,1.95,-1.81,1.18,-3.77,-0.72,0.53,-0.88,-0.01,0.14,-0.07,0.33,0.51,0.38,-0.01,-0.14,-0.01,-0.08,-0.74,-0.05
9.68,0.10,-5.82,-7.26,2.39,0.92,2.47,-1.51,1.50,-5.69,-0.69,0.66,-0.96,-0.01,0.11,-0.06,0.31,0.52,0.33,-0.01,-0.12,-0.00,-0.08,-0.70,-0.05
10.09,0.90,-5.87,-7.67,2.48,0.76,2.54,-1.14,1.17,-6.15,-0.61,0.61,-0.97,0.08,-0.09,0.13,0.36,0.45,0.45,-0.08,-0.15,0.07,-0.48,-0.76,0.40
10.24,0.30,-6.17,-7.37,2.76,1.11,2.78,-1.01,1.18,-6.92,-0.33,0.38,-0.90,0.04,-0.01,-0.03,0.38,0.58,0.49,-0.03,-0.19,0.07,-0.14,-0.65,0.37
9.88,-0.34,-6.64,-6.70,2.23,1.19,2.15,-1.92,1.89,-4.00,-0.72,0.74,-0.84,-0.04,-0.05,-0.02,0.35,0.59,0.46,0.08,-0.14,-0.03,0.41,-0.51,-0.16
10.35,0.57,-6.29,-7.85,2.11,1.22,1.96,-1.67,1.17,-3.82,-0.65,0.49,-0.92,-0.02,0.06,0.00,0.39,0.42,0.38,0.05,-0.08,-0.04,0.29,-0.52,-0.28
9.44,-0.67,-5.18,-7.35,2.56,1.19,2.33,-2.35,1.94,-5.82,-0.77,0.70,-0.98,-0.10,0.00,0.03,0.37,0.49,0.31,0.05,-0.13,-0.04,0.26,-0.87,-0.32
10.11,0.08,-5.02,-8.28,2.79,1.16,2.54,-2.77,2.29,-6.76,-0.86,0.78,-0.96,-0.04,-0.14,0.14,0.38,0.64,0.36,0.14,-0.21,-0.06,0.56,-0.91,-0.44
10.49,0.61,-5.44,-8.27,2.99,1.96,2.54,-4.57,1.24,-5.74,-0.78,0.25,-0.76,0.24,0.17,-0.10,0.84,0.71,0.37,0.32,-0.22,-0.17,0.53,-0.85,-0.55
9.56,-0.31,-5.83,-6.48,3.31,2.36,2.26,-6.86,1.73,-5.09,-0.88,0.32,-0.68,0.10,0.02,-0.05,0.96,0.74,0.48,0.39,-0.21,-0.31,0.55,-0.60,-0.67
10.18,0.24,-7.10,-5.86,3.46,3.07,2.14,-4.42,0.29,-2.95,-0.42,0.04,-0.40,-0.30,-0.16,0.06,1.03,0.63,0.56,-0.00,-0.09,-0.33,-0.00,-0.24,-0.58
10.59,0.86,-8.52,-5.08,2.68,2.80,1.85,-0.95,-1.34,-1.03,-0.13,-0.26,-0.21,-0.12,0.10,-0.02,1.20,0.50,0.60,-0.18,-0.05,-0.20,-0.31,-0.17,-0.28
9.76,-0.15,-8.49,-4.13,1.82,1.61,1.57,-1.55,0.30,-2.22,-0.53,0.12,-0.78,0.09,-0.04,0.06,0.75,0.44,0.48,-0.14,-0.10,0.01,-0.41,-0.49,0.03
10.17,-0.09,-8.75,-4.71,1.85,1.35,1.63,-2.09,1.83,-2.87,-0.84,0.84,-0.95,0.00,-0.06,-0.02,0.26,0.38,0.30,-0.03,-0.05,0.02,-0.28,-0.47,0.24
9.75,-0.24,-8.27,-4.69,1.87,1.53,1.48,-2.52,1.84,-2.42,-0.88,0.81,-0.87,-0.00,0.10,-0.03,0.44,0.32,0.42,0.02,-0.05,0.01,0.16,-0.41,0.08
9.84,0.50,-8.18,-4.84,2.41,1.51,1.55,-3.24,2.03,-3.41,-0.89,0.87,-0.91,0.02,-0.02,0.05,0.41,0.27,0.52,0.03,-0.05,0.00,0.24,-0.32,0.02
10.15,1.15,-8.44,-4.94,2.12,1.44,1.94,-2.40,2.15,-3.93,-0.79,0.77,-0.96,-0.06,0.01,-0.09,0.36,0.45,0.45,-0.09,-0.06,0.03,-0.53,-0.30,0.16
9.66,0.57,-7.81,-4.76,2.34,1.32,2.47,-2.50,2.60,-5.60,-0.81,0.80,-0.97,0.01,-0.08,0.05,0.39,0.48,0.38,-0.10,-0.10,0.06,-0.54,-0.55,0.42
10.51,1.01,-7.83,-6.20,2.37,1.56,2.64,-2.78,2.32,-5.38,-0.75,0.56,-0.86,-0.05,-0.09,-0.06,0.52,0.36,0.49,-0.03,-0.06,0.06,-0.17,-0.35,0.24
9.82,0.23,-5.60,-7.23,2.43,2.50,2.46,-2.44,-0.36,-4.60,-0.40,-0.06,-0.77,-0.23,0.05,-0.05,0.90,0.41,0.55,0.01,-0.03,-0.22,0.03,-0.12,-0.44
9.59,0.11,-4.67,-7.59,3.13,2.10,2.28,-4.78,2.35,-6.27,-0.73,0.49,-0.88,-0.27,-0.14,0.29,0.85,0.50,0.48,0.11,-0.11,-0.29,0.26,-0.47,-0.72
10.78,0.93,-5.41,-8.60,3.20,2.01,2.37,-4.88,3.07,-6.43,-0.76,0.64,-0.85,-0.13,-0.02,0.10,0.60,0.57,0.45,0.24,-0.21,-0.19,0.70,-0.82,-0.70
9.85,0.01,-3.92,-8.59,2.58,1.57,2.13,-2.48,2.16,-4.81,-0.61,0.65,-0.88,0.01,0.16,-0.00,0.56,0.55,0.32,0.16,-0.12,-0.10,0.53,-0.71,-0.58
9.72,0.38,-3.64,-8.61,2.51,1.06,1.99,-1.79,1.11,-4.69,-0.67,0.53,-0.94,-0.01,-0.07,0.09,0.49,0.53,0.27,0.11,-0.10,-0.07,0.44,-0.70,-0.58
10.41,1.28,-4.11,-9.15,2.58,1.10,1.81,-2.26,1.52,-4.49,-0.79,0.76,-0.96,0.11,0.04,-0.06,0.48,0.46,0.31,0.11,-0.11,-0.10,0.52,-0.80,-0.67
9.54,0.20,-3.97,-8.19,2.80,1.22,2.03,-2.57,1.74,-5.47,-0.75,0.71,-0.96,0.01,0.00,0.02,0.46,0.49,0.33,0.09,-0.12,-0.09,0.41,-0.74,-0.63
10.50,1.15,-4.49,-8.99,2.76,1.45,2.21,-3.17,2.39,-5.73,-0.79,0.75,-0.94,-0.03,-0.14,0.07,0.59,0.51,0.38,0.14,-0.16,-0.14,0.45,-0.79,-0.60
10.39,0.77,-4.45,-8.83,2.67,1.34,2.81,-2.82,2.43,-6.68,-0.78,0.65,-0.89,0.13,0.01,-0.11,0.55,0.51,0.37,0.12,-0.13,-0.11,0.44,-0.69,-0.53
9.39,-0.82,-4.22,-7.82,2.20,1.26,2.90,-2.01,2.45,-5.89,-0.73,0.67,-0.92,-0.04,-0.06,0.04,0.36,0.49,0.36,0.04,-0.09,-0.08,0.20,-0.49,-0.62
10.47,0.01,-5.38,-8.47,2.21,2.24,2.35,-3.63,2.30,-4.09,-0.73,0.44,-0.79,0.01,-0.10,0.09,0.92,0.53,0.45,0.12,-0.14,-0.26,0.25,-0.58,-0.63
10.69,-0.74,-6.65,-7.24,2.28,3.38,2.68,-1.26,-1.66,-3.16,-0.16,-0.18,-0.52,0.11,-0.07,-0.01,1.72,0.47,0.56,0.19,-0.16,-0.39,0.23,-0.59,-0.41
10.17,-2.53,-6.57,-5.04,2.53,4.12,3.40,-1.67,-6.07,5.15,-0.16,-0.43,0.60,0.32,0.01,0.03,2.06,0.82,0.75,0.89,-0.19,-0.10,0.53,-0.30,-0.07
10.30,-2.02,-7.50,-4.74,2.61,3.28,3.01,-2.48,-4.21,4.35,-0.29,-0.43,0.55,0.37,0.05,0.12,1.46,0.89,0.71,0.78,-0.25,0.07,0.60,-0.39,0.07
9.98,-2.16,-7.90,-5.20,1.77,1.72,1.39,-0.94,0.39,-1.28,-0.31,0.16,-0.52,-0.22,0.16,-0.07,0.75,0.62,0.57,-0.23,-0.25,0.16,-0.50,-0.72,0.38
9.80,-1.13,-6.13,-6.17,3.57,2.61,2.27,-1.54,0.02,-4.44,-0.17,0.00,-0.55,-0.30,-0.03,-0.08,1.51,0.93,0.73,-0.12,-0.28,-0.25,-0.09,-0.41,-0.22
10.82,1.18,-5.65,-7.57,3.58,3.18,3.19,-4.57,-4.16,-2.87,-0.40,-0.41,-0.25,0.03,-0.19,-0.01,2.01,1.02,0.81,0.48,-0.05,-0.66,0.24,-0.06,-0.40
10.04,0.44,-4.65,-7.84,2.74,2.82,2.77,-3.10,-4.19,-2.01,-0.40,-0.53,-0.26,0.07,0.00,-0.10,1.62,0.76,0.64,0.40,-0.01,-0.44,0.33,-0.02,-0.43
9.62,0.40,-3.88,-8.19,3.08,1.53,2.40,-3.44,2.24,-6.82,-0.73,0.61,-0.92,-0.12,-0.18,0.05,0.88,0.58,0.46,0.21,-0.17,-0.22,0.42,-0.66,-0.56
10.93,1.33,-5.33,-8.08,3.22,3.71,2.94,-3.77,-3.06,-5.53,-0.32,-0.28,-0.58,-0.19,-0.08,-0.01,1.79,0.67,0.45,0.48,-0.14,-0.34,0.40,-0.47,-0.42
9.99,0.11,-5.07,-7.40,2.65,3.65,2.37,-2.48,-4.41,-1.11,-0.26,-0.51,-0.18,0.02,0.13,-0.05,1.85,0.53,0.49,0.32,-0.13,-0.19,0.33,-0.49,-0.21
9.20,-0.75,-4.06,-7.80,2.27,1.36,2.10,-0.37,0.69,-3.17,-0.12,0.24,-0.66,0.08,-0.05,0.10,0.88,0.37,0.48,-0.00,-0.14,0.03,-0.00,-0.78,0.06
10.45,-0.09,-5.30,-8.27,2.16,3.26,2.36,-1.54,0.63,-1.37,-0.22,0.08,-0.27,0.16,-0.11,0.19,1.47,0.36,0.44,-0.14,-0.10,-0.02,-0.26,-0.62,-0.03
10.36,-1.69,-6.99,-5.35,2.71,3.99,3.87,1.82,-5.33,-6.27,0.17,-0.34,-0.60,0.48,-0.01,0.26,1.76,0.47,0.51,-0.01,0.00,-0.06,-0.01,0.02,-0.07
9.25,-3.88,-7.77,-1.38,1.20,3.51,1.94,0.93,-3.10,-0.60,0.22,-0.46,-0.26,0.30,-0.05,0.05,1.30,0.53,0.57,0.07,0.17,-0.07,0.10,0.59,-0.09
10.10,-3.56,-9.14,-1.25,0.88,2.90,1.41,-0.53,2.20,-0.26,-0.21,0.54,-0.21,0.02,-0.07,-0.07,0.59,0.40,0.41,-0.08,0.10,-0.06,-0.32,0.59,-0.26
10.47,-2.96,-9.55,-1.96,1.14,3.09,1.53,-2.09,3.57,-1.13,-0.59,0.76,-0.64,-0.03,0.01,-0.11,0.50,0.20,0.31,0.04,-0.01,-0.01,0.44,-0.14,-0.08
9.28,-2.81,-8.15,-1.76,1.53,3.38,1.69,-4.51,4.55,-2.03,-0.87,0.80,-0.79,-0.11,-0.03,-0.07,0.53,0.21,0.51,0.06,-0.01,-0.02,0.53,-0.13,-0.08
9.69,-2.42,-8.63,-2.33,1.52,3.17,1.82,-4.36,5.06,-2.27,-0.91,0.88,-0.82,-0.00,-0.01,0.14,0.41,0.28,0.53,0.05,-0.03,-0.01,0.44,-0.21,-0.06
10.70,-3.00,-9.49,-3.14,1.50,2.70,1.80,-1.88,4.41,-0.99,-0.46,0.91,-0.37,0.01,-0.01,0.03,0.35,0.34,0.36,0.06,-0.05,-0.02,0.47,-0.41,-0.16
9.64,-3.90,-8.25,-2.46,0.80,2.33,1.83,-0.05,3.99,-0.03,-0.03,0.94,-0.02,-0.07,-0.05,-0.01,0.30,0.33,0.22,0.07,-0.03,-0.01,0.72,-0.46,-0.20
8.79,-3.64,-7.47,-2.04,0.89,2.09,1.66,-1.19,3.16,-0.77,-0.64,0.91,-0.52,0.02,-0.01,0.04,0.30,0.30,0.30,0.07,-0.02,-0.00,0.73,-0.27,-0.03
10.12,-2.64,-8.86,-3.08,1.42,2.87,2.23,-2.94,4.47,-2.15,-0.72,0.70,-0.68,0.10,0.06,0.05,0.37,0.29,0.45,0.02,-0.02,0.01,0.23,-0.12,0.07
10.52,-1.85,-9.30,-3.37,1.76,2.98,2.36,-4.01,4.09,-2.84,-0.77,0.58,-0.68,0.01,0.08,-0.16,0.79,0.27,0.47,-0.03,-0.02,-0.01,-0.15,-0.15,-0.03
9.38,-2.14,-8.15,-2.42,2.39,2.99,1.73,-6.74,2.98,-2.48,-0.94,0.58,-0.60,-0.10,-0.02,0.01,0.96,0.24,0.64,-0.03,-0.08,-0.17,-0.12,-0.52,-0.27
10.10,-2.29,-8.85,-3.26,1.92,2.67,1.58,-3.89,2.53,-0.65,-0.76,0.60,-0.22,-0.07,-0.04,0.19,0.67,0.32,0.60,0.01,-0.07,-0.13,0.04,-0.35,-0.33
10.06,-2.89,-8.45,-4.08,1.29,2.49,1.47,-2.46,3.01,-1.48,-0.77,0.82,-0.78,-0.00,0.02,-0.08,0.26,0.34,0.49,0.02,-0.10,-0.03,0.19,-0.59,-0.24
9.26,-3.15,-7.52,-3.41,1.71,2.84,1.68,-4.41,4.07,-2.31,-0.91,0.85,-0.81,-0.04,-0.04,0.08,0.33,0.24,0.55,0.02,-0.11,-0.06,0.20,-0.80,-0.32
10.40,-2.61,-8.64,-4.22,1.96,3.07,1.71,-3.49,3.56,-1.59,-0.58,0.68,-0.48,-0.03,0.05,0.07,0.72,0.28,0.56,0.06,-0.09,-0.24,0.28,-0.61,-0.59
10.02,-2.21,-7.78,-4.56,2.89,3.14,1.75,-1.55,0.41,0.85,-0.17,0.08,0.17,0.13,0.03,-0.33,1.67,0.67,0.84,-0.23,-0.25,-0.71,-0.21,-0.44,-0.50
9.78,-0.58,-7.57,-4.38,3.09,3.17,2.16,-3.31,-3.02,-0.62,-0.34,-0.44,-0.09,-0.17,-0.06,-0.04,1.79,0.74,0.92,-0.29,-0.16,-0.68,-0.22,-0.24,-0.41
10.94,0.78,-8.93,-5.56,1.42,2.42,2.00,-0.76,-2.04,-1.54,-0.22,-0.42,-0.54,-0.15,0.01,0.15,1.06,0.47,0.51,-0.06,0.08,-0.18,-0.12,0.31,-0.33
10.03,-0.35,-7.99,-5.45,1.79,1.87,2.05,-2.49,2.33,-2.84,-0.74,0.61,-0.77,0.07,-0.01,-0.09,0.66,0.47,0.48,0.02,-0.06,-0.19,0.07,-0.27,-0.59
9.58,-0.74,-7.55,-5.31,1.68,1.61,2.00,-2.11,2.45,-2.60,-0.78,0.76,-0.77,-0.11,-0.04,0.07,0.46,0.52,0.47,0.07,-0.08,-0.17,0.27,-0.34,-0.80
10.29,0.11,-8.06,-6.11,1.71,1.43,1.36,-2.00,1.66,-2.18,-0.82,0.85,-0.93,0.01,0.05,-0.03,0.33,0.42,0.37,0.02,-0.03,-0.09,0.13,-0.21,-0.73
9.65,-0.30,-6.72,-6.25,2.03,2.10,2.25,-2.08,0.19,-3.12,-0.49,0.04,-0.68,-0.12,0.03,-0.07,0.92,0.44,0.34,0.04,-0.04,-0.20,0.09,-0.28,-0.62
10.10,0.35,-6.59,-7.03,2.00,2.24,2.36,-2.49,0.41,-2.99,-0.56,0.08,-0.63,-0.05,-0.05,0.07,1.13,0.46,0.37,0.08,-0.03,-0.26,0.15,-0.20,-0.63
10.18,0.59,-7.26,-6.52,2.22,1.52,2.19,-1.47,0.94,-4.01,-0.43,0.28,-0.83,0.02,0.16,-0.10,0.79,0.66,0.36,-0.06,-0.14,-0.04,-0.12,-0.56,-0.14
9.72,1.57,-6.34,-6.21,3.24,0.92,2.34,1.21,-0.62,-6.93,0.40,-0.29,-0.91,-0.02,0.05,0.03,0.59,0.75,0.40,-0.12,-0.22,0.08,-0.28,-0.74,0.36
10.33,2.53,-7.15,-6.30,2.44,1.92,1.86,0.46,-1.35,-3.92,0.10,-0.38,-0.86,0.25,-0.16,0.02,0.57,0.44,0.36,0.04,-0.10,-0.01,0.16,-0.61,-0.06
9.68,0.75,-7.35,-5.76,2.06,2.07,1.05,-3.37,0.30,-1.16,-0.79,0.14,-0.54,0.01,-0.08,-0.02,0.71,0.36,0.35,0.03,-0.02,-0.18,0.10,-0.14,-0.73
9.90,0.64,-7.07,-6.33,2.11,2.41,1.16,-3.42,0.14,-1.58,-0.67,0.05,-0.65,-0.41,-0.09,0.18,0.84,0.42,0.52,-0.06,-0.03,-0.26,-0.18,-0.16,-0.61
10.45,0.15,-7.63,-6.54,1.96,2.67,1.08,-2.59,-0.23,-0.87,-0.49,-0.08,-0.41,-0.10,-0.07,-0.04,0.91,0.41,0.51,-0.15,-0.04,-0.24,-0.39,-0.19,-0.52
9.68,-0.78,-6.49,-6.55,1.58,2.52,1.72,-0.02,-0.78,-2.05,-0.01,-0.18,-0.75,0.09,-0.01,-0.03,1.21,0.48,0.41,-0.26,0.00,-0.13,-0.45,0.01,-0.25
10.11,0.56,-7.04,-6.60,1.91,2.30,1.66,-1.40,-1.15,-1.93,-0.32,-0.30,-0.61,-0.08,0.06,0.04,1.18,0.46,0.41,-0.17,0.01,-0.13,-0.32,0.03,-0.28
9.66,0.52,-8.08,-4.75,1.59,1.76,1.13,-1.27,-1.15,-0.02,-0.45,-0.58,-0.01,0.22,-0.09,0.07,0.72,0.48,0.46,-0.18,-0.01,-0.09,-0.51,-0.05,-0.27
9.85,-1.65,-8.56,-2.86,2.50,2.74,2.07,-0.56,-1.53,1.74,-0.08,-0.27,0.34,0.12,-0.01,0.13,1.87,0.93,1.06,0.10,0.06,-1.75,0.05,0.06,-0.89
10.05,-2.47,-8.87,-2.06,2.19,2.86,2.10,-0.41,-2.16,2.40,-0.07,-0.36,0.52,0.06,-0.09,0.04,1.86,0.94,1.07,0.10,0.08,-1.75,0.06,0.08,-0.88
9.97,-1.93,-7.16,-4.14,1.46,3.58,3.62,-2.05,-12.40,1.93,-0.39,-0.96,0.36,-0.57,-0.17,-0.19,1.22,0.43,0.25,0.35,0.00,0.03,0.68,0.02,0.08
