9.93,-4.69,-5.49,-4.07,1.62,0.88,5.27,-0.55,-1.73,-2.08,-0.38,-0.37,-0.24,0.59,-0.10,-0.08,1.53,0.46,0.57,-0.44,0.08,-0.17,-0.62,0.32,-0.19
9.93,-4.45,-6.98,-0.16,1.94,1.63,5.07,-0.48,-1.41,-3.40,-0.15,-0.17,-0.35,0.12,-0.08,-0.05,2.00,0.58,0.62,-0.35,0.16,-0.11,-0.31,0.45,-0.09
9.83,-4.39,-8.36,0.41,1.12,1.20,2.36,0.03,0.41,-1.05,0.02,0.14,-0.40,-0.31,-0.04,-0.01,1.40,0.50,0.30,0.07,0.08,0.06,0.10,0.53,0.15
10.18,-3.71,-9.07,-0.08,1.55,1.70,2.54,-0.29,1.26,-1.06,-0.11,0.29,-0.27,0.09,-0.04,-0.08,1.28,0.50,0.52,0.07,-0.07,0.11,0.11,-0.26,0.16
11.46,-3.12,-8.82,-0.98,3.16,4.06,5.51,8.93,-14.82,-13.37,0.70,-0.66,-0.77,-0.22,0.02,-0.07,1.64,0.90,0.76,1.01,0.35,0.52,0.68,0.51,0.42
13.14,-3.44,-7.45,-3.06,3.76,6.94,7.40,22.33,-47.13,-24.65,0.86,-0.92,-0.89,-0.33,-0.19,0.00,2.00,1.27,1.11,2.01,1.27,1.45,0.79,0.90,0.65
14.42,-4.03,-7.21,-3.17,3.48,8.65,8.24,27.51,-69.08,-26.82,0.91,-0.97,-0.94,-0.08,-0.23,0.07,2.26,1.32,1.38,2.43,1.75,2.24,0.82,0.96,0.72
14.19,-3.99,-7.49,-2.49,3.38,8.39,8.20,24.45,-66.34,-25.00,0.86,-0.96,-0.90,0.23,-0.02,0.12,2.24,1.30,1.38,2.33,1.74,2.22,0.80,0.97,0.72
12.22,-3.49,-7.30,-1.40,2.73,6.39,7.00,13.46,-37.01,-14.49,0.77,-0.83,-0.76,0.04,-0.14,0.15,2.52,1.12,1.15,2.12,0.96,1.24,0.75,0.74,0.43
12.25,-3.45,-6.72,-0.45,2.41,7.87,6.62,7.57,-35.78,-4.30,0.40,-0.69,-0.27,0.09,-0.17,-0.01,3.04,0.86,1.31,2.03,0.57,1.38,0.78,0.51,0.35
13.09,-2.75,-6.68,-2.43,3.36,8.70,7.13,16.42,-47.04,-13.08,0.56,-0.76,-0.55,0.01,-0.08,-0.10,2.85,0.98,1.36,1.99,0.93,1.68,0.71,0.70,0.43
13.01,-2.44,-7.66,-1.27,4.15,5.75,8.69,19.22,-34.22,-31.41,0.81,-0.68,-0.87,0.23,-0.05,0.12,2.39,1.50,0.93,2.68,0.74,0.80,0.75,0.53,0.36
13.38,-2.93,-7.71,0.06,4.13,6.65,8.73,17.72,-34.24,-29.45,0.65,-0.59,-0.82,0.34,-0.02,0.10,2.68,1.47,1.18,2.98,0.62,1.13,0.75,0.36,0.36
11.61,-1.41,-7.25,-1.17,3.17,6.25,7.00,11.65,-22.77,-11.07,0.59,-0.52,-0.50,-0.18,-0.12,0.05,3.29,0.84,1.08,1.98,0.27,0.39,0.72,0.30,0.11
11.11,-0.69,-7.63,-2.35,2.15,5.17,6.16,6.41,-16.97,-2.44,0.58,-0.53,-0.18,0.14,-0.10,0.13,2.93,0.78,0.85,1.48,0.40,0.18,0.65,0.60,0.07
11.22,-2.05,-6.36,-4.25,2.08,6.27,5.36,4.13,-29.09,-2.51,0.32,-0.87,-0.23,-0.31,-0.12,0.02,2.92,0.78,0.84,1.21,0.48,1.07,0.53,0.73,0.43
9.82,-2.51,-4.79,-3.96,1.02,5.22,5.34,-0.81,-25.43,0.20,-0.15,-0.91,0.04,0.02,0.02,-0.07,3.47,0.49,0.47,0.55,0.03,0.89,0.32,0.11,0.54
10.76,-2.44,-5.85,-3.10,1.82,6.95,5.59,2.83,-27.50,0.57,0.22,-0.71,0.06,0.78,0.11,-0.08,3.26,0.56,1.14,0.95,0.17,1.33,0.52,0.27,0.36
10.95,-1.14,-6.88,-0.95,2.24,5.87,6.74,2.86,-16.20,3.99,0.22,-0.41,0.26,0.12,-0.09,0.03,3.52,0.62,1.12,1.71,0.05,-0.01,0.79,0.08,-0.00
10.13,0.09,-7.03,0.31,0.94,2.34,7.06,-0.45,-6.77,2.98,-0.21,-0.41,0.45,0.46,-0.15,0.07,3.40,0.51,0.40,1.23,-0.09,-0.93,0.71,-0.44,-0.68
10.98,-0.11,-7.29,0.76,1.83,4.15,7.46,2.27,-14.22,3.00,0.30,-0.46,0.22,0.30,-0.14,0.08,3.06,0.98,0.63,1.48,0.27,0.48,0.49,0.44,0.25
12.07,-1.17,-6.98,-0.04,2.60,6.42,8.13,6.71,-28.36,-1.42,0.40,-0.54,-0.07,0.20,-0.06,0.16,3.20,1.28,1.10,2.76,0.76,1.29,0.67,0.54,0.37
11.42,-1.22,-5.58,-1.26,2.50,5.77,8.38,3.33,-25.48,0.03,0.23,-0.53,0.00,-0.53,-0.15,0.05,3.02,0.96,1.04,2.12,0.56,0.86,0.73,0.56,0.27
10.18,-1.47,-2.54,-4.92,1.93,3.30,7.66,-4.75,-18.60,8.60,-0.74,-0.74,0.58,-1.10,-0.23,-0.17,1.71,0.54,0.51,0.50,0.09,0.11,0.54,0.34,0.12
10.38,-2.80,-0.98,-9.26,0.83,3.49,1.48,-1.90,-2.68,0.36,-0.66,-0.52,0.29,0.11,-0.07,0.05,1.85,0.85,0.90,1.34,0.64,1.40,0.85,0.83,0.83
11.15,-2.62,-3.79,-7.30,1.89,5.72,4.46,-1.44,-19.12,-1.38,-0.13,-0.75,-0.16,0.86,0.11,0.23,2.17,0.90,1.01,1.63,0.75,1.49,0.83,0.83,0.68
11.85,-2.15,-7.11,-1.67,2.95,4.55,7.97,2.00,-19.71,-15.23,0.15,-0.54,-0.65,0.67,0.09,0.15,1.99,1.41,0.61,1.77,0.17,0.30,0.63,0.20,0.24
12.47,-2.36,-8.02,1.25,3.36,5.40,7.57,9.46,-17.91,-16.68,0.52,-0.44,-0.66,0.25,0.03,0.05,2.45,1.53,1.02,2.10,0.26,0.44,0.56,0.16,0.18
12.19,-1.05,-7.52,1.34,3.46,6.30,7.11,10.35,-22.09,-4.37,0.47,-0.49,-0.18,-0.33,-0.02,0.01,2.69,1.07,1.11,1.66,0.49,0.68,0.58,0.42,0.23
12.19,0.19,-7.81,-0.42,2.97,4.95,8.06,6.98,-21.26,-11.52,0.47,-0.53,-0.48,-0.60,-0.11,0.15,2.32,1.19,0.76,1.57,0.63,0.57,0.57,0.70,0.33
12.26,-0.92,-7.18,-4.82,2.63,6.33,6.42,7.63,-27.52,-10.66,0.46,-0.68,-0.63,-0.05,-0.12,0.19,2.18,1.09,1.05,1.16,0.64,0.96,0.49,0.56,0.42
10.63,-2.11,-3.71,-7.13,1.75,6.38,3.40,2.86,-14.10,-1.67,0.26,-0.65,-0.28,-0.14,-0.29,-0.06,2.76,0.70,1.08,0.34,0.17,1.76,0.18,0.22,0.59
10.57,-2.92,-3.77,-5.74,1.84,6.05,5.10,3.13,-23.35,-3.67,0.28,-0.76,-0.39,-0.07,0.04,-0.07,3.35,1.10,0.99,1.87,0.47,2.50,0.51,0.44,0.76
11.96,-2.72,-6.10,-4.29,2.18,7.30,6.06,6.75,-36.31,-6.93,0.42,-0.82,-0.53,-0.06,0.18,0.18,3.09,1.20,1.11,3.04,0.96,2.54,0.82,0.72,0.74
11.51,-2.88,-4.98,-6.48,2.56,6.14,5.05,3.53,-26.45,-3.42,0.22,-0.85,-0.26,-0.06,0.06,0.02,2.60,1.03,1.00,1.77,0.59,0.82,0.66,0.57,0.31
11.61,-2.83,-5.96,-5.47,3.40,5.36,5.78,6.72,-27.92,-9.43,0.37,-0.90,-0.48,0.14,0.06,0.05,2.41,0.99,0.96,1.41,0.54,0.40,0.59,0.56,0.17
11.99,-2.98,-8.10,-2.32,3.46,5.08,6.21,12.27,-22.28,-18.08,0.70,-0.71,-0.84,0.17,-0.08,0.20,2.36,1.18,0.91,2.29,0.49,0.68,0.83,0.46,0.32
11.81,-3.39,-8.39,-1.46,3.08,4.36,6.25,9.94,-18.67,-16.07,0.74,-0.68,-0.83,-0.15,-0.22,-0.02,2.10,1.28,0.83,2.02,0.54,0.43,0.76,0.51,0.25
11.11,-2.91,-8.18,0.68,2.48,3.68,6.17,7.34,-13.96,-11.45,0.80,-0.62,-0.75,0.34,0.02,-0.02,1.80,1.11,0.74,1.44,0.69,0.66,0.72,0.84,0.50
10.15,-1.38,-7.93,2.26,2.29,2.03,5.08,-1.57,3.89,-3.04,-0.34,0.38,-0.26,0.75,-0.02,0.07,2.47,1.02,0.53,1.24,0.03,-0.53,0.49,0.05,-0.41
10.20,-0.27,-8.22,0.28,2.05,3.03,5.48,1.50,1.12,-0.41,0.24,0.07,-0.04,-0.19,-0.40,0.11,3.11,0.80,0.81,1.16,-0.12,-0.99,0.46,-0.19,-0.40
10.49,-0.55,-7.48,-0.88,2.16,4.55,6.23,6.34,-10.15,0.13,0.64,-0.36,0.01,-0.70,-0.14,0.08,3.23,0.69,0.99,1.51,-0.00,-0.17,0.68,-0.01,-0.05
10.48,-1.02,-5.66,-2.90,1.95,5.01,6.95,4.45,-19.59,-0.61,0.45,-0.56,-0.04,-0.58,-0.01,0.01,3.22,0.57,0.87,1.19,0.08,0.88,0.64,0.15,0.32
10.27,-2.14,-5.38,-3.44,1.15,4.78,6.47,2.66,-18.71,-3.86,0.48,-0.60,-0.52,-0.76,-0.05,-0.08,3.06,0.40,0.77,0.46,0.16,1.68,0.38,0.54,0.71
10.37,-2.31,-4.33,-4.06,0.90,5.68,6.23,1.18,-24.03,-1.91,0.23,-0.68,-0.34,-0.56,0.00,0.02,2.96,0.59,0.81,0.74,0.20,1.82,0.42,0.41,0.76
10.34,-1.95,-2.47,-8.03,1.00,4.59,3.74,-0.30,-12.83,-0.79,-0.07,-0.75,-0.21,0.26,0.05,0.14,2.30,0.71,0.69,0.94,0.22,1.02,0.58,0.46,0.65
10.72,-1.76,-5.04,-5.49,1.63,5.19,5.90,2.27,-17.83,0.88,0.27,-0.58,0.09,0.61,0.08,0.18,2.63,0.72,0.96,1.34,0.20,0.16,0.71,0.29,0.06
10.50,-1.27,-7.53,-2.38,1.61,4.46,5.64,2.52,-9.82,0.94,0.35,-0.39,0.10,0.04,0.02,0.27,3.51,0.62,0.95,1.52,0.02,-0.65,0.69,0.03,-0.20
10.34,-1.36,-6.04,-4.78,2.08,3.90,5.40,1.66,-13.92,-0.32,0.21,-0.66,-0.03,0.41,-0.01,0.10,3.08,0.68,0.67,0.93,0.08,-0.62,0.45,0.17,-0.30
11.60,-2.42,-6.89,-2.12,3.24,4.85,7.49,10.07,-27.57,-16.30,0.64,-0.76,-0.67,0.90,-0.08,0.08,2.03,1.18,0.78,1.41,0.54,0.48,0.59,0.59,0.31
12.21,-2.80,-8.42,0.40,3.15,5.34,7.05,11.87,-26.52,-17.52,0.70,-0.70,-0.79,0.19,0.02,0.01,2.50,1.26,0.97,2.08,0.71,0.98,0.66,0.58,0.40
11.03,-2.15,-7.95,-0.99,2.14,4.66,6.04,6.04,-16.03,-4.57,0.60,-0.57,-0.35,-0.39,0.09,0.05,3.23,0.78,0.87,1.63,0.24,-0.08,0.65,0.35,-0.03
10.58,-2.39,-6.78,-3.26,2.34,4.58,5.50,2.49,-15.03,1.36,0.23,-0.60,0.11,-0.09,-0.02,0.20,2.96,0.43,0.87,0.74,0.08,-0.20,0.58,0.22,-0.08
10.88,-2.79,-6.76,-3.49,2.40,5.19,5.39,4.76,-19.85,-1.33,0.38,-0.71,-0.10,0.62,0.17,0.02,2.74,0.80,0.98,1.72,0.10,0.50,0.79,0.12,0.19
10.07,-3.25,-8.29,2.46,2.48,2.09,3.24,2.77,-2.24,-0.68,0.53,-0.33,-0.09,0.07,0.05,0.13,1.89,0.34,0.60,0.44,0.08,0.27,0.68,0.40,0.23
10.47,-3.82,-8.07,1.49,2.87,2.93,4.30,6.71,-6.67,-4.99,0.80,-0.53,-0.40,-0.13,0.02,0.13,2.12,0.48,0.81,0.63,0.24,0.66,0.62,0.61,0.39
10.22,-3.58,-8.56,0.74,2.05,2.93,3.39,5.09,-6.90,-5.76,0.85,-0.70,-0.83,-0.26,-0.01,0.01,1.75,0.43,0.67,0.29,0.22,0.57,0.39,0.78,0.49
10.08,-3.43,-8.75,0.91,1.61,2.39,3.27,2.71,-4.66,-3.46,0.70,-0.60,-0.66,0.08,-0.04,-0.06,1.90,0.41,0.49,0.15,0.15,0.15,0.19,0.76,0.16
9.89,-3.40,-8.48,1.86,1.45,1.66,3.16,0.74,-1.64,-2.57,0.31,-0.31,-0.56,0.24,0.03,0.04,1.58,0.36,0.39,0.13,0.11,0.00,0.23,0.79,0.00
9.99,-3.89,-8.17,2.63,2.02,1.45,3.11,1.32,-2.03,-4.56,0.45,-0.45,-0.72,0.05,0.07,0.12,1.41,0.42,0.49,0.30,0.18,0.22,0.51,0.89,0.31
9.97,-4.41,-8.24,0.53,1.89,1.37,3.32,1.53,-2.88,-3.59,0.59,-0.63,-0.57,-0.05,0.01,-0.02,1.46,0.41,0.50,0.19,0.16,0.11,0.31,0.77,0.15
9.91,-4.29,-8.36,0.51,1.64,1.29,2.74,0.21,-1.26,0.17,0.10,-0.36,0.04,0.13,-0.09,-0.06,1.54,0.50,0.33,-0.10,0.09,-0.20,-0.13,0.57,-0.39
10.07,-4.12,-8.40,2.56,1.68,1.25,2.33,0.10,-1.08,-0.86,0.05,-0.37,-0.22,0.04,-0.08,-0.03,1.31,0.59,0.34,-0.11,0.17,-0.16,-0.14,0.83,-0.35
10.03,-4.12,-8.52,2.09,1.60,1.03,2.26,0.15,-0.53,-2.24,0.09,-0.23,-0.62,-0.17,0.06,0.08,0.90,0.44,0.31,-0.06,0.12,-0.04,-0.15,0.88,-0.13
10.00,-3.75,-8.31,2.47,1.79,1.31,3.09,0.86,-0.57,-2.33,0.37,-0.14,-0.42,0.11,0.07,-0.00,1.69,0.54,0.37,0.09,0.16,-0.03,0.10,0.78,-0.05
9.87,-3.86,-7.93,3.08,1.85,1.58,2.84,1.00,-1.55,-2.17,0.34,-0.35,-0.41,0.24,0.01,-0.00,1.76,0.62,0.37,0.22,0.17,0.11,0.20,0.73,0.17
9.88,-4.02,-7.90,3.13,1.95,1.52,2.56,0.59,-1.10,-2.82,0.20,-0.28,-0.56,-0.09,-0.04,0.08,1.03,0.62,0.32,0.12,0.16,0.12,0.20,0.83,0.37
9.88,-4.10,-7.78,3.66,1.49,1.15,2.42,0.23,-0.03,-1.24,0.13,-0.01,-0.34,-0.06,-0.05,0.04,1.39,0.51,0.31,0.19,0.11,-0.07,0.27,0.69,-0.17
9.70,-4.11,-7.66,3.66,1.17,1.12,2.18,0.17,-0.25,-0.07,0.13,-0.10,-0.03,0.04,0.00,0.01,1.39,0.49,0.32,0.12,0.08,-0.14,0.18,0.49,-0.32
9.78,-4.35,-8.01,2.51,1.18,1.22,2.45,0.31,-0.77,0.16,0.22,-0.26,0.06,-0.25,0.04,0.03,1.03,0.46,0.33,-0.03,0.09,-0.10,-0.06,0.59,-0.30
9.87,-4.73,-8.28,0.79,1.43,1.24,2.02,-0.05,-1.57,-0.38,-0.03,-0.63,-0.13,-0.34,-0.04,0.04,1.37,0.33,0.40,-0.20,0.11,-0.34,-0.44,0.82,-0.62
9.88,-4.53,-7.59,-1.80,1.66,1.89,3.40,-0.75,-4.70,1.12,-0.24,-0.73,0.20,0.08,-0.01,-0.10,1.97,0.36,0.45,-0.01,0.05,-0.28,-0.02,0.32,-0.31
9.96,-4.29,-7.36,-0.00,1.83,1.76,4.70,-0.81,-4.44,0.63,-0.25,-0.54,0.07,0.08,0.13,-0.02,1.93,0.54,0.45,0.13,0.13,-0.03,0.12,0.52,-0.04
9.91,-4.27,-8.03,2.31,1.86,1.22,2.63,-0.54,-0.62,0.07,-0.24,-0.19,0.01,-0.01,0.07,-0.11,1.43,0.55,0.49,-0.11,0.16,-0.18,-0.14,0.58,-0.25
9.86,-3.94,-7.95,2.90,1.38,1.10,2.83,-0.26,0.01,1.87,-0.17,0.00,0.48,0.23,0.04,-0.18,1.04,0.31,0.48,-0.06,0.06,-0.00,-0.20,0.42,-0.00
9.76,-2.70,-8.01,4.59,1.17,0.98,1.14,-0.42,0.23,-0.69,-0.36,0.21,-0.52,-0.05,-0.10,0.05,0.78,0.35,0.51,0.07,0.04,0.16,0.26,0.20,0.40
9.72,-2.26,-8.05,4.78,0.65,0.95,1.13,-0.15,0.24,-0.39,-0.25,0.22,-0.53,-0.13,-0.18,0.02,0.67,0.30,0.46,-0.01,-0.03,0.14,-0.05,-0.21,0.45
9.79,-2.89,-7.72,5.09,0.73,1.13,1.46,0.12,-0.45,-0.48,0.15,-0.27,-0.45,-0.04,0.02,-0.02,0.98,0.27,0.38,0.06,0.03,0.23,0.21,0.26,0.60
9.75,-2.51,-8.38,2.86,0.43,1.20,3.03,-0.34,-0.74,0.24,-0.66,-0.20,0.18,-0.75,0.17,0.01,1.47,0.59,0.33,-0.20,-0.10,-0.23,-0.23,-0.53,-0.48
9.99,-2.90,-5.43,-3.45,1.65,4.11,5.62,-4.62,-18.80,4.02,-0.68,-0.81,0.43,-0.45,0.13,-0.22,2.25,0.85,0.57,0.20,0.02,-0.70,0.10,0.03,-0.55
11.36,-2.52,-5.83,-3.81,2.94,5.45,6.97,-0.01,-34.09,-5.72,-0.00,-0.90,-0.28,0.43,-0.15,-0.21,2.29,1.01,0.80,1.28,0.54,0.20,0.56,0.67,0.11
12.79,-1.78,-8.37,-1.45,3.18,6.52,7.74,15.83,-46.40,-20.44,0.76,-0.92,-0.83,0.03,-0.12,0.14,2.42,1.22,1.23,2.04,1.39,1.71,0.69,0.93,0.58
12.96,-2.05,-6.75,-4.24,2.67,8.10,7.19,18.32,-56.14,-15.76,0.85,-0.96,-0.82,-0.19,-0.10,0.22,2.43,1.33,1.58,2.52,2.01,2.64,0.78,0.96,0.69
13.27,-2.44,-6.35,-4.87,2.21,8.98,6.62,15.95,-57.57,-11.34,0.80,-0.97,-0.77,-0.14,-0.16,0.10,2.45,1.30,1.72,2.42,2.17,3.00,0.76,0.97,0.71
13.75,-2.40,-6.51,-4.60,2.38,9.43,6.98,19.12,-63.81,-13.97,0.85,-0.97,-0.84,-0.06,-0.21,0.01,2.54,1.28,1.73,2.50,2.15,3.24,0.77,0.97,0.74
13.62,-2.19,-6.82,-4.43,2.52,9.02,7.16,19.69,-62.73,-15.63,0.87,-0.97,-0.86,0.07,-0.17,0.13,2.43,1.27,1.60,2.38,1.99,2.92,0.77,0.97,0.75
12.95,-2.26,-7.25,-3.77,2.19,8.09,6.92,14.04,-53.95,-11.60,0.79,-0.96,-0.77,0.49,0.07,0.26,2.40,1.28,1.44,2.58,1.72,2.61,0.84,0.93,0.76
11.63,-2.43,-7.56,0.47,1.63,5.72,7.04,6.64,-28.45,-6.49,0.71,-0.71,-0.57,0.24,-0.06,0.22,2.57,1.27,1.08,2.81,0.86,1.21,0.86,0.63,0.43
11.56,-2.37,-6.18,-0.89,1.76,6.87,7.15,6.56,-29.84,-5.04,0.54,-0.61,-0.40,-0.48,-0.30,0.01,2.62,1.09,1.24,2.33,0.73,1.49,0.82,0.54,0.46
11.33,-1.36,-6.49,-3.06,2.14,6.83,5.95,4.11,-23.65,-0.53,0.28,-0.58,-0.04,0.45,-0.11,-0.05,3.30,0.84,1.26,1.95,0.72,0.95,0.70,0.68,0.23
10.95,-0.61,-8.64,-1.03,2.02,4.69,5.42,6.02,-13.10,-4.27,0.64,-0.52,-0.39,0.50,-0.06,0.12,2.98,0.71,0.96,1.13,0.30,-0.70,0.54,0.44,-0.25
11.81,-0.72,-8.83,-1.89,2.64,5.45,5.89,11.01,-24.79,-11.97,0.77,-0.77,-0.77,-0.09,-0.13,0.07,1.69,1.07,0.97,0.99,0.62,0.31,0.55,0.60,0.19
12.12,-1.05,-8.86,0.69,2.77,3.51,7.56,6.60,-15.63,-17.57,0.68,-0.59,-0.84,0.12,-0.03,0.02,1.66,1.53,0.56,1.81,0.35,0.13,0.71,0.40,0.13
11.24,-1.58,-8.11,0.82,2.12,3.51,7.14,1.49,-15.27,-11.29,0.20,-0.61,-0.75,-0.59,-0.07,0.03,2.68,1.30,0.43,1.45,0.07,0.72,0.42,0.13,0.62
10.11,-2.18,-6.03,-2.98,1.44,4.29,6.15,-0.03,-19.88,-2.51,-0.00,-0.75,-0.28,-0.73,-0.14,-0.01,3.30,0.42,0.46,0.32,0.06,1.18,0.23,0.29,0.78
10.20,-2.87,-4.36,-2.73,1.02,4.62,7.48,2.03,-24.53,-3.77,0.43,-0.71,-0.49,-0.02,-0.04,0.05,3.51,0.30,0.63,0.35,0.08,1.72,0.33,0.41,0.78
10.16,-2.81,-4.50,-3.31,1.06,4.81,6.93,1.51,-22.27,-3.44,0.30,-0.67,-0.47,-0.64,-0.00,-0.08,3.56,0.48,0.73,0.89,0.14,1.94,0.51,0.40,0.75
10.02,-2.61,-3.29,-7.42,0.82,3.72,3.89,-0.79,-11.13,0.65,-0.26,-0.77,0.21,-0.78,-0.09,-0.13,2.91,0.69,0.58,1.46,0.27,1.20,0.73,0.68,0.71
10.47,-2.48,-4.23,-6.92,1.53,4.51,4.54,2.06,-17.72,-3.08,0.30,-0.86,-0.44,0.74,0.11,0.13,2.34,0.88,0.68,1.60,0.54,1.15,0.78,0.91,0.73
11.39,-2.03,-7.64,-2.07,3.11,3.92,7.05,6.79,-18.39,-15.78,0.56,-0.67,-0.72,0.96,0.24,0.19,2.09,1.27,0.65,1.65,0.59,0.74,0.62,0.71,0.54
12.62,-2.66,-8.04,0.54,3.59,5.61,7.92,9.53,-20.02,-19.86,0.47,-0.45,-0.70,-0.07,-0.03,0.06,2.33,1.50,1.04,2.56,0.57,0.93,0.73,0.37,0.38
13.01,-2.62,-6.10,-2.49,2.69,8.71,7.57,12.33,-37.40,-10.35,0.53,-0.57,-0.51,0.01,-0.02,0.00,2.86,1.28,1.44,2.98,0.93,2.25,0.81,0.50,0.54
11.43,-0.81,-5.88,-1.95,1.84,7.03,7.12,3.40,-25.75,4.31,0.26,-0.51,0.33,0.76,0.02,0.03,3.27,0.87,1.11,2.17,0.54,0.86,0.76,0.56,0.24
9.84,-0.15,-5.99,-2.45,1.21,2.66,7.01,-1.33,-11.18,3.90,-0.41,-0.60,0.46,0.04,-0.14,0.07,3.40,0.59,0.70,1.36,0.09,-0.20,0.67,0.21,-0.08
10.09,-0.89,-4.26,-7.23,1.17,4.05,4.09,-0.12,-12.22,1.54,-0.03,-0.74,0.32,-0.76,-0.11,0.04,2.69,0.70,0.76,1.10,0.27,1.00,0.59,0.50,0.49
10.87,-1.63,-3.85,-7.63,1.48,5.43,4.27,4.53,-20.55,-3.53,0.56,-0.89,-0.56,-0.09,-0.05,0.11,2.59,0.78,0.90,1.44,0.42,1.41,0.71,0.60,0.61
11.06,-1.54,-5.85,-4.90,1.89,6.09,5.79,6.33,-25.09,-2.29,0.55,-0.71,-0.21,0.42,0.03,0.13,3.11,0.76,1.07,1.82,0.47,1.13,0.77,0.58,0.34
10.49,-0.39,-7.88,-0.25,1.66,4.08,6.06,3.19,-9.54,2.86,0.47,-0.39,0.29,0.17,0.06,-0.03,3.45,0.67,0.76,1.36,0.15,-0.11,0.59,0.30,-0.04
10.52,-0.75,-5.53,-3.69,1.66,4.34,6.92,-2.12,-16.84,7.50,-0.29,-0.56,0.65,-0.50,-0.22,-0.19,3.00,0.85,0.79,1.44,0.33,0.40,0.56,0.49,0.17
10.82,-1.72,-4.96,-7.26,1.53,5.26,3.74,2.40,-14.92,-1.79,0.30,-0.76,-0.31,-0.03,-0.06,0.07,2.40,1.01,1.00,2.00,0.67,1.56,0.82,0.67,0.65
10.69,-1.44,-7.13,-4.06,1.68,5.18,5.18,2.31,-13.97,-0.58,0.27,-0.52,-0.07,0.41,0.12,0.16,2.76,0.81,0.87,1.64,0.36,0.49,0.73,0.51,0.20
10.30,-1.09,-7.80,-0.63,1.62,4.07,5.90,-0.03,-7.54,2.35,-0.00,-0.31,0.25,-0.12,-0.03,-0.02,3.50,0.69,0.77,1.72,0.18,-0.16,0.71,0.34,-0.06
10.00,-1.26,-6.13,-3.55,1.39,2.99,6.43,-1.30,-14.16,2.94,-0.31,-0.74,0.33,0.10,0.06,0.02,3.07,0.88,0.57,1.70,0.16,0.11,0.63,0.32,0.06
10.73,-1.62,-5.84,-6.25,1.91,5.22,4.26,4.10,-19.55,-2.45,0.41,-0.88,-0.30,0.15,0.14,-0.03,2.43,0.88,0.90,1.45,0.24,0.90,0.68,0.30,0.41
10.78,-0.13,-7.77,-3.30,2.43,5.16,4.81,4.84,-19.35,-1.31,0.39,-0.78,-0.11,0.20,-0.12,-0.01,2.86,0.73,0.94,1.02,0.24,0.49,0.49,0.35,0.18
11.34,0.34,-8.01,-3.15,2.13,5.46,5.54,6.51,-22.85,-3.57,0.56,-0.75,-0.30,-0.01,-0.23,0.01,2.83,1.00,0.98,1.62,0.67,0.83,0.57,0.68,0.30
12.34,-0.75,-7.04,-4.80,2.11,7.52,5.68,10.24,-35.67,-7.34,0.65,-0.84,-0.61,0.11,0.01,0.09,2.71,1.08,1.25,2.33,0.99,2.30,0.80,0.73,0.68
10.93,0.40,-6.65,-2.44,1.89,5.72,6.48,3.81,-19.74,1.99,0.35,-0.53,0.16,0.85,-0.06,0.08,3.24,0.80,0.93,2.08,0.36,0.92,0.80,0.48,0.30
9.97,0.80,-6.53,-0.92,1.22,2.32,7.13,-0.96,-9.49,4.21,-0.34,-0.57,0.48,0.03,-0.09,-0.05,3.27,0.66,0.43,1.25,0.01,0.11,0.58,0.03,0.08
11.18,-1.19,-6.55,-3.56,2.37,4.90,6.99,6.84,-23.48,-4.14,0.59,-0.69,-0.25,-0.27,-0.02,0.14,2.67,0.75,0.83,0.82,0.37,1.14,0.41,0.59,0.51
10.89,-0.94,-7.20,-2.91,2.54,4.92,6.20,6.34,-17.90,-3.03,0.51,-0.59,-0.19,0.30,-0.00,0.13,3.08,0.74,0.98,1.43,0.20,0.41,0.62,0.27,0.14
9.71,0.15,-7.53,-0.66,1.09,2.33,5.78,0.10,0.00,1.83,0.04,0.00,0.29,0.46,-0.03,-0.01,3.37,0.59,0.68,1.54,-0.15,-0.61,0.78,-0.38,-0.27
10.44,-1.08,-8.68,0.29,2.59,3.59,5.01,7.41,-7.89,-6.48,0.80,-0.44,-0.50,0.58,-0.04,0.10,2.44,0.69,0.69,0.75,0.30,-0.32,0.45,0.64,-0.19
11.22,-2.25,-8.94,2.38,3.01,3.76,5.50,8.30,-10.03,-12.60,0.73,-0.49,-0.76,0.47,-0.04,0.11,1.47,1.03,0.70,0.17,0.41,-0.07,0.11,0.57,-0.07
11.30,-2.39,-8.19,1.87,2.61,4.77,6.35,7.88,-14.06,-11.38,0.63,-0.46,-0.69,-0.25,-0.16,0.10,1.97,1.02,0.97,0.14,0.31,0.21,0.07,0.32,0.11
11.12,-1.82,-8.19,0.20,2.69,5.51,5.71,10.26,-12.02,-4.73,0.69,-0.38,-0.31,-0.08,-0.14,-0.01,2.43,0.64,1.23,0.29,0.21,-0.45,0.19,0.27,-0.15
10.48,-1.22,-8.92,1.08,2.35,3.57,4.27,5.22,-1.35,-1.58,0.62,-0.09,-0.16,0.48,0.11,0.11,2.39,0.48,0.91,0.25,0.06,-0.93,0.21,0.15,-0.43
9.95,-1.77,-8.97,0.47,1.64,2.20,3.68,0.94,-3.32,-2.37,0.26,-0.41,-0.39,-0.51,0.16,0.17,2.72,0.50,0.47,0.26,0.02,0.16,0.19,0.07,0.13
10.16,-2.63,-7.33,-0.52,1.23,2.94,6.19,0.33,-7.17,-2.53,0.09,-0.39,-0.33,-0.12,0.01,-0.01,2.90,0.85,0.48,0.93,-0.04,0.36,0.38,-0.09,0.26
10.78,-2.92,-6.92,-0.01,2.21,3.54,7.47,4.44,-12.35,-9.29,0.57,-0.47,-0.56,-0.23,-0.17,0.09,2.20,1.02,0.69,1.45,0.22,0.19,0.64,0.31,0.13
10.94,-2.91,-7.91,1.61,2.31,3.86,6.40,6.57,-10.37,-9.01,0.74,-0.42,-0.61,-0.32,-0.13,0.15,2.47,0.85,0.77,1.29,0.37,0.20,0.61,0.57,0.10
10.40,-2.72,-8.22,1.44,1.36,2.98,5.11,2.50,-4.77,-1.11,0.61,-0.31,-0.16,0.24,0.08,0.02,3.07,0.58,0.57,0.88,0.14,-0.33,0.50,0.44,-0.19
9.97,-2.42,-7.32,-3.08,1.10,2.26,5.03,0.88,-6.59,-0.92,0.35,-0.58,-0.17,-0.33,0.02,-0.01,2.86,0.66,0.58,0.96,0.15,0.43,0.51,0.40,0.26
9.96,-2.80,-3.46,-7.97,1.28,3.42,1.80,-1.30,-4.76,0.11,-0.30,-0.77,0.05,-0.70,-0.11,-0.04,1.89,0.69,0.62,0.89,0.21,0.83,0.69,0.49,0.71
10.46,-3.35,-1.78,-7.54,1.60,5.50,3.67,4.94,-17.99,-3.12,0.56,-0.89,-0.53,0.44,0.05,0.12,1.71,0.24,0.90,0.24,0.15,0.86,0.57,0.66,0.56
10.40,-2.62,-6.52,-2.50,1.79,5.47,5.41,4.60,-19.64,-1.80,0.47,-0.66,-0.18,0.97,0.05,0.14,2.72,0.35,0.98,0.68,0.10,0.22,0.71,0.29,0.08
9.83,-2.74,-8.49,1.40,1.29,1.91,3.50,0.49,0.41,0.77,0.20,0.06,0.17,0.23,0.02,0.08,2.58,0.49,0.45,0.71,-0.09,-0.71,0.56,-0.39,-0.62
9.89,-3.28,-8.71,1.25,1.23,1.28,2.79,0.02,0.54,2.47,0.02,0.15,0.72,-0.10,0.10,-0.10,1.60,0.53,0.49,0.57,-0.16,-0.43,0.66,-0.62,-0.55
9.98,-3.28,-8.53,2.33,1.80,1.43,2.72,-0.36,1.36,0.60,-0.14,0.35,0.12,0.24,0.17,-0.03,1.64,0.39,0.66,0.41,-0.02,-0.02,0.63,-0.07,-0.02
9.66,-2.31,-8.25,3.65,2.10,1.40,1.57,-0.68,0.07,-0.36,-0.23,0.03,-0.11,0.20,0.07,0.02,1.52,0.30,0.70,0.22,0.18,0.42,0.47,0.84,0.40
10.17,-2.47,-8.68,3.04,2.48,2.17,3.06,0.95,-3.86,-2.10,0.18,-0.58,-0.28,-0.02,-0.01,-0.02,1.68,0.45,0.75,0.25,0.24,0.31,0.33,0.71,0.24
10.79,-3.83,-8.62,2.00,2.92,3.08,4.03,4.30,-8.74,-6.92,0.48,-0.70,-0.59,-0.20,0.03,0.12,1.92,0.53,0.76,0.30,0.32,0.45,0.29,0.79,0.31
10.64,-3.45,-8.53,1.20,2.74,3.92,3.86,7.49,-11.59,-8.53,0.70,-0.76,-0.81,0.25,0.04,0.01,1.72,0.55,0.71,0.27,0.33,0.39,0.28,0.83,0.32
10.26,-3.29,-8.65,1.82,1.69,3.11,3.15,3.99,-6.50,-4.63,0.76,-0.66,-0.87,0.08,-0.01,-0.05,1.34,0.44,0.51,0.15,0.18,0.13,0.26,0.78,0.18
10.37,-2.14,-8.89,1.73,2.38,2.52,3.94,3.17,-7.49,-6.70,0.53,-0.75,-0.71,0.00,-0.04,0.07,1.20,0.69,0.60,0.36,0.29,0.26,0.44,0.70,0.36
10.89,-3.61,-8.29,2.51,2.92,2.78,4.89,5.06,-9.22,-11.67,0.62,-0.68,-0.82,0.01,0.08,0.11,1.61,0.90,0.68,0.54,0.52,0.19,0.38,0.85,0.17
10.39,-3.55,-8.33,2.97,2.90,1.61,3.41,1.67,-2.07,-6.12,0.36,-0.38,-0.62,0.10,0.04,-0.03,1.55,0.77,0.63,0.01,0.40,-0.18,0.00,0.81,-0.18
10.00,-3.57,-8.20,3.01,2.40,1.13,2.53,0.15,-0.59,-2.06,0.05,-0.20,-0.34,0.17,-0.08,-0.16,1.39,0.67,0.58,-0.28,0.34,-0.24,-0.30,0.88,-0.30
10.07,-2.80,-8.30,3.33,2.51,1.46,3.03,-0.67,-0.32,-3.97,-0.18,-0.07,-0.52,-0.09,-0.03,0.06,1.33,0.67,0.56,-0.10,0.30,-0.19,-0.11,0.82,-0.26
10.25,-2.46,-8.69,2.93,2.71,1.53,2.95,-1.63,0.85,-4.89,-0.39,0.19,-0.61,-0.18,0.03,-0.02,1.66,0.61,0.56,0.16,0.20,0.13,0.15,0.60,0.14
10.11,-3.00,-8.70,2.92,2.15,1.79,2.02,-1.47,0.13,-2.52,-0.38,0.04,-0.58,0.03,0.01,0.05,1.62,0.49,0.51,0.18,0.07,0.28,0.23,0.27,0.34
9.82,-1.98,-9.02,1.53,1.98,1.66,2.21,-0.31,-0.21,-1.92,-0.10,-0.06,-0.44,-0.09,-0.17,-0.11,0.94,0.36,0.56,-0.00,0.08,0.14,-0.00,0.42,0.26
9.81,-0.18,-9.33,-1.79,1.18,0.72,2.02,0.36,-1.07,-2.02,0.42,-0.73,-0.85,0.22,0.01,0.15,0.30,0.17,0.28,0.02,0.00,0.06,0.31,0.06,0.69
9.88,3.33,-7.62,-0.60,3.21,1.80,3.82,5.11,-5.66,-8.16,0.88,-0.82,-0.67,0.66,-0.02,0.05,1.18,0.11,0.27,-0.02,-0.01,0.22,-0.12,-0.20,0.67
10.51,7.80,-5.44,-1.09,2.55,1.70,3.33,3.28,-2.43,-1.70,0.75,-0.43,-0.20,0.52,-0.44,-0.39,1.28,0.46,0.65,0.34,0.24,0.60,0.59,0.82,0.73
10.75,9.20,-4.80,-0.65,2.18,1.74,1.75,0.80,-1.67,-2.06,0.21,-0.55,-0.54,-0.05,-0.21,-0.06,0.54,0.75,0.96,0.12,0.66,0.24,0.29,0.91,0.47
10.33,7.94,-5.77,0.71,2.07,2.20,2.02,0.76,-1.23,-1.93,0.17,-0.28,-0.46,0.32,0.10,0.49,1.19,0.71,0.76,-0.13,0.36,0.45,-0.15,0.66,0.50
10.34,7.97,-5.91,1.23,1.96,1.93,1.58,0.15,-0.83,-0.97,0.04,-0.27,-0.31,-0.07,-0.38,-0.09,1.26,0.70,0.75,0.14,0.37,0.70,0.16,0.69,0.75
10.84,8.72,-6.15,0.56,1.65,1.70,1.21,-1.09,-1.11,0.00,-0.39,-0.54,0.00,-0.05,0.09,0.22,0.75,0.81,0.74,0.40,0.56,0.41,0.67,0.94,0.75
11.22,8.79,-6.48,1.11,2.02,1.56,1.48,-0.53,-0.15,-1.78,-0.17,-0.06,-0.60,0.02,-0.04,0.04,0.91,0.86,0.89,0.37,0.70,0.50,0.47,0.92,0.61
10.79,8.55,-6.19,0.72,1.92,1.74,1.45,-1.17,-0.88,-0.82,-0.35,-0.35,-0.29,-0.15,-0.18,-0.06,0.81,0.78,0.86,0.28,0.61,0.42,0.45,0.92,0.60
10.18,7.70,-6.28,0.78,1.84,1.78,1.25,-0.74,-1.28,-0.84,-0.22,-0.57,-0.37,0.08,0.19,0.31,0.66,0.60,0.83,0.09,0.44,0.25,0.22,0.88,0.46
10.73,8.50,-6.14,0.49,2.37,1.39,1.25,-0.55,-0.62,-1.77,-0.17,-0.36,-0.60,-0.05,-0.25,-0.23,0.60,0.70,0.94,0.09,0.60,0.23,0.21,0.90,0.41
11.17,9.03,-6.14,0.34,2.46,1.77,1.22,-0.72,-0.57,-1.71,-0.16,-0.26,-0.57,0.05,0.03,0.07,0.77,0.83,0.96,0.09,0.71,0.27,0.14,0.90,0.37
11.14,8.98,-6.18,0.60,2.47,1.65,1.12,-0.50,-0.43,-1.70,-0.12,-0.23,-0.62,0.02,-0.12,-0.09,0.78,0.77,0.92,0.06,0.62,0.24,0.09,0.87,0.33
11.31,8.90,-6.71,0.82,2.15,1.52,1.01,-1.06,-0.91,-0.45,-0.32,-0.59,-0.21,0.09,0.02,-0.05,0.47,0.85,0.91,0.18,0.68,0.22,0.45,0.89,0.51
10.95,8.26,-6.57,0.93,2.60,1.85,1.85,-1.11,-0.84,-1.84,-0.23,-0.25,-0.38,0.02,0.23,0.06,0.71,0.75,0.90,0.04,0.54,0.19,0.07,0.80,0.30
10.43,8.16,-5.99,0.46,2.65,1.51,1.66,-1.30,-0.09,-1.85,-0.32,-0.04,-0.42,-0.13,-0.19,-0.27,0.57,0.68,0.80,-0.09,0.42,0.03,-0.23,0.78,0.06
10.52,7.68,-6.77,1.24,2.52,1.67,1.27,-2.44,-0.29,-1.04,-0.58,-0.14,-0.32,0.07,0.24,0.33,0.63,0.78,0.77,0.16,0.49,0.09,0.32,0.82,0.20
11.34,8.71,-6.59,0.94,2.86,1.92,1.64,-1.02,-0.54,-2.86,-0.19,-0.17,-0.61,0.02,-0.11,-0.19,0.71,0.80,1.04,0.16,0.68,0.19,0.28,0.82,0.26
11.74,9.60,-6.25,0.33,2.63,2.28,1.44,-0.74,-1.55,-0.92,-0.12,-0.47,-0.24,0.04,-0.03,-0.12,0.86,0.84,1.04,-0.15,0.72,0.11,-0.21,0.83,0.13
11.13,8.35,-6.36,0.58,3.40,2.45,1.79,-0.01,-0.40,-1.77,-0.00,-0.09,-0.29,-0.00,0.13,0.16,1.31,0.85,0.99,-0.20,0.48,0.37,-0.18,0.57,0.29
10.66,8.08,-6.18,0.29,3.25,1.89,1.46,-0.98,1.07,-2.15,-0.16,0.39,-0.45,0.03,-0.23,-0.23,1.08,0.68,0.95,-0.01,0.34,0.45,-0.01,0.53,0.43
10.45,7.72,-6.53,1.25,2.59,1.93,1.48,-1.75,-0.76,-1.75,-0.35,-0.27,-0.46,0.20,0.00,0.11,1.11,0.60,0.85,-0.09,0.38,0.39,-0.13,0.74,0.41
10.56,7.64,-6.77,1.69,2.31,2.15,1.34,-2.44,-1.58,-0.02,-0.49,-0.55,-0.00,-0.12,-0.36,-0.22,1.17,0.71,0.80,0.08,0.45,0.50,0.09,0.80,0.53
11.40,8.65,-7.13,0.75,2.43,2.03,1.16,-2.29,-1.23,-0.06,-0.46,-0.52,-0.02,-0.12,0.05,0.17,0.88,0.96,0.97,0.22,0.84,0.42,0.26,0.89,0.49
11.43,8.29,-7.38,1.25,2.77,1.67,1.42,-1.61,-0.32,-1.72,-0.35,-0.13,-0.44,0.06,0.07,0.07,1.01,0.95,1.15,0.17,0.99,0.51,0.18,0.91,0.44
10.44,7.91,-6.37,0.96,2.17,1.97,1.58,-2.25,-2.03,-0.03,-0.53,-0.65,-0.01,0.11,-0.29,-0.30,0.74,0.84,0.97,0.43,0.79,0.56,0.69,0.97,0.79
10.06,7.38,-6.40,0.73,2.33,2.05,1.36,-1.96,-1.91,-0.25,-0.41,-0.68,-0.08,0.15,0.35,0.35,0.53,0.74,0.84,0.26,0.58,0.35,0.66,0.93,0.79
10.85,7.67,-7.36,1.02,2.81,1.80,1.03,-3.49,-0.48,-0.39,-0.69,-0.26,-0.14,-0.09,-0.13,-0.28,0.52,0.80,1.04,0.19,0.73,0.32,0.45,0.89,0.59
11.69,8.54,-7.77,0.24,2.55,2.04,0.85,-2.34,-0.56,-0.34,-0.45,-0.32,-0.16,0.11,-0.02,0.03,0.61,0.84,1.15,0.16,0.83,0.39,0.31,0.86,0.55
11.39,7.81,-7.92,-0.04,2.89,2.20,1.00,-1.92,-1.10,-0.16,-0.30,-0.50,-0.05,0.05,0.25,0.10,0.62,0.61,1.14,0.08,0.53,0.39,0.21,0.77,0.56
11.08,8.08,-6.59,0.55,3.41,3.05,1.66,1.13,-1.80,0.41,0.11,-0.36,0.07,-0.16,0.00,-0.50,0.93,0.98,0.89,-0.57,0.56,-0.16,-0.63,0.64,-0.20
10.61,7.75,-6.15,1.39,3.25,2.69,1.66,2.15,-1.94,-1.06,0.25,-0.43,-0.20,-0.16,0.18,-0.14,1.11,1.08,0.99,-0.56,0.78,-0.02,-0.47,0.73,-0.02
10.19,7.37,-6.64,0.67,2.52,1.75,1.34,-1.77,-0.06,-1.21,-0.40,-0.02,-0.36,-0.29,-0.07,-0.33,0.70,0.67,1.01,0.08,0.58,0.35,0.17,0.86,0.50
11.00,8.32,-7.01,0.55,2.23,2.11,1.01,-3.49,-0.47,-0.40,-0.74,-0.22,-0.18,0.27,0.09,0.21,0.76,0.52,1.06,0.19,0.50,0.53,0.48,0.92,0.66
11.83,8.74,-7.23,2.16,2.33,2.13,1.83,-2.88,1.28,-0.28,-0.58,0.33,-0.06,0.08,-0.45,0.39,1.35,1.01,0.83,0.38,0.64,0.43,0.28,0.76,0.38
11.31,8.50,-6.73,1.79,2.65,2.23,2.03,-3.29,0.06,0.81,-0.56,0.01,0.15,-0.39,-0.31,0.32,1.32,1.16,0.83,0.01,0.55,0.49,0.01,0.57,0.45
10.23,6.90,-7.00,1.37,2.60,2.27,1.42,-1.92,-1.91,-0.89,-0.32,-0.59,-0.24,-0.06,0.36,0.44,1.02,0.61,0.99,-0.08,0.30,0.60,-0.13,0.49,0.60
10.37,7.05,-7.08,1.45,2.42,2.23,1.32,-1.96,-1.34,-1.15,-0.36,-0.46,-0.36,-0.16,-0.14,-0.43,0.73,0.48,1.08,0.05,0.40,0.47,0.16,0.77,0.60
11.42,8.26,-7.36,0.79,2.72,2.71,1.16,-0.67,-1.98,-0.97,-0.09,-0.63,-0.31,0.09,0.06,0.20,0.86,0.58,1.28,0.01,0.48,0.62,0.02,0.65,0.56
11.82,8.16,-7.94,0.76,3.27,2.29,1.38,-0.36,-1.63,-1.02,-0.05,-0.51,-0.23,0.11,0.01,0.06,0.85,0.63,1.34,-0.02,0.56,0.54,-0.04,0.67,0.47
10.74,7.85,-6.89,1.27,2.70,1.98,1.40,-2.87,-0.33,0.74,-0.54,-0.12,0.20,0.10,-0.06,-0.42,0.60,0.74,1.02,0.11,0.62,0.35,0.24,0.81,0.57
10.03,7.11,-6.45,1.55,2.52,1.80,1.60,-1.32,-0.80,-0.60,-0.29,-0.28,-0.15,-0.04,0.07,-0.14,0.74,0.77,1.01,0.13,0.64,0.38,0.23,0.82,0.51
10.15,7.30,-6.55,0.90,2.75,1.76,1.46,-1.76,-0.05,-2.12,-0.36,-0.02,-0.53,-0.26,-0.13,-0.46,0.53,0.52,0.95,0.06,0.41,0.23,0.21,0.83,0.46
10.79,7.94,-6.84,1.43,2.72,2.21,1.34,-3.26,-1.37,-0.04,-0.54,-0.46,-0.01,0.06,0.25,0.37,0.70,0.53,1.01,0.07,0.44,0.34,0.20,0.83,0.48
11.85,8.45,-7.77,1.89,2.88,2.15,1.12,-2.84,-1.25,0.46,-0.46,-0.52,0.14,0.02,-0.11,-0.11,0.75,0.78,1.28,0.04,0.87,0.30,0.07,0.87,0.31
12.36,9.22,-6.54,1.92,4.08,3.72,2.48,3.83,-4.93,-1.96,0.25,-0.53,-0.19,0.02,-0.08,-0.35,1.63,1.19,1.13,-0.97,0.64,0.22,-0.50,0.48,0.12
11.25,8.12,-5.97,1.20,4.39,3.58,2.78,5.46,-4.38,-1.68,0.35,-0.44,-0.14,0.00,0.22,0.23,1.64,1.08,1.11,-0.96,0.37,0.33,-0.54,0.31,0.18
10.27,7.48,-6.55,0.47,3.02,1.98,1.12,-2.01,0.28,-1.44,-0.34,0.13,-0.43,-0.12,-0.14,-0.31,0.54,0.47,1.05,0.00,0.35,0.28,0.01,0.71,0.50
11.44,8.52,-6.68,1.05,3.64,2.63,1.82,0.36,-2.17,-2.83,0.04,-0.45,-0.43,0.02,0.14,0.34,1.12,0.64,1.07,-0.35,0.26,0.40,-0.49,0.38,0.33
12.42,8.77,-7.30,1.13,4.32,2.67,2.10,4.08,-3.09,-2.55,0.35,-0.55,-0.28,0.05,0.00,-0.06,1.30,0.74,1.35,-0.47,0.36,0.50,-0.49,0.36,0.28
11.51,8.49,-6.52,1.69,3.65,3.09,1.93,-0.82,-2.98,0.52,-0.07,-0.50,0.07,-0.10,0.09,-0.29,1.13,0.99,1.33,-0.49,0.94,-0.03,-0.44,0.71,-0.02
10.95,7.69,-6.34,2.47,3.56,3.43,1.89,-2.99,-3.14,-0.27,-0.25,-0.49,-0.04,-0.11,-0.06,0.04,1.47,1.14,1.18,-0.45,0.93,0.18,-0.27,0.70,0.10
10.70,7.62,-6.07,1.86,3.46,2.95,1.76,-0.33,-1.92,-2.21,-0.03,-0.37,-0.36,0.17,-0.42,-0.49,1.47,0.87,0.71,-0.14,0.11,0.69,-0.11,0.18,0.65
10.53,8.54,-4.94,2.28,2.99,1.92,1.81,-1.48,-0.67,-1.24,-0.26,-0.19,-0.23,0.47,0.38,0.07,1.04,1.11,0.72,-0.17,0.49,0.32,-0.15,0.62,0.43
11.31,9.12,-5.26,3.53,2.89,1.26,1.56,-2.69,0.21,-0.18,-0.74,0.11,-0.04,-0.20,-0.07,0.02,0.97,1.30,0.61,0.63,0.67,0.36,0.51,0.85,0.62
11.53,8.97,-6.23,3.28,2.24,1.76,1.41,-2.30,-0.85,2.00,-0.58,-0.34,0.63,-0.25,-0.12,0.20,0.82,1.04,0.75,0.60,0.68,0.50,0.70,0.87,0.83
10.94,7.95,-6.71,2.93,2.52,2.00,1.05,-4.01,-0.84,0.36,-0.80,-0.40,0.14,0.06,0.21,0.18,0.72,0.83,0.89,0.32,0.68,0.41,0.53,0.91,0.64
10.22,7.72,-6.03,2.05,2.44,2.00,1.45,-3.19,-1.16,-0.59,-0.65,-0.40,-0.17,-0.26,-0.37,-0.34,0.68,0.67,0.86,0.11,0.43,0.33,0.24,0.74,0.57
10.55,8.17,-6.39,0.83,2.62,2.16,1.07,-3.39,-0.95,0.77,-0.60,-0.41,0.27,0.04,0.13,0.33,0.79,0.76,0.98,0.09,0.55,0.42,0.15,0.74,0.54
11.56,8.62,-7.50,0.80,2.71,1.78,0.88,-3.34,-0.64,0.78,-0.69,-0.41,0.33,0.00,-0.04,-0.14,0.64,0.79,1.13,0.16,0.77,0.34,0.31,0.86,0.47
11.23,8.69,-6.81,1.21,2.71,1.96,0.88,-3.56,-0.53,0.08,-0.67,-0.30,0.03,-0.04,-0.06,-0.20,0.55,0.75,1.07,0.13,0.75,0.26,0.32,0.93,0.44
10.89,8.52,-6.46,1.02,3.05,1.95,1.13,-4.25,-0.90,0.20,-0.71,-0.41,0.06,-0.02,0.01,-0.09,0.66,0.69,1.03,0.07,0.66,0.16,0.16,0.92,0.24
10.70,8.50,-6.01,1.09,2.81,2.13,1.45,-2.72,-1.32,-0.08,-0.45,-0.43,-0.02,0.14,-0.22,-0.43,0.72,0.79,0.82,0.22,0.49,0.30,0.39,0.76,0.51
10.37,8.23,-5.45,2.17,3.04,1.87,1.56,-1.74,-1.95,0.55,-0.31,-0.67,0.12,0.19,0.34,0.21,0.75,1.05,0.76,0.12,0.63,0.20,0.16,0.78,0.36
11.03,8.62,-6.32,1.77,2.92,1.95,1.49,-3.51,-0.67,0.84,-0.62,-0.23,0.19,-0.41,-0.07,-0.25,0.58,1.07,0.89,0.25,0.83,0.26,0.40,0.86,0.51
11.60,9.17,-6.90,0.83,2.12,2.03,0.99,-3.23,-1.20,0.47,-0.75,-0.60,0.22,-0.05,0.02,0.16,0.70,0.88,1.10,0.46,0.91,0.65,0.74,0.95,0.84
11.31,8.46,-7.14,1.13,2.87,1.67,1.02,-3.04,-0.36,-1.12,-0.63,-0.21,-0.38,0.13,0.04,0.19,0.59,0.85,1.13,0.36,0.94,0.53,0.73,0.98,0.80
10.37,7.93,-6.39,0.96,2.76,1.62,0.75,-2.85,-0.17,-1.08,-0.64,-0.14,-0.52,-0.18,-0.29,-0.35,0.54,0.61,0.91,0.20,0.50,0.39,0.61,0.91,0.80
10.26,8.01,-6.06,1.30,2.40,1.64,1.00,-2.70,-0.34,-0.87,-0.68,-0.21,-0.36,0.20,0.26,0.37,0.58,0.54,0.86,0.13,0.42,0.31,0.43,0.90,0.63
11.07,8.19,-6.54,3.00,2.43,1.69,1.69,-2.73,-0.51,1.01,-0.66,-0.18,0.25,-0.08,-0.24,0.15,1.10,1.00,0.78,0.06,0.53,0.30,0.06,0.68,0.35
11.24,8.18,-6.77,2.90,2.65,1.82,1.72,-2.39,-0.64,1.35,-0.50,-0.21,0.30,-0.16,-0.22,0.25,1.11,0.96,0.76,-0.03,0.45,0.35,-0.03,0.62,0.41
11.20,8.05,-7.32,1.71,2.93,1.79,0.76,-3.07,-0.05,-0.95,-0.58,-0.04,-0.43,-0.15,-0.18,-0.07,0.90,0.76,1.04,0.19,0.68,0.54,0.27,0.87,0.58
10.96,8.40,-6.68,1.50,2.60,1.96,0.76,-3.29,-0.53,0.17,-0.65,-0.35,0.09,-0.24,-0.20,-0.24,0.82,0.75,1.00,0.18,0.61,0.48,0.30,0.82,0.59
10.28,7.83,-5.60,2.58,2.61,1.86,1.71,-2.77,0.28,-1.11,-0.57,0.09,-0.25,0.43,0.07,0.43,1.07,0.77,0.91,0.01,0.45,0.43,0.01,0.64,0.44
10.45,7.80,-5.63,3.45,2.69,1.67,1.29,-2.44,0.37,-0.31,-0.54,0.17,-0.09,-0.22,-0.29,-0.02,1.38,1.01,0.82,0.13,0.17,0.68,0.10,0.20,0.60
11.25,8.68,-6.36,2.75,2.35,1.78,1.01,-1.62,-0.82,0.81,-0.39,-0.45,0.34,-0.38,-0.05,0.44,0.97,0.87,0.94,0.13,0.05,0.69,0.15,0.06,0.75
11.64,8.26,-7.10,2.27,2.97,2.26,1.98,1.41,-1.85,-1.80,0.21,-0.42,-0.31,-0.12,-0.16,0.22,1.10,0.55,1.22,0.05,0.40,0.81,0.08,0.59,0.61
12.72,7.51,-6.77,2.51,5.38,5.29,3.09,20.46,-5.63,-5.26,0.72,-0.34,-0.32,-0.40,-0.10,-0.27,1.88,1.15,1.14,-0.51,0.23,0.38,-0.24,0.18,0.18
12.19,6.44,-7.14,1.82,5.80,5.22,2.85,21.51,-4.23,-1.30,0.71,-0.28,-0.08,-0.01,0.05,0.40,1.81,1.12,1.22,-0.79,-0.11,-0.12,-0.39,-0.08,-0.05
10.96,6.50,-7.80,1.99,3.86,2.25,1.71,0.82,-0.62,1.76,0.09,-0.16,0.27,0.01,-0.14,-0.25,0.78,0.48,1.24,-0.25,-0.09,0.00,-0.66,-0.15,0.00
11.39,7.30,-7.77,3.13,2.82,2.19,1.02,-1.99,-0.64,0.51,-0.32,-0.29,0.18,-0.07,-0.00,0.04,0.48,0.35,1.22,-0.06,0.11,0.14,-0.37,0.25,0.25
11.61,6.99,-8.30,3.07,2.93,2.01,1.11,-1.29,-0.90,1.27,-0.22,-0.40,0.39,0.02,-0.14,-0.05,0.72,0.39,1.24,-0.09,0.22,0.05,-0.33,0.46,0.06
11.46,7.17,-7.89,3.13,3.00,2.30,0.96,-1.40,-0.72,-0.46,-0.20,-0.33,-0.16,-0.05,-0.05,-0.25,0.80,0.42,1.08,-0.13,0.27,0.01,-0.37,0.58,0.01
10.51,6.92,-7.05,2.70,2.61,2.07,1.40,-1.63,-0.61,0.66,-0.30,-0.21,0.18,0.13,-0.06,0.33,1.18,0.47,0.88,-0.25,0.28,0.10,-0.44,0.67,0.10
10.22,6.43,-6.79,3.50,2.15,1.78,1.95,-1.74,-1.07,2.26,-0.45,-0.31,0.54,-0.00,-0.28,-0.18,1.17,0.55,0.71,-0.16,0.20,0.26,-0.25,0.51,0.31
10.98,7.06,-7.05,4.13,2.41,1.75,1.68,-2.32,-1.90,1.54,-0.55,-0.64,0.38,-0.20,0.12,0.27,0.52,0.65,0.73,0.01,0.32,0.19,0.02,0.68,0.51
11.64,7.36,-7.74,3.90,2.53,1.58,1.94,-0.75,-2.07,2.01,-0.19,-0.68,0.41,0.06,-0.09,-0.00,0.63,0.72,0.95,-0.13,0.53,0.00,-0.29,0.77,0.00
11.19,7.03,-7.45,4.03,2.43,1.80,1.46,-2.30,-1.14,1.43,-0.53,-0.43,0.40,-0.03,-0.12,-0.10,0.58,0.70,0.98,-0.09,0.56,0.03,-0.22,0.81,0.05
10.27,6.48,-7.10,3.09,2.15,1.73,1.28,-2.26,-0.70,0.62,-0.61,-0.32,0.23,-0.10,0.15,0.30,0.41,0.48,0.86,0.02,0.34,0.14,0.11,0.82,0.40
10.29,6.14,-7.38,3.15,2.13,1.84,1.41,-2.28,-1.22,0.45,-0.58,-0.47,0.15,0.02,-0.32,-0.28,0.37,0.48,0.67,-0.05,0.17,0.05,-0.26,0.54,0.20
11.29,7.16,-7.48,4.04,2.29,2.01,1.38,-2.39,-1.23,0.86,-0.52,-0.45,0.27,0.20,0.12,0.02,0.50,0.86,0.72,0.04,0.50,0.11,0.10,0.79,0.30
11.65,7.19,-7.41,4.89,2.47,1.59,1.55,-2.05,-1.07,0.55,-0.52,-0.43,0.14,0.12,-0.01,0.11,0.49,0.94,0.67,0.16,0.46,0.12,0.34,0.73,0.36
11.57,6.47,-7.67,5.18,2.73,1.91,2.06,-3.20,-1.91,0.98,-0.61,-0.49,0.17,0.00,-0.10,0.07,0.95,0.98,0.67,-0.03,0.08,0.06,-0.03,0.12,0.10
11.34,6.03,-8.20,3.73,2.97,2.73,2.67,-3.78,-2.35,3.12,-0.47,-0.32,0.39,-0.05,-0.09,-0.12,1.32,1.26,0.99,0.27,0.63,0.38,0.16,0.50,0.29
10.43,6.58,-7.28,1.07,2.71,2.67,2.29,-1.05,-2.88,0.46,-0.15,-0.47,0.07,-0.05,-0.39,-0.30,1.05,0.97,0.87,0.41,0.64,0.48,0.40,0.76,0.52
10.26,6.98,-7.06,0.50,2.26,1.89,1.52,-0.26,-1.35,-0.86,-0.06,-0.47,-0.25,0.15,0.30,0.27,0.69,0.72,0.64,0.24,0.38,0.29,0.48,0.81,0.65
10.88,7.16,-7.81,1.25,2.19,1.84,1.22,-1.37,-0.96,-0.28,-0.34,-0.43,-0.10,-0.11,0.00,-0.23,0.64,0.86,0.90,0.33,0.71,0.38,0.60,0.92,0.67
11.36,8.16,-7.49,0.97,2.11,2.07,1.39,-0.26,-2.02,-0.53,-0.06,-0.70,-0.18,0.07,0.02,-0.06,0.85,0.81,0.98,0.18,0.65,0.50,0.26,0.81,0.60
11.05,7.42,-7.63,1.16,2.86,1.87,1.46,-0.48,-1.50,-1.06,-0.09,-0.55,-0.25,0.16,0.10,0.12,0.80,0.83,0.96,0.08,0.64,0.35,0.12,0.80,0.45
10.43,7.07,-7.27,1.24,2.57,1.89,1.03,-1.94,-0.88,0.21,-0.40,-0.45,0.08,-0.20,-0.11,-0.29,0.60,0.92,0.87,-0.00,0.69,0.09,-0.00,0.86,0.17
10.87,7.24,-7.31,1.28,3.20,2.22,1.49,0.57,-2.59,-0.28,0.08,-0.78,-0.06,-0.06,0.13,0.33,1.01,0.95,0.97,-0.14,0.59,0.02,-0.15,0.64,0.02
11.02,7.10,-7.60,1.72,2.99,2.17,1.48,0.86,-2.10,-0.50,0.13,-0.66,-0.11,-0.09,-0.14,0.05,0.93,0.64,1.09,-0.12,0.41,0.08,-0.19,0.58,0.08
10.92,7.26,-7.67,1.61,2.04,2.05,1.19,-0.36,-1.22,-0.06,-0.09,-0.50,-0.02,0.06,0.01,0.18,0.68,0.48,0.97,-0.03,0.28,0.29,-0.10,0.59,0.45
10.95,5.03,-8.66,1.81,3.60,2.00,1.77,3.91,-2.13,-1.85,0.54,-0.60,-0.29,0.09,0.30,0.25,1.05,0.73,0.82,-0.49,-0.09,0.27,-0.64,-0.14,0.31
10.32,4.32,-8.24,2.85,2.77,1.81,1.60,4.03,-0.69,0.12,0.81,-0.24,0.03,0.14,0.00,-0.21,0.99,0.73,0.53,-0.49,-0.17,0.17,-0.68,-0.43,0.33
10.00,5.61,-7.38,3.49,0.85,0.77,0.91,0.53,-0.39,-0.55,0.81,-0.56,-0.71,0.17,-0.11,0.00,0.54,0.30,0.26,-0.10,-0.01,0.04,-0.65,-0.16,0.30
