-2.28,-9.31,1.17,0.03,-0.02,0.01
-2.27,-9.29,1.16,0.09,-0.02,0.01
-2.24,-9.37,1.16,0.13,-0.02,-0.00
-2.23,-9.41,1.24,0.13,0.00,-0.02
-2.38,-9.35,1.23,0.16,0.05,-0.03
-2.53,-9.29,1.09,0.21,0.26,-0.06
-2.74,-9.28,0.76,0.53,0.57,-0.20
-2.65,-10.37,0.98,0.45,0.93,-0.48
-2.53,-11.64,1.07,0.87,1.15,-0.91
-1.00,-14.19,2.87,0.70,0.97,-1.64
0.99,-13.97,3.54,0.48,0.27,-2.60
2.20,-11.44,3.55,-0.58,-0.59,-3.21
2.97,-8.42,2.71,-0.55,-1.18,-3.26
3.25,-6.33,1.79,-1.00,-1.34,-2.84
3.99,-5.07,1.27,-0.55,-1.25,-2.09
5.30,-5.40,1.03,-0.22,-1.13,-1.31
5.90,-6.40,0.93,0.06,-1.13,-0.82
6.86,-7.36,0.80,0.21,-1.19,-0.70
8.27,-8.03,0.78,0.06,-1.18,-0.92
7.80,-7.35,-0.05,-0.25,-1.20,-1.32
7.54,-4.91,-0.67,-0.38,-0.98,-1.38
6.25,-2.78,-2.15,0.06,-0.57,-0.80
6.66,-4.70,-1.38,1.05,-0.20,0.14
10.89,-10.72,2.10,1.20,-0.67,-0.27
8.34,-6.21,-0.81,-0.08,-1.20,-1.27
3.32,0.48,-4.57,-0.17,-0.66,-0.13
7.72,-5.31,-1.51,-0.14,0.21,1.14
12.14,-14.03,1.41,0.89,-0.78,-0.35
7.67,-4.96,-3.44,-0.29,-1.21,-1.72
1.84,1.87,-5.10,0.36,-0.82,-0.25
4.89,-4.09,-4.85,0.75,-0.06,1.36
10.59,-14.42,0.26,0.79,-0.25,0.19
8.12,-6.15,-3.20,-0.70,-0.78,-1.54
1.91,2.68,-7.15,-0.07,-0.46,-0.12
4.70,-4.11,-5.74,0.60,0.55,1.41
11.68,-14.76,0.94,0.59,0.26,0.11
8.67,-5.06,-3.41,-0.98,-0.51,-1.65
1.69,1.86,-7.56,-0.04,-0.11,-0.18
5.37,-3.84,-4.71,0.19,0.80,1.27
12.43,-14.24,1.04,0.75,0.25,0.04
8.60,-4.40,-3.85,-1.01,-0.49,-1.69
1.82,3.29,-7.30,-0.13,-0.03,0.09
5.86,-5.44,-3.10,0.59,0.87,1.55
12.56,-14.31,1.43,0.28,0.20,-0.27
7.83,-1.75,-4.75,-1.05,-0.48,-1.51
3.29,2.50,-6.06,0.94,-0.01,0.56
7.40,-8.05,-1.28,1.08,0.63,1.51
12.28,-12.88,0.76,-0.31,-0.07,-0.65
6.27,0.02,-5.06,-0.69,-0.71,-1.14
4.07,0.78,-6.59,1.12,-0.07,0.99
9.62,-10.68,0.79,0.76,0.63,1.24
11.46,-10.70,0.30,-0.76,-0.36,-1.14
4.32,0.66,-6.80,-0.39,-0.71,-0.92
4.46,-1.27,-6.81,0.38,0.15,0.95
9.76,-9.25,0.62,0.53,0.59,1.21
10.02,-9.31,-1.16,-0.86,-0.22,-0.80
4.48,0.26,-6.33,-0.41,-0.17,-0.17
5.72,-3.71,-3.50,0.13,0.48,0.98
12.15,-12.43,0.92,0.69,0.22,0.02
7.82,-3.95,-3.99,-0.95,-0.31,-1.07
3.62,0.42,-6.19,-0.43,-0.05,0.24
9.42,-8.81,-0.79,1.98,0.30,1.02
11.38,-10.72,0.65,-1.02,-0.42,-1.01
4.08,0.23,-6.50,-0.24,-0.69,-0.78
4.26,-1.58,-6.05,0.14,0.19,0.71
11.06,-10.91,1.59,1.56,0.36,0.85
10.65,-8.24,-0.71,-0.84,-0.87,-1.24
1.47,2.32,-9.01,-0.12,-0.55,-0.20
5.62,-2.92,-4.88,0.12,0.58,1.16
12.90,-13.19,2.82,2.02,0.20,0.52
9.02,-6.41,-2.41,-1.27,-0.72,-1.29
1.69,1.49,-7.27,0.41,-0.45,0.04
5.54,-4.59,-4.89,0.75,0.48,1.19
13.67,-13.38,2.11,1.38,0.29,0.28
8.81,-6.71,-2.36,-1.36,-0.70,-1.34
1.42,1.34,-6.38,-0.20,-0.42,-0.16
5.32,-3.13,-4.46,0.80,0.25,1.23
13.46,-12.76,2.55,1.92,0.17,0.56
9.68,-8.43,-1.16,-1.08,-0.82,-1.35
1.74,1.49,-6.07,-0.15,-0.94,-0.49
3.53,-2.96,-5.75,1.65,-0.07,1.29
12.52,-13.09,2.28,2.43,0.18,0.92
10.13,-10.80,0.53,-0.65,-1.01,-1.15
0.94,0.55,-6.26,0.30,-1.40,-0.54
2.60,-4.63,-6.12,1.84,0.13,1.09
11.07,-12.75,2.38,2.06,0.29,0.92
8.88,-12.31,0.53,-0.77,-0.83,-0.96
1.06,-1.62,-6.66,-0.72,-0.81,-0.58
3.63,-4.57,-5.45,0.59,0.48,0.84
11.03,-12.29,3.00,1.17,0.56,0.66
8.74,-10.82,0.68,-1.11,-0.64,-1.10
0.36,-1.20,-6.76,-0.84,-0.59,-0.48
3.82,-4.12,-5.05,0.16,0.66,0.93
10.82,-12.91,2.95,1.03,0.64,0.71
9.30,-9.48,0.07,-1.30,-0.61,-1.02
1.67,-2.10,-6.24,-0.75,-0.68,-0.43
4.66,-4.64,-2.99,-0.04,0.47,0.72
8.63,-11.40,-0.64,-0.05,0.23,0.42
8.19,-9.91,-2.43,-1.17,-0.15,-0.84
4.67,-0.36,-6.31,-3.51,0.14,-0.28
6.73,-4.04,-3.72,-0.63,0.24,0.96
7.27,-13.68,-2.81,-0.33,-0.03,-0.13
6.17,-2.01,-6.38,-1.72,-0.12,-0.78
5.95,0.70,-5.58,-0.69,0.10,0.67
7.50,-12.21,-3.70,1.18,0.00,0.73
6.73,-7.45,-6.08,-1.30,-0.03,-0.86
4.93,2.49,-6.25,-1.03,0.18,0.01
6.05,-4.87,-4.09,0.73,-0.06,1.31
8.30,-12.91,-4.11,0.12,-0.12,-0.16
5.41,-1.65,-7.27,-0.11,-0.05,-0.74
4.37,0.48,-5.87,0.08,0.20,0.75
8.53,-14.29,-2.79,1.85,0.16,0.83
6.89,-7.88,-5.07,-0.56,-0.26,-1.08
3.67,1.06,-7.25,-0.14,0.16,-0.26
6.46,-3.82,-3.64,0.57,0.24,1.22
7.95,-14.63,-2.19,0.71,-0.28,-0.14
4.75,-2.82,-6.57,-0.57,-0.24,-0.88
4.70,0.42,-5.70,0.00,0.21,0.67
8.56,-13.92,-1.13,1.54,-0.01,0.67
6.42,-7.46,-5.20,-0.89,-0.41,-0.96
3.63,0.08,-6.97,-0.34,0.15,-0.13
7.02,-6.99,-2.51,1.04,0.37,1.08
8.30,-12.97,-2.04,0.04,-0.29,-0.49
3.98,-2.14,-7.32,-0.64,-0.19,-0.78
4.26,-0.23,-5.88,-0.07,0.39,0.79
9.11,-14.33,-0.03,1.41,0.05,0.47
5.49,-6.45,-5.17,-0.26,-0.39,-0.90
3.53,-0.60,-6.14,0.90,0.26,0.10
7.47,-8.00,0.17,2.46,0.15,0.83
9.09,-11.31,-1.26,1.35,-0.60,-0.20
5.46,-7.79,-5.17,0.64,-0.54,-0.76
3.99,-4.85,-4.07,-0.93,-0.03,-0.01
8.06,-8.55,-2.17,-0.79,0.19,0.05
8.25,-7.87,-2.82,-0.17,-0.07,-0.48
4.97,-3.23,-4.91,0.25,-0.10,-0.30
3.44,-1.05,-3.29,1.06,0.61,1.05
9.75,-15.11,4.49,2.55,0.51,0.94
8.69,-9.93,-1.00,-0.17,-0.64,-1.01
0.94,-1.29,-7.14,0.61,0.07,-0.07
5.31,-8.86,0.50,0.64,1.03,0.89
10.20,-13.95,5.36,-0.26,-0.06,-0.54
3.71,-2.62,-4.58,-0.45,-0.84,-0.85
3.01,-3.16,-5.14,1.05,0.54,0.82
7.69,-11.65,4.53,0.78,0.77,1.02
9.86,-13.07,2.97,-0.76,-0.50,-0.92
1.59,-1.32,-6.19,-0.39,-0.62,-0.65
3.45,-4.13,-3.23,1.10,0.69,1.10
9.38,-14.25,7.26,0.61,0.78,0.65
9.01,-10.02,1.85,-1.26,-0.71,-1.05
0.94,-1.92,-6.83,-0.27,-0.33,-0.28
4.53,-6.43,-1.91,-0.23,0.94,0.87
10.40,-13.93,5.87,-0.13,0.35,-0.10
5.21,-5.74,-2.70,-1.40,-0.56,-0.95
3.28,-2.68,-6.33,-0.12,0.61,0.40
8.15,-10.27,3.18,0.02,0.96,0.80
9.31,-11.58,2.67,-0.44,-0.40,-0.71
2.47,-2.99,-5.61,-0.79,-0.51,-0.40
4.37,-5.09,-2.67,0.18,0.69,0.86
10.30,-12.73,4.50,0.61,0.26,0.11
6.61,-7.47,-1.64,-0.78,-0.78,-0.77
2.13,-2.71,-6.63,-0.32,0.09,0.17
7.38,-8.35,0.84,1.17,0.75,0.91
9.85,-12.76,3.82,-0.08,-0.39,-0.50
3.98,-4.75,-4.01,-0.87,-0.87,-0.67
3.01,-3.12,-5.57,0.26,0.34,0.49
9.58,-11.21,3.59,1.20,0.62,0.54
8.74,-10.53,2.22,-0.80,-0.81,-0.72
2.70,-3.23,-4.89,-0.03,-0.95,-0.48
3.73,-4.02,-4.44,0.72,0.20,0.84
10.62,-13.41,4.13,1.48,0.03,0.38
7.96,-8.97,1.77,-0.58,-1.23,-0.81
1.73,-1.09,-5.53,0.12,-1.50,-0.03
2.40,-6.24,-5.31,1.89,0.14,1.32
10.48,-15.89,4.27,0.39,0.39,0.40
6.99,-8.75,-0.49,-0.87,-0.93,-1.06
-0.35,-1.28,-6.71,-0.14,-0.35,0.15
4.54,-6.76,-1.66,0.63,0.79,1.39
10.30,-18.03,5.24,0.65,0.06,-0.18
5.26,-6.11,-2.52,-1.71,-0.82,-1.36
-0.13,-1.89,-6.15,0.22,0.12,0.18
5.18,-7.15,-0.80,0.43,0.94,1.29
10.88,-17.45,5.55,0.36,-0.04,-0.49
4.20,-4.09,-3.62,-1.90,-0.96,-1.31
0.26,-1.78,-6.08,0.27,0.40,0.46
7.02,-11.03,2.16,1.11,0.75,1.17
9.69,-13.74,1.99,-0.84,-0.47,-0.90
1.37,-1.23,-6.66,-1.16,-0.52,-0.59
3.62,-4.59,-3.24,0.50,0.63,0.93
9.88,-15.07,4.71,1.31,0.31,0.29
7.11,-8.55,-0.74,-1.10,-0.95,-1.22
-0.55,-1.59,-6.80,-0.24,-0.29,-0.05
5.60,-7.51,-0.66,0.25,0.69,0.97
10.68,-14.72,3.10,0.45,-0.35,-0.28
4.30,-7.01,-3.90,-1.94,-1.07,-1.27
1.73,1.03,-6.37,-1.55,0.21,0.25
7.02,-11.84,2.22,2.91,0.64,1.28
8.18,-13.14,-0.15,-0.96,-0.74,-0.82
2.60,-0.84,-7.62,-1.78,-0.11,-0.47
4.56,-4.56,-2.79,0.02,0.53,1.10
7.47,-14.76,0.74,0.71,-0.21,0.06
5.81,-7.59,-1.64,0.79,0.67,1.08
7.59,-13.85,1.05,-0.15,-0.24,-0.41
3.52,-3.13,-6.35,-0.59,-0.19,-0.53
4.24,-3.74,-4.44,-0.05,0.58,0.87
8.59,-14.90,2.38,0.57,0.06,0.16
5.10,-7.10,-3.99,-0.97,-0.52,-0.93
3.08,-1.96,-6.34,-0.32,0.29,0.09
7.46,-10.23,1.01,0.71,0.50,0.82
7.55,-11.39,-0.63,-0.25,-0.49,-0.57
2.80,-3.45,-6.72,-0.57,-0.25,-0.48
4.30,-4.28,-4.39,-0.17,0.52,0.74
8.99,-14.20,2.13,0.71,0.08,0.12
5.45,-7.15,-4.00,-0.87,-0.61,-1.00
2.74,-1.27,-7.15,-0.07,0.28,0.06
7.70,-10.14,0.96,0.84,0.60,0.89
7.42,-11.42,-0.84,-0.36,-0.49,-0.65
2.95,-2.83,-7.19,-0.33,-0.04,-0.41
5.23,-4.98,-2.71,0.32,0.57,0.80
8.74,-12.97,2.42,1.27,-0.32,-0.07
4.23,-4.61,-4.35,1.26,-0.72,-0.55
4.10,-5.97,-3.09,2.33,-0.10,0.36
8.71,-11.35,1.69,1.02,-0.06,0.23
6.87,-11.11,-1.86,-0.31,-0.59,-0.72
3.63,-5.60,-4.37,-2.13,-0.00,-0.60
6.93,-8.29,-0.83,-0.88,0.36,-0.22
6.47,-6.79,-2.35,-1.83,0.25,-0.56
5.53,-5.15,-2.96,-0.64,0.34,-0.30
4.73,-2.39,-4.22,-0.00,0.43,0.37
8.97,-6.66,2.17,2.91,0.53,1.37
8.93,-13.87,2.08,1.51,-0.62,-0.20
4.30,-3.90,-6.27,0.39,-0.52,-0.37
3.46,-6.39,-3.38,1.24,0.74,0.58
9.84,-12.64,5.75,-0.44,0.68,-0.08
7.93,-7.52,0.77,-0.35,-0.77,-1.11
1.07,-1.28,-5.90,-0.06,-0.01,0.05
5.82,-6.90,-0.76,-0.03,1.12,1.03
10.75,-14.17,5.87,0.69,0.11,0.00
7.26,-7.60,-0.95,-0.53,-0.93,-1.08
1.21,-2.02,-5.58,0.20,0.12,0.03
6.18,-7.44,1.63,0.04,0.93,0.90
10.46,-12.59,5.19,0.30,-0.16,-0.20
6.35,-6.55,-2.21,-0.15,-0.94,-0.87
1.89,-3.12,-4.87,0.33,0.22,0.26
6.81,-8.02,1.50,-0.21,0.92,0.84
10.17,-12.19,4.59,0.16,-0.09,-0.26
6.29,-6.65,-1.47,-0.01,-0.91,-0.93
2.35,-2.94,-4.78,0.21,0.18,0.20
6.25,-7.80,0.55,0.22,0.89,0.91
11.08,-13.14,5.68,-0.15,-0.02,-0.33
6.45,-6.57,-0.91,-0.69,-0.99,-1.16
1.23,-2.01,-6.00,-0.14,0.14,0.06
6.26,-6.40,-0.45,0.05,1.16,1.02
11.44,-14.11,6.96,0.37,0.12,-0.12
6.82,-6.32,-1.39,-0.98,-0.99,-1.15
1.59,-2.88,-6.26,-0.23,0.13,-0.01
6.25,-6.78,0.18,-0.85,1.13,0.93
10.52,-13.02,4.58,-0.23,0.20,-0.31
5.53,-4.63,-2.99,-1.32,-0.56,-0.76
3.48,-3.07,-5.49,-0.09,0.45,0.54
8.26,-9.00,1.27,0.28,1.05,0.88
10.35,-12.55,3.93,-0.46,-0.16,-0.69
4.02,-3.53,-4.14,-0.60,-0.69,-0.78
4.02,-2.67,-5.40,0.01,0.48,0.54
9.56,-10.22,3.06,0.59,0.73,0.77
9.22,-10.63,1.92,-0.39,-0.55,-0.69
3.28,-3.40,-5.66,-0.34,-0.51,-0.50
4.55,-3.81,-3.47,0.32,0.63,0.76
10.25,-10.81,4.04,0.50,0.50,0.68
8.87,-9.97,1.17,-0.34,-0.77,-0.73
2.40,-3.20,-5.82,-0.18,-0.57,-0.33
4.50,-4.70,-2.35,0.45,0.62,0.91
10.50,-12.63,4.72,0.55,0.27,0.49
7.82,-8.53,-0.18,-0.81,-0.92,-0.81
1.83,-2.20,-6.02,-0.06,-0.47,0.00
5.43,-6.42,-1.63,0.75,0.56,1.06
10.95,-13.66,4.23,0.63,-0.02,0.04
6.68,-6.35,-1.63,-1.26,-1.00,-0.94
0.59,-1.97,-6.03,0.36,-0.26,0.30
6.58,-8.03,-0.65,1.24,0.64,1.17
10.58,-14.34,4.17,0.34,-0.19,-0.19
5.67,-5.95,-1.89,-1.21,-1.04,-1.01
0.69,-2.94,-5.57,0.46,-0.38,0.25
6.59,-7.51,-0.74,0.82,0.58,1.09
10.30,-14.79,3.92,0.29,-0.25,-0.30
6.56,-6.29,-1.12,-0.92,-1.06,-1.25
0.45,-1.98,-5.41,0.20,-0.82,0.04
4.85,-5.97,-3.04,0.80,0.51,1.29
10.45,-15.82,4.03,0.64,0.03,0.04
7.25,-7.43,-0.83,-0.88,-0.94,-1.17
1.14,-1.72,-5.18,0.16,-0.89,-0.09
2.96,-5.09,-4.06,0.46,0.51,1.20
9.77,-14.38,3.55,1.05,0.44,0.71
8.32,-10.80,0.45,-0.79,-0.72,-1.11
2.15,-2.32,-5.74,-0.32,-0.66,-0.54
2.80,-4.96,-4.27,0.33,0.33,0.84
7.92,-11.32,1.45,1.09,0.69,1.03
8.97,-14.21,2.77,-0.52,-0.39,-0.94
3.67,-2.74,-4.53,-0.88,-0.80,-1.08
2.04,-3.78,-5.28,0.42,0.18,0.55
6.09,-9.25,0.02,0.48,0.78,1.14
9.77,-15.53,3.73,-0.10,-0.10,-0.74
4.94,-3.91,-3.60,-1.08,-0.78,-1.31
1.99,-2.76,-6.40,0.01,0.02,0.25
5.76,-8.76,-1.53,0.19,0.89,1.10
9.23,-16.02,2.56,-0.31,0.29,-0.72
5.76,-6.31,-4.22,-1.76,-0.17,-1.64
3.68,-3.48,-6.70,-1.28,0.49,-0.53
6.09,-6.68,-3.06,-0.89,1.07,0.40
9.19,-13.52,2.01,-0.54,0.64,-0.82
7.26,-4.94,-2.85,-2.44,0.04,-1.94
5.14,1.41,-6.61,-1.49,0.29,-0.65
7.08,-4.84,-3.14,0.13,0.47,0.70
10.03,-12.72,0.34,-0.44,0.24,-0.90
8.15,-2.43,-3.16,-1.90,-0.21,-1.83
5.89,4.01,-6.69,-1.19,-0.19,-0.40
6.10,-3.38,-4.28,0.68,0.23,1.24
10.24,-11.82,0.50,-0.56,0.28,-0.49
8.51,0.38,-3.52,-1.97,-0.10,-1.36
7.12,4.30,-6.51,-0.57,0.12,0.21
8.48,-5.69,-2.14,0.73,0.37,0.94
9.65,-7.66,-0.42,-0.87,0.12,-0.82
7.95,4.38,-4.11,-0.91,-0.29,-0.68
7.13,1.39,-4.97,0.72,-0.05,1.02
9.50,-8.87,-0.54,1.08,0.21,0.51
10.64,-3.43,-0.51,-0.31,-0.19,-1.02
7.26,4.08,-5.89,0.69,-0.21,-0.18
7.67,-0.62,-5.24,1.13,0.26,1.13
10.65,-11.72,0.17,1.70,0.17,0.21
9.73,-3.11,-2.57,-0.99,-0.16,-1.40
6.93,4.20,-6.99,0.15,-0.02,-0.09
8.46,-3.19,-3.01,0.99,0.43,1.11
11.41,-10.27,1.55,0.43,-0.02,-0.33
8.26,0.12,-4.75,-0.80,-0.49,-1.03
5.97,2.52,-7.09,0.17,0.15,0.50
8.80,-5.76,-0.11,0.92,0.55,1.19
11.12,-9.66,1.40,-0.02,-0.33,-0.55
7.05,1.51,-6.70,-0.48,-0.54,-0.72
7.52,1.24,-6.41,0.21,0.28,0.83
9.34,-8.79,1.16,1.29,0.36,0.96
10.30,-7.71,-0.59,-0.76,-0.32,-0.88
5.73,1.91,-7.76,-0.20,-0.09,-0.31
6.90,-1.01,-5.16,-0.12,0.70,0.92
10.34,-9.24,2.37,1.15,0.70,0.71
10.71,-6.37,-0.17,-1.07,-0.24,-0.93
5.17,2.02,-7.39,-0.22,0.10,-0.13
8.47,-1.73,-3.23,0.18,0.98,0.93
11.77,-10.10,3.85,1.16,0.35,0.26
10.12,-5.69,-1.19,-1.08,-0.60,-1.10
5.15,2.06,-7.35,-0.72,0.01,-0.29
8.52,-0.56,-2.66,0.41,0.80,1.07
11.72,-10.42,4.84,1.06,0.21,0.37
10.52,-6.03,-0.26,-0.87,-0.87,-1.27
4.09,2.86,-7.63,-0.74,-0.49,-0.41
7.93,-0.65,-3.69,0.36,0.53,1.15
11.94,-10.38,3.91,1.07,0.21,0.67
11.29,-6.66,-0.37,-0.83,-0.87,-1.25
3.89,4.11,-6.69,-0.34,-0.72,-0.31
7.30,-0.94,-4.15,0.78,0.19,1.25
11.47,-10.43,2.14,1.71,0.36,0.86
11.63,-8.37,0.75,-0.69,-0.69,-1.15
5.19,2.29,-5.90,0.07,-0.87,-0.67
5.55,-0.34,-5.98,0.65,0.08,1.00
10.69,-8.65,1.39,1.50,0.47,1.10
11.09,-10.24,1.18,-0.38,-0.62,-0.95
5.26,1.40,-6.62,-0.36,-0.76,-0.80
5.95,-0.02,-5.62,0.27,0.26,0.90
9.87,-8.91,1.24,1.21,0.43,1.03
11.12,-9.91,0.82,-0.38,-0.47,-0.98
5.27,0.86,-6.77,-0.42,-0.61,-0.81
6.02,-0.13,-5.96,-0.01,0.42,0.83
9.94,-8.73,1.47,0.97,0.56,1.06
10.68,-10.04,1.10,-0.31,-0.37,-0.99
5.57,0.96,-6.62,-0.32,-0.38,-0.81
6.76,-0.27,-5.56,-0.11,0.53,0.73
9.67,-8.95,1.42,1.15,0.57,0.97
11.16,-9.37,1.19,-0.92,-0.23,-0.99
5.59,1.19,-6.20,-0.53,-0.40,-0.68
6.68,-1.07,-5.67,0.03,0.44,0.73
10.67,-8.11,2.16,1.05,0.67,0.95
11.51,-10.08,2.62,-0.79,-0.45,-1.06
4.52,1.35,-6.32,-0.64,-0.78,-1.00
6.13,0.78,-6.28,0.25,0.46,0.77
10.35,-7.78,1.91,0.62,0.64,1.19
11.39,-10.59,2.57,-0.33,-0.46,-0.67
6.71,0.18,-5.87,-0.87,-0.71,-1.05
5.46,0.52,-6.63,-0.01,0.24,0.58
9.42,-6.59,0.61,0.63,0.63,1.12
11.43,-10.50,2.03,-0.08,-0.37,-0.64
6.46,0.65,-5.81,-0.67,-0.59,-0.86
5.99,-0.20,-6.06,0.03,0.22,0.63
9.33,-7.04,0.76,0.94,0.53,1.15
10.94,-10.75,1.62,-0.17,-0.38,-0.81
6.18,0.90,-6.24,-0.43,-0.49,-0.85
6.60,0.21,-5.88,-0.35,0.39,0.68
9.36,-8.35,1.63,1.25,0.49,1.15
11.50,-10.20,1.82,-0.56,-0.50,-1.03
5.30,1.32,-6.42,0.03,-0.54,-0.87
6.15,-0.07,-6.14,0.04,0.32,0.72
9.18,-7.83,1.05,1.04,0.61,1.18
10.93,-10.09,1.57,-0.51,-0.30,-0.66
6.50,0.29,-5.70,-1.04,-0.52,-0.85
6.31,-0.76,-5.49,0.56,0.33,0.54
9.53,-6.25,1.01,0.39,0.70,1.03
11.54,-10.51,2.99,0.07,-0.24,-0.53
6.84,-1.04,-4.23,-1.05,-0.65,-0.91
5.85,-0.00,-6.00,0.23,0.26,0.45
9.71,-5.76,0.11,0.33,0.72,1.05
11.29,-10.63,3.31,0.24,-0.12,-0.38
7.78,-2.82,-3.56,-1.11,-0.61,-1.08
5.76,0.62,-6.74,-0.11,0.13,0.20
10.19,-5.99,-0.89,0.75,0.67,0.80
13.27,-10.11,2.57,-0.28,-0.06,-0.68
9.69,-4.01,-3.14,-1.30,-0.71,-1.62
5.32,0.70,-6.52,-1.25,-0.33,-0.79
8.68,-1.82,-3.01,0.42,0.34,0.52
11.60,-8.76,3.06,-0.54,0.17,-0.38
9.46,-3.76,-0.39,-1.11,-0.77,-1.55
5.20,1.82,-6.37,-1.03,-0.56,-0.90
7.11,1.54,-6.06,-0.46,0.28,0.43
9.13,-5.01,-0.06,0.24,0.60,0.56
10.98,-5.44,1.67,-0.20,-0.18,-0.71
6.91,1.67,-5.76,-0.62,-0.43,-0.66
7.10,2.81,-6.88,-0.23,0.35,0.64
10.72,-4.89,-0.35,0.44,0.67,0.79
12.16,-6.16,1.53,-0.06,-0.13,-0.64
8.09,1.70,-4.46,-0.51,-0.56,-0.80
6.74,3.57,-6.41,-0.01,0.05,0.60
10.69,-4.12,-0.74,1.06,0.21,1.19
12.56,-8.00,0.99,0.23,-0.51,-0.48
7.72,0.67,-4.95,-0.06,-0.95,-0.87
5.95,4.33,-8.04,0.14,-0.21,0.52
8.69,-3.32,-3.05,1.28,0.32,1.52
11.55,-10.03,0.67,-0.07,-0.07,-0.09
10.42,-2.50,-3.10,-0.15,-0.88,-1.12
5.81,2.78,-8.61,-0.74,-0.60,-0.28
6.61,0.76,-4.79,0.50,0.20,1.30
11.53,-9.24,1.70,1.01,-0.21,0.58
10.81,-4.49,-2.53,-0.92,-0.86,-1.08
5.64,2.84,-8.53,0.01,-0.86,-0.42
6.65,0.69,-7.47,0.43,0.12,1.05
10.48,-8.00,0.28,0.99,0.06,0.84
10.50,-6.99,-1.94,-0.76,-0.69,-1.12
4.91,3.31,-8.15,-0.31,-0.75,-0.81
5.76,1.16,-8.97,0.72,0.29,0.91
9.41,-7.10,-0.89,0.73,0.69,0.92
11.00,-8.56,0.08,-0.48,-0.39,-1.10
5.46,2.81,-8.66,-0.57,-0.66,-1.12
4.51,3.06,-8.85,0.54,0.47,0.97
9.44,-6.97,-0.16,0.68,0.81,1.25
11.39,-7.99,-0.21,-0.52,-0.21,-0.74
6.28,1.81,-7.96,-0.27,-0.43,-0.84
5.22,2.26,-7.94,0.61,0.49,0.85
10.21,-7.43,0.03,1.34,0.63,1.04
11.60,-8.29,-1.15,-0.26,-0.36,-0.81
5.93,1.10,-8.76,-0.90,-0.48,-0.79
5.84,1.41,-8.16,0.31,0.48,0.86
10.49,-7.83,1.47,1.25,0.53,0.85
11.06,-6.79,-0.81,-0.33,-0.61,-0.84
4.73,2.19,-9.49,-1.12,-0.34,-0.43
5.67,-0.81,-6.52,0.60,0.70,1.03
11.68,-8.98,1.92,0.25,0.60,0.32
10.75,-5.45,-1.96,-0.77,-0.52,-1.05
4.24,2.83,-9.38,-1.22,-0.18,-0.36
6.79,-0.44,-5.61,0.21,0.78,1.13
12.11,-8.51,1.80,-0.11,0.58,0.28
9.90,-4.30,-3.07,-1.14,-0.35,-1.04
5.29,2.47,-8.51,-0.81,0.10,-0.15
7.83,-1.24,-4.03,0.06,0.71,1.00
12.25,-8.98,1.51,0.68,0.32,0.12
9.79,-3.38,-2.97,-1.08,-0.55,-1.18
4.52,3.09,-8.16,-0.36,-0.06,-0.18
7.44,-1.30,-3.83,0.59,0.75,1.13
12.53,-9.46,3.02,0.98,0.19,0.15
9.78,-3.94,-2.90,-0.03,-0.97,-1.22
3.73,4.27,-8.80,-0.29,-0.26,-0.04
7.95,-1.79,-3.30,1.01,0.50,1.36
12.03,-9.85,1.81,1.21,0.10,0.35
10.77,-4.53,-2.92,-0.70,-0.57,-1.14
4.46,2.32,-7.63,0.15,-0.38,-0.17
6.69,-0.97,-5.38,0.58,0.57,1.16
12.07,-9.74,2.30,1.25,0.41,0.52
11.43,-5.22,-1.56,-0.64,-0.65,-0.90
5.23,1.80,-7.64,-0.53,-0.38,-0.22
6.24,-1.99,-4.66,0.42,0.46,0.93
11.64,-8.55,2.05,0.37,0.38,0.24
10.66,-4.67,-2.16,-0.41,-0.62,-0.99
5.32,1.96,-8.42,-0.48,-0.26,-0.15
6.85,-2.15,-4.55,0.13,0.58,1.02
11.90,-9.58,2.91,0.45,0.30,0.01
9.92,-3.87,-2.50,-1.09,-0.60,-1.21
4.22,2.30,-8.59,-0.45,-0.10,-0.18
7.17,-1.56,-4.80,-0.55,0.72,1.08
11.71,-8.16,1.31,0.13,0.56,0.47
10.20,-5.29,-2.33,-0.91,-0.30,-1.01
5.77,2.72,-7.13,-0.67,-0.00,-0.13
7.48,-2.21,-3.54,0.01,0.72,0.97
12.33,-8.65,1.62,0.60,0.38,0.13
10.04,-3.27,-2.62,-1.10,-0.48,-1.10
5.02,2.09,-7.39,-0.41,-0.15,-0.11
8.08,-0.83,-3.62,0.06,0.67,1.00
12.26,-9.07,2.33,0.63,0.34,0.22
9.77,-3.45,-2.24,-0.97,-0.63,-1.12
4.72,1.79,-7.46,-0.03,-0.26,-0.22
7.39,-0.52,-3.82,0.63,0.70,1.08
12.36,-8.85,2.79,0.63,0.24,0.42
10.15,-3.94,-2.76,-0.64,-0.71,-0.96
4.94,1.29,-7.07,-0.17,-0.22,-0.18
7.70,-1.04,-2.97,0.25,0.63,1.00
12.35,-8.43,2.13,0.94,0.13,0.31
9.99,-3.24,-2.67,-0.63,-0.69,-0.81
4.83,1.13,-7.07,0.12,-0.29,0.11
7.85,-3.14,-3.77,0.68,0.73,1.01
13.70,-8.87,2.62,0.47,0.22,0.05
9.34,-2.95,-3.33,-1.01,-0.82,-0.97
3.52,1.58,-7.93,-0.13,-0.01,0.06
9.16,-3.95,-1.31,0.96,0.86,0.96
13.09,-8.65,2.72,0.30,-0.07,-0.21
8.20,-1.84,-4.64,-1.04,-0.82,-0.88
3.80,1.12,-7.10,-0.01,0.14,0.24
10.28,-3.94,-0.41,0.90,0.68,0.97
12.91,-9.06,2.10,0.59,-0.22,-0.17
8.03,-1.46,-4.33,-1.22,-0.86,-0.88
3.73,0.91,-7.08,0.30,-0.06,0.43
9.54,-4.84,-1.64,1.33,0.61,1.06
13.40,-9.17,2.34,0.27,-0.10,-0.28
8.35,-1.51,-3.24,-1.15,-1.00,-0.97
2.67,1.12,-7.15,0.52,-0.45,0.45
9.97,-5.22,-2.07,1.56,0.42,1.12
13.11,-10.31,1.56,0.29,-0.12,-0.31
8.65,-3.64,-3.11,-0.58,-0.95,-1.10
2.53,0.61,-8.09,-0.39,-0.44,-0.19
6.82,-0.96,-5.04,0.00,0.62,1.11
13.49,-11.23,2.69,1.20,0.17,0.38
10.30,-5.37,-1.73,-1.24,-0.92,-1.25
3.85,1.88,-8.12,-0.50,-0.64,-0.35
7.01,-0.87,-5.46,-0.02,0.46,0.86
11.57,-9.38,1.63,1.04,0.16,0.49
9.97,-5.20,-2.18,-0.42,-0.84,-1.02
4.75,2.44,-8.07,0.08,-0.76,-0.09
5.83,-1.15,-6.61,0.35,0.35,1.33
10.68,-12.23,1.25,1.34,0.41,0.72
9.88,-6.03,-2.33,-0.87,-0.63,-1.17
4.76,2.57,-8.09,0.06,-0.35,0.04
6.95,-3.35,-4.91,0.22,0.38,1.08
10.50,-12.50,1.16,1.18,0.20,0.03
8.79,-3.01,-3.53,-1.35,-0.59,-1.34
4.40,1.59,-7.93,0.42,-0.17,0.21
6.69,-3.81,-4.05,0.10,0.63,1.13
12.65,-12.69,2.04,1.04,0.08,-0.15
8.30,-2.72,-4.79,-1.15,-0.73,-1.39
3.47,2.01,-8.25,0.03,-0.12,0.12
6.78,-2.93,-3.65,0.34,0.70,1.42
11.08,-13.01,2.16,1.38,0.07,0.47
9.65,-5.96,-3.81,-1.08,-0.74,-1.32
4.16,1.50,-7.99,-0.41,-0.20,-0.23
6.62,-1.69,-4.63,-0.17,0.51,1.00
10.30,-12.47,1.06,1.45,0.32,0.38
9.97,-5.55,-2.51,-1.54,-0.48,-1.46
3.93,1.04,-7.26,0.26,-0.35,-0.35
6.51,-0.25,-6.22,-0.89,0.56,0.87
9.98,-10.83,0.30,1.96,0.53,0.91
10.84,-8.75,-0.61,-1.37,-0.37,-1.43
4.30,2.85,-6.85,0.22,-0.53,-0.58
5.62,-0.68,-6.49,-0.17,0.39,0.90
9.47,-9.53,-0.36,1.36,0.65,0.97
11.54,-9.23,-0.14,-0.74,-0.23,-1.16
4.72,1.86,-7.00,-0.27,-0.50,-0.77
5.77,-0.23,-7.22,0.42,0.58,0.79
9.43,-7.52,-0.16,0.69,0.93,1.05
12.14,-8.71,0.97,-0.52,-0.09,-0.62
5.97,-0.02,-6.03,-0.69,-0.54,-0.56
5.06,-1.93,-7.01,0.50,0.64,0.58
10.66,-6.09,0.06,0.12,1.09,0.71
12.29,-9.16,2.01,-0.05,-0.14,-0.56
6.33,-1.19,-5.29,-1.21,-0.74,-0.84
4.50,-0.03,-6.73,0.36,0.43,0.53
9.78,-6.21,-0.83,0.69,0.94,0.87
12.44,-8.74,2.64,0.01,-0.00,-0.43
7.37,-2.82,-3.76,-0.80,-0.81,-0.94
3.66,0.25,-7.66,0.08,0.23,0.27
9.06,-4.14,-2.08,0.61,0.95,1.08
12.96,-10.20,3.98,0.25,0.20,-0.04
9.06,-3.73,-2.24,-1.06,-0.93,-1.02
2.99,0.43,-7.90,-0.05,-0.15,-0.02
8.23,-3.87,-2.78,0.46,0.84,0.85
13.10,-8.68,3.01,0.40,0.21,-0.01
9.33,-4.34,-2.07,-0.86,-0.84,-0.83
3.30,-0.70,-7.49,-0.32,-0.20,-0.14
7.59,-1.95,-3.97,0.02,0.79,0.85
13.29,-8.00,2.87,0.49,0.60,0.42
11.36,-6.92,0.99,-0.36,-0.81,-0.88
3.49,-0.52,-7.35,-0.65,-0.69,-0.58
6.22,-0.59,-5.66,-0.34,0.66,0.62
11.82,-7.61,1.95,0.91,0.72,0.67
11.59,-7.79,1.67,-0.29,-0.60,-0.68
5.16,-0.47,-6.75,-0.78,-0.76,-0.64
5.46,-0.43,-5.59,-0.22,0.57,0.60
11.84,-6.88,1.32,0.88,0.71,0.72
12.02,-7.67,1.06,-0.20,-0.55,-0.64
5.58,-1.44,-6.01,-0.60,-0.72,-0.70
4.54,0.90,-6.40,-0.30,0.29,0.19
10.06,-3.19,0.10,0.88,0.63,1.15
12.14,-9.94,2.04,0.82,-0.36,-0.03
8.09,-3.72,-3.97,0.22,-0.98,-0.96
3.53,0.70,-7.94,0.16,-0.01,0.15
9.63,-4.07,-1.64,0.50,0.83,1.03
12.83,-10.35,3.20,0.86,-0.21,-0.10
8.41,-3.31,-3.26,0.12,-1.10,-1.08
3.08,0.17,-7.19,0.58,-0.19,0.16
7.89,-4.45,-2.76,0.56,0.84,1.06
13.27,-10.70,3.84,0.54,0.07,-0.01
9.47,-4.97,-2.11,-0.49,-0.98,-1.13
3.08,0.19,-7.27,-0.42,-0.27,-0.19
7.10,-3.81,-3.63,-0.10,0.83,0.76
13.45,-9.41,3.18,0.34,0.28,-0.05
9.68,-3.67,-2.05,-0.87,-0.84,-1.02
2.78,0.79,-7.50,-0.10,-0.12,0.11
7.48,-3.47,-3.16,-0.01,1.03,1.07
12.96,-10.08,3.40,0.51,0.34,0.16
9.98,-5.14,-1.47,-0.61,-0.81,-1.10
3.27,1.30,-7.18,-0.06,-0.30,-0.11
6.76,-3.19,-4.14,0.60,0.76,1.07
12.29,-10.04,3.32,0.96,0.45,0.43
11.22,-6.50,0.25,-0.30,-0.82,-1.02
3.63,1.32,-7.29,-0.45,-0.60,-0.28
6.25,-3.22,-4.92,0.54,0.73,0.91
12.24,-9.68,3.02,0.20,0.63,0.41
11.29,-7.00,0.56,-0.51,-0.75,-0.98
3.76,0.76,-6.93,-0.61,-0.67,-0.44
5.77,-1.74,-5.19,0.05,0.73,0.89
12.21,-9.06,2.53,0.14,0.75,0.54
11.54,-7.19,0.16,-1.24,-0.49,-0.91
4.49,0.43,-6.35,-1.16,-0.55,-0.53
6.18,-0.58,-5.19,-0.23,0.64,0.85
12.38,-8.89,1.44,0.47,0.64,0.67
10.98,-7.03,-0.24,-0.81,-0.49,-0.94
4.30,0.49,-5.97,-0.55,-0.50,-0.43
6.32,-1.46,-5.21,0.27,0.60,0.83
12.17,-8.11,1.14,0.20,0.65,0.61
11.00,-7.88,0.60,-0.45,-0.55,-0.92
4.36,-0.30,-6.26,-0.30,-0.61,-0.70
6.29,0.33,-5.66,0.20,0.59,0.69
11.97,-7.16,1.28,0.42,0.53,0.82
11.14,-8.02,0.33,-0.14,-0.57,-0.72
4.61,-0.17,-6.34,-0.41,-0.50,-0.52
5.83,-1.26,-4.41,0.22,0.55,0.76
12.63,-8.20,1.60,0.72,0.48,0.53
11.15,-6.62,-0.32,-0.41,-0.62,-0.82
4.13,-0.23,-6.25,-0.44,-0.55,-0.41
6.06,-1.31,-4.14,0.22,0.66,0.82
13.32,-8.78,2.65,0.74,0.45,0.49
11.19,-6.67,-0.35,-0.54,-0.83,-0.96
2.89,0.36,-6.92,-0.29,-0.70,-0.43
5.82,-1.46,-5.05,0.33,0.64,0.80
13.11,-7.82,2.52,0.69,0.46,0.55
10.97,-6.15,-0.34,-0.59,-0.83,-0.79
3.32,0.92,-7.18,-0.10,-0.60,-0.12
6.51,-2.70,-4.53,0.65,0.63,0.98
13.03,-8.93,2.06,0.77,0.51,0.41
11.32,-6.65,0.54,-0.23,-0.81,-0.84
3.07,0.46,-6.55,-0.24,-0.93,-0.33
5.49,-2.38,-5.67,0.49,0.50,0.91
13.59,-9.57,1.91,0.90,0.55,0.45
11.59,-7.13,0.23,-0.48,-0.85,-0.90
3.99,-0.36,-5.23,-0.00,-1.08,-0.59
4.64,-0.75,-6.24,0.35,0.14,0.81
12.17,-9.88,0.93,1.36,0.47,0.77
11.25,-8.23,-0.20,-0.51,-0.71,-0.95
5.30,-0.96,-4.83,-0.25,-1.18,-0.84
3.01,-1.06,-7.13,0.79,-0.31,0.83
9.35,-6.77,-2.33,0.42,0.64,1.24
12.81,-12.50,1.47,0.11,-0.28,-0.57
6.09,0.31,-6.33,-1.24,-0.81,-1.13
2.66,-0.80,-6.30,0.32,0.17,0.64
8.50,-6.36,-2.07,0.50,0.72,1.25
12.62,-13.09,1.32,0.07,-0.08,-0.59
6.87,-0.25,-5.53,-1.21,-0.70,-1.26
2.30,-0.53,-6.60,0.15,0.15,0.41
8.30,-5.00,-2.34,0.35,0.72,1.20
12.08,-10.49,1.00,0.89,-0.11,-0.19
8.46,-4.91,-3.01,0.45,-0.92,-0.95
5.18,-1.52,-5.20,-0.17,-0.54,-0.29
7.54,-3.75,-3.34,0.88,0.03,0.56
9.52,-9.22,-1.44,0.61,-0.53,-0.19
6.32,-1.73,-8.46,-0.96,-0.18,-0.18
6.87,-3.78,-4.09,-0.11,0.61,0.83
10.24,-10.13,1.25,0.16,-0.16,-0.12
7.31,-2.96,-5.40,-0.22,-0.60,-0.72
5.35,-1.95,-6.83,-0.22,0.24,0.21
8.97,-6.88,-0.24,0.43,0.44,0.66
9.22,-8.02,-1.64,0.01,-0.58,-0.60
6.01,-1.71,-8.38,-0.10,-0.43,-0.54
5.91,-1.62,-5.29,-0.44,0.60,0.62
9.54,-9.93,1.74,1.18,0.36,0.64
9.11,-7.32,-2.49,-0.16,-0.66,-0.82
5.78,-0.75,-8.88,-0.26,-0.13,-0.46
6.24,-1.49,-4.14,-0.34,0.74,0.88
9.62,-12.17,2.56,1.16,0.19,0.44
9.13,-5.67,-3.55,-0.50,-0.77,-0.93
4.88,0.73,-8.92,-0.60,0.00,-0.06
6.36,-4.21,-3.06,0.35,0.88,1.13
10.60,-11.43,1.95,0.11,0.06,-0.16
7.80,-2.49,-5.71,-0.47,-0.64,-0.70
5.08,-1.02,-7.22,-0.31,0.43,0.45
8.63,-8.72,0.61,0.75,0.76,0.80
9.75,-8.09,-0.42,-0.69,-0.44,-0.71
5.84,-0.65,-7.84,-0.28,-0.30,-0.33
6.45,-2.90,-4.62,-0.34,0.68,0.77
10.66,-11.37,1.86,0.53,0.20,0.04
7.95,-3.78,-4.20,-0.66,-0.71,-0.88
4.92,-0.29,-7.66,-0.48,0.32,0.24
8.39,-7.18,-0.05,0.72,0.83,0.98
10.56,-9.90,0.67,-0.40,-0.43,-0.63
5.11,-0.71,-7.58,-0.59,-0.53,-0.65
5.83,-1.01,-5.61,-0.07,0.63,0.66
10.94,-10.16,1.80,0.60,0.30,0.41
9.05,-6.53,-3.36,-0.37,-0.63,-0.85
5.16,0.58,-8.24,-0.64,0.08,-0.23
7.59,-3.50,-1.64,0.20,0.74,1.04
10.57,-11.42,1.16,0.34,-0.15,-0.06
7.30,-3.03,-5.89,-0.76,-0.59,-0.92
5.44,0.61,-6.50,-0.26,0.41,0.30
9.70,-8.16,0.62,0.88,0.50,0.84
9.97,-8.62,-1.42,-0.46,-0.54,-0.69
5.39,0.18,-7.84,-0.65,-0.25,-0.46
6.52,-1.86,-4.10,-0.04,0.66,0.88
11.51,-11.60,2.19,0.51,-0.03,0.14
7.68,-4.15,-4.66,-1.07,-0.85,-1.00
4.69,0.91,-7.62,-0.25,0.12,0.01
9.53,-6.21,-0.22,0.75,0.55,0.92
9.73,-8.96,-1.60,-0.26,-0.48,-0.51
5.35,-0.33,-7.39,-0.43,-0.19,-0.47
7.27,-1.97,-4.26,0.03,0.59,0.57
11.05,-10.03,0.55,0.63,-0.04,-0.12
7.19,-2.90,-6.17,-0.54,-0.49,-0.98
5.63,1.10,-6.62,-0.33,0.49,0.30
11.76,-8.89,1.48,0.82,0.41,0.48
9.09,-6.30,-3.20,-0.07,-0.66,-1.03
4.50,1.53,-7.66,-0.35,0.08,-0.35
8.23,-3.82,-1.48,0.65,0.61,0.74
11.05,-5.78,-0.39,0.82,-0.24,0.02
6.70,-2.26,-5.00,1.10,-0.35,0.11
8.02,-5.06,-2.98,1.75,0.12,0.41
10.60,-7.50,-0.70,0.60,-0.16,0.06
9.06,-7.52,-3.22,-0.63,-0.47,-0.48
7.40,-4.86,-4.72,-1.40,-0.21,-0.80
7.50,-2.86,-3.87,-1.97,0.23,-0.39
9.59,-4.50,-2.24,-1.69,0.35,-0.47
8.55,-1.40,-2.82,-2.00,0.09,-0.72
5.73,2.45,-3.48,-0.76,0.19,0.22
8.07,-0.82,-2.71,1.14,0.56,1.26
12.84,-9.02,-0.06,1.86,0.09,0.43
10.27,-5.63,-4.11,0.42,-0.67,-0.72
4.62,0.22,-6.74,-0.61,0.02,-0.05
8.42,-2.33,-2.31,-0.01,0.43,0.81
10.89,-7.78,0.24,1.11,-0.14,0.24
8.57,-3.31,-4.66,0.05,-0.56,-0.48
6.31,-0.02,-6.04,-0.02,0.23,0.39
9.21,-6.12,-0.81,0.15,0.54,0.91
11.91,-8.68,-0.53,0.30,-0.41,-0.49
6.86,-2.10,-5.77,-1.01,-0.49,-0.92
6.36,-0.11,-5.23,-0.23,0.32,0.29
11.32,-7.71,0.76,0.37,0.33,0.30
8.95,-4.31,-3.18,-0.75,-0.47,-0.78
5.76,1.57,-6.41,-0.70,0.11,-0.05
8.95,-2.65,-2.15,0.03,0.59,1.02
11.09,-9.24,-0.15,0.25,-0.17,-0.13
7.77,-1.28,-5.69,-0.43,-0.40,-0.73
6.33,0.75,-5.06,-0.04,0.25,0.49
10.22,-6.19,0.14,0.90,0.38,1.08
10.11,-8.18,-1.71,-0.32,-0.44,-0.56
6.65,0.01,-6.33,-0.21,-0.36,-0.62
6.34,0.73,-4.46,-0.29,0.18,0.78
10.44,-8.78,0.76,1.41,0.18,0.95
10.19,-6.32,-2.61,-0.40,-0.54,-0.65
6.59,0.18,-6.59,-0.02,-0.39,-0.26
6.80,-0.95,-4.53,0.05,0.26,0.92
10.55,-11.17,0.75,1.17,0.03,0.46
9.58,-4.81,-3.45,-0.71,-0.54,-0.95
5.38,0.93,-6.75,-0.10,-0.06,-0.16
6.90,-2.69,-2.79,0.28,0.50,1.15
11.11,-11.69,0.79,0.94,-0.03,0.28
8.91,-4.77,-4.40,-0.70,-0.66,-1.06
4.70,1.67,-6.92,-0.55,0.14,0.03
7.15,-4.53,-1.24,1.16,0.54,1.35
11.51,-11.37,0.82,0.13,-0.15,-0.16
7.67,-2.86,-5.09,-0.36,-0.65,-0.90
4.65,0.19,-6.40,-0.42,0.22,0.28
8.99,-6.01,-0.25,1.00,0.55,1.17
10.76,-11.13,0.03,0.01,-0.31,-0.36
6.98,-2.43,-5.75,-0.50,-0.58,-1.00
4.87,1.01,-5.64,-0.45,0.34,0.42
9.82,-8.19,0.63,1.22,0.40,1.13
10.10,-9.86,-1.60,-0.29,-0.50,-0.59
5.96,-0.82,-6.32,-0.57,-0.35,-0.66
5.88,-0.17,-4.46,-0.28,0.40,0.78
10.65,-11.33,1.11,1.26,0.12,0.63
9.62,-6.71,-3.11,-0.65,-0.61,-0.98
4.94,0.96,-6.65,-0.26,-0.23,-0.32
6.21,-2.12,-3.47,0.32,0.38,1.11
9.59,-12.02,0.53,0.76,0.12,0.16
9.62,-4.30,-3.33,-0.69,-0.51,-0.96
5.40,0.24,-6.27,-0.22,-0.16,0.04
6.99,-4.39,-2.88,0.41,0.43,0.96
10.69,-11.13,1.15,0.46,-0.08,-0.03
8.32,-4.83,-4.25,-0.35,-0.83,-1.00
4.63,0.32,-7.88,-0.54,-0.06,-0.05
8.48,-4.56,-1.27,0.57,0.51,0.98
9.19,-10.72,0.25,0.28,-0.44,-0.21
7.64,-4.05,-5.72,-0.06,-0.70,-0.96
5.89,0.50,-6.47,-0.44,0.12,0.18
8.01,-7.48,-0.07,0.82,0.21,0.85
9.95,-8.43,-1.22,-0.03,-0.39,-0.53
6.81,-0.64,-7.58,-0.33,-0.46,-0.58
5.62,-1.63,-5.76,-0.00,0.39,0.79
8.66,-11.48,1.20,0.72,0.27,0.60
9.31,-7.26,-2.55,-0.31,-0.49,-0.83
6.29,-1.23,-7.52,-0.59,-0.36,-0.70
6.13,-1.12,-4.90,-0.13,0.45,0.67
9.22,-11.01,0.94,0.80,0.15,0.45
9.25,-6.75,-3.21,-0.45,-0.58,-1.07
5.55,0.77,-7.52,-0.33,-0.19,-0.46
6.84,-1.35,-3.51,0.18,0.39,0.86
9.02,-10.98,1.05,1.40,0.02,0.62
9.10,-6.90,-3.61,-0.26,-0.64,-0.80
6.29,0.11,-8.17,-0.57,-0.18,-0.26
6.90,-2.47,-3.85,-0.22,0.45,0.96
9.06,-12.62,1.25,0.58,0.05,0.29
8.92,-4.74,-3.91,-0.85,-0.58,-1.15
5.71,1.50,-7.50,-0.43,-0.12,-0.14
6.98,-3.65,-3.05,0.33,0.38,0.99
9.38,-12.04,0.35,0.98,-0.18,0.02
8.67,-4.12,-5.09,-0.05,-0.61,-0.98
6.01,0.15,-6.86,-0.14,-0.13,-0.11
7.10,-3.59,-3.23,0.42,0.26,0.91
8.85,-12.07,-0.28,1.00,-0.21,0.06
8.33,-4.52,-5.16,-0.19,-0.46,-0.90
5.85,-0.78,-7.02,-0.38,0.06,-0.12
7.10,-3.32,-3.56,0.46,0.47,0.92
9.00,-12.06,0.89,1.44,-0.00,0.15
8.62,-5.03,-3.58,0.14,-0.55,-0.80
6.21,-2.37,-7.48,-0.10,-0.05,-0.30
6.97,-3.74,-3.45,-0.66,0.63,0.61
8.66,-10.21,0.54,0.09,0.03,-0.04
8.28,-3.39,-4.16,-0.53,-0.38,-0.66
6.57,-1.03,-6.97,-0.46,0.18,0.23
7.86,-5.93,-2.08,0.50,0.53,0.87
8.89,-9.56,-0.53,0.18,-0.06,-0.35
8.54,-3.84,-4.13,0.11,-0.45,-0.78
6.52,-0.82,-6.41,-0.35,0.09,0.20
7.65,-7.95,-1.15,0.36,0.48,0.62
9.06,-7.38,-1.01,-0.68,-0.11,-0.57
7.88,-2.00,-5.12,0.02,-0.27,-0.48
7.34,-2.93,-5.23,-0.12,0.19,0.27
8.55,-8.22,-1.22,0.07,0.21,0.17
8.57,-5.58,-2.14,-0.17,-0.20,-0.57
7.34,-2.04,-5.39,-0.11,-0.18,-0.45
7.68,-1.93,-5.54,-0.17,0.40,0.42
8.57,-8.74,-0.17,0.23,0.37,0.33
9.11,-5.69,-1.68,-0.32,-0.33,-0.66
7.20,-0.26,-6.64,-0.01,-0.17,-0.19
7.48,-2.86,-4.06,-0.20,0.39,0.73
9.28,-10.16,0.77,0.81,0.04,0.30
9.37,-4.93,-3.59,-0.53,-0.53,-0.89
6.09,-0.35,-7.04,-0.21,-0.18,-0.24
6.97,-2.46,-4.35,-0.25,0.45,0.82
9.28,-10.25,0.41,0.34,0.27,0.35
9.49,-4.98,-2.76,-0.47,-0.39,-0.75
7.12,-1.55,-5.88,0.04,-0.30,-0.49
7.47,-1.16,-4.44,0.15,0.20,0.54
8.88,-9.54,0.46,1.04,-0.09,0.41
8.99,-5.80,-3.48,-0.08,-0.59,-0.83
7.00,0.10,-7.72,-0.26,-0.11,-0.30
7.16,-2.17,-3.69,0.10,0.50,0.91
9.46,-9.75,0.20,0.15,-0.00,0.03
8.19,-2.40,-5.27,-0.14,-0.23,-0.40
6.85,-1.33,-6.02,-0.33,0.42,0.46
7.87,-7.12,-0.33,0.46,0.49,0.87
9.92,-8.31,-0.87,-0.14,-0.33,-0.43
7.38,-1.94,-6.40,-0.12,-0.33,-0.44
6.38,-1.92,-5.45,-0.29,0.41,0.51
7.82,-6.80,-0.69,0.38,0.58,0.94
9.87,-8.73,-0.56,-0.05,-0.20,-0.24
7.57,-3.35,-5.36,-0.14,-0.36,-0.46
6.73,-1.78,-5.55,-0.41,0.33,0.34
8.10,-6.51,-0.78,0.61,0.46,0.87
9.63,-9.31,-0.35,-0.13,-0.32,-0.36
7.44,-2.66,-5.63,-0.27,-0.49,-0.63
6.15,-1.33,-5.81,-0.27,0.29,0.35
7.60,-7.27,-1.12,0.70,0.54,0.85
9.95,-8.15,-0.70,-0.66,-0.11,-0.40
8.34,-1.84,-4.91,-0.17,-0.37,-0.42
6.27,-1.62,-4.82,-0.07,0.16,0.40
7.09,-5.61,-1.19,0.77,0.47,0.96
7.78,-8.47,-0.14,-0.09,-0.02,0.16
6.97,-2.95,-3.80,0.17,-0.26,0.12
6.40,-3.13,-4.37,0.70,0.10,1.09
7.67,-11.77,-0.00,1.37,0.18,1.05
8.60,-9.92,-1.08,-0.21,-0.35,-0.28
6.23,-3.77,-5.32,0.07,-0.34,-0.15
5.57,-4.83,-4.88,-0.07,0.40,0.83
7.07,-12.96,0.55,0.39,0.37,0.51
7.90,-8.60,-1.09,-0.96,-0.25,-0.75
5.65,-2.30,-5.08,-0.44,-0.18,-0.36
6.10,-4.77,-4.14,-0.03,0.41,0.66
7.95,-12.71,0.40,-0.19,0.19,-0.02
7.56,-6.29,-2.57,-1.09,-0.32,-0.94
5.94,-1.58,-5.55,-0.45,-0.03,-0.26
6.12,-5.68,-3.38,0.19,0.50,0.57
8.17,-11.22,-0.16,-0.38,0.18,-0.29
7.74,-5.12,-3.56,-0.94,-0.19,-0.95
6.29,-1.95,-5.39,-0.29,0.12,-0.34
6.91,-4.91,-3.08,-0.01,0.50,0.45
8.76,-10.16,-0.48,-0.05,0.11,-0.35
7.88,-4.21,-3.81,-0.51,-0.18,-0.98
6.04,-1.15,-5.40,-0.20,0.20,-0.21
7.40,-5.23,-1.92,0.21,0.49,0.64
9.60,-9.50,-0.79,-0.08,0.02,-0.27
8.40,-4.14,-4.34,-0.37,-0.19,-0.89
6.52,-0.54,-5.02,-0.43,0.23,-0.16
8.45,-5.39,-0.77,0.46,0.45,0.59
9.86,-8.95,-0.40,0.10,-0.12,-0.40
8.25,-3.28,-4.59,-0.17,-0.30,-0.93
6.69,-0.54,-4.27,0.28,0.11,-0.07
8.36,-4.54,-0.65,1.85,0.15,0.45
9.98,-7.27,-0.64,1.53,-0.23,0.10
10.00,-7.25,-2.20,0.24,-0.57,-0.44
8.89,-5.33,-3.38,-1.04,-0.46,-0.78
8.93,-4.77,-2.97,-0.90,-0.35,-0.82
7.98,-1.64,-3.66,-1.79,-0.24,-0.60
7.83,-4.04,-2.60,-1.31,-0.01,-0.39
8.24,-2.32,-2.55,-2.23,0.19,-0.47
8.18,-0.70,-2.94,-1.19,0.22,-0.27
8.15,-1.10,-3.95,-0.65,0.18,0.03
8.05,0.81,-4.92,-0.17,0.18,0.35
9.33,0.32,-3.17,2.31,0.22,1.02
10.56,-3.00,-0.61,4.37,-0.09,1.15
9.89,-6.41,-1.39,2.32,-0.37,0.89
8.11,-4.02,-1.99,0.62,-0.58,1.07
7.34,-9.59,-1.27,0.87,-0.66,0.87
8.33,-9.89,-1.81,-1.56,-0.48,-0.55
7.55,-3.17,-4.36,-1.15,-0.51,-0.99
5.74,0.30,-6.23,-0.75,-0.05,0.15
6.84,-6.22,-3.05,0.31,0.43,0.90
10.10,-9.15,-0.20,-0.56,-0.08,-0.28
8.56,-3.32,-4.38,-0.50,-0.53,-0.88
4.93,1.26,-6.16,-0.10,-0.20,0.40
6.61,-5.06,-4.73,0.39,0.46,1.18
9.87,-10.91,-0.83,-0.18,0.31,0.11
10.50,-6.36,-3.07,-0.76,-0.29,-1.28
5.95,-0.08,-7.18,-0.76,-0.47,-0.81
5.78,-0.22,-6.97,0.11,0.10,0.68
6.85,-5.56,-3.74,-0.36,0.60,1.08
9.80,-11.39,-0.94,0.11,0.15,-0.36
9.34,-3.90,-3.85,-1.04,-0.32,-1.50
5.60,2.32,-7.07,-0.49,-0.40,-0.56
5.81,-0.26,-6.75,0.34,0.11,0.86
7.80,-7.22,-3.09,0.26,0.57,0.74
10.35,-8.21,-1.47,-0.15,0.19,-0.83
8.69,-0.64,-4.52,0.18,-0.39,-1.06
5.32,2.12,-6.99,0.36,-0.16,0.33
6.22,-3.33,-4.90,0.45,0.55,1.33
10.01,-11.06,-0.62,0.78,0.42,0.34
11.25,-6.19,-2.82,-0.81,-0.20,-1.26
7.83,0.50,-6.35,-0.11,-0.49,-0.89
6.69,0.90,-6.82,0.11,-0.07,0.57
6.95,-5.53,-3.31,0.66,0.44,1.05
9.73,-10.92,-0.13,0.23,0.16,-0.67
9.75,-2.30,-3.29,-0.51,-0.36,-1.61
6.63,3.55,-6.63,-0.24,-0.37,-0.20
6.32,-1.28,-5.38,0.14,0.10,1.22
8.53,-10.63,-0.70,1.01,0.32,0.44
10.25,-6.49,-1.70,-0.55,-0.07,-1.25
7.41,2.96,-6.09,-0.48,-0.41,-0.70
6.72,1.59,-6.43,0.87,0.08,1.10
8.00,-7.95,-1.86,0.86,0.56,1.14
10.42,-9.46,-1.19,-0.22,0.10,-0.66
8.55,-0.18,-5.07,-0.69,-0.27,-1.02
6.65,2.35,-6.02,0.16,0.06,0.53
7.05,-4.69,-2.80,0.54,0.56,1.27
9.65,-10.45,-0.26,0.45,0.26,-0.06
9.84,-3.11,-3.55,-0.48,-0.10,-1.03
7.30,2.02,-5.89,-0.19,-0.05,0.09
6.56,-2.28,-4.55,0.32,0.23,1.43
8.29,-9.29,-1.00,0.27,0.55,0.98
10.19,-7.78,-1.34,-0.76,0.32,-0.59
9.06,-0.63,-3.71,-0.53,-0.05,-0.64
8.15,-0.08,-4.60,-0.24,0.03,0.54
8.02,-4.95,-2.92,-0.11,0.45,1.06
9.86,-10.57,-0.14,0.40,0.14,-0.16
9.42,-3.85,-2.55,-0.82,-0.25,-1.08
6.74,0.71,-5.32,-0.41,-0.30,-0.07
6.53,-2.92,-4.73,-0.13,0.13,0.98
9.22,-9.89,-1.44,0.67,0.30,0.29
9.64,-5.47,-2.18,-0.96,0.06,-0.92
7.83,-0.02,-3.95,-0.43,-0.19,-0.39
7.27,-1.59,-5.39,0.06,-0.00,0.62
8.53,-7.36,-2.60,0.79,0.34,0.56
9.46,-7.24,-1.28,-0.30,0.10,-0.63
7.95,-0.33,-3.77,-0.66,-0.23,-0.52
7.07,-0.30,-5.70,-0.11,-0.29,0.46
7.83,-6.46,-2.83,1.32,0.15,0.81
9.98,-8.82,-0.49,0.12,-0.13,-0.57
8.57,-1.64,-3.79,-0.48,-0.55,-0.77
6.75,-0.49,-5.83,0.15,-0.33,0.23
7.05,-3.74,-4.36,0.45,0.20,0.87
9.07,-10.20,-0.46,0.85,0.23,0.06
9.83,-4.84,-2.77,-0.83,-0.32,-1.03
7.34,0.44,-5.86,-0.13,-0.42,-0.40
6.46,-1.11,-6.29,-0.14,-0.03,0.76
8.08,-8.95,-2.03,1.05,0.38,0.66
9.87,-7.24,-0.58,-0.63,-0.05,-0.70
9.15,-1.16,-3.57,-0.03,-0.57,-0.68
7.22,-0.19,-6.18,-0.21,-0.44,0.21
7.30,-4.81,-3.73,0.63,0.07,0.86
9.05,-9.90,-0.50,0.33,0.00,-0.30
9.46,-2.74,-2.80,-0.25,-0.52,-1.08
7.57,1.31,-6.25,0.02,-0.53,-0.06
6.65,-4.03,-4.92,0.82,-0.12,0.95
7.92,-10.45,-1.73,0.48,0.04,-0.02
8.83,-4.17,-3.46,-0.34,-0.31,-0.99
6.99,0.73,-6.22,-0.08,-0.33,-0.20
6.93,-2.09,-5.84,0.17,-0.02,0.91
7.62,-10.41,-2.43,0.89,0.30,0.56
9.96,-7.24,-2.22,-0.67,-0.04,-1.10
7.39,1.57,-6.08,-0.69,-0.31,-0.59
6.72,-1.12,-6.04,0.21,-0.07,0.76
6.86,-8.01,-3.44,0.56,0.38,0.79
10.04,-8.59,-1.67,-0.14,0.14,-0.76
8.62,-0.88,-4.97,-0.39,-0.29,-0.87
7.03,0.45,-6.19,-0.29,-0.15,0.29
6.52,-4.75,-4.61,0.05,0.30,0.98
8.89,-10.06,-1.45,0.13,0.37,-0.20
9.19,-2.21,-3.71,-0.73,-0.09,-0.92
7.93,0.92,-5.82,-0.29,-0.16,0.05
7.07,-2.31,-5.21,-0.08,0.15,1.02
8.19,-10.43,-1.38,0.68,0.33,0.21
9.70,-4.30,-2.63,-0.55,-0.17,-1.08
8.19,0.34,-5.65,0.33,-0.27,-0.50
7.62,-0.79,-6.09,-0.27,-0.12,0.50
6.81,-6.00,-4.02,0.20,0.23,0.87
9.39,-9.16,-1.47,0.07,0.10,-0.58
8.73,-0.41,-4.58,-0.50,-0.30,-0.88
7.89,0.62,-5.95,0.12,-0.20,0.28
6.95,-3.28,-5.04,-0.18,0.10,1.00
8.25,-10.55,-1.65,0.91,0.27,0.03
9.61,-3.51,-3.04,-0.60,-0.20,-1.08
7.74,0.81,-5.93,0.41,-0.25,-0.32
7.28,-0.32,-5.87,-0.12,-0.01,0.74
6.89,-7.28,-3.40,0.59,0.29,0.98
9.51,-9.74,-1.85,0.20,0.14,-0.63
8.86,-0.59,-4.66,-0.46,-0.20,-0.98
7.78,0.84,-5.59,0.03,-0.19,0.19
7.01,-2.74,-5.24,-0.06,0.17,1.16
7.96,-10.93,-1.52,0.95,0.22,0.38
9.29,-5.65,-2.62,-0.69,-0.20,-1.09
7.58,1.80,-6.14,-0.20,-0.21,-0.36
7.18,-1.11,-5.92,-0.13,0.01,0.89
7.42,-7.75,-3.36,0.52,0.32,0.92
9.68,-9.19,-1.46,-0.27,0.08,-0.58
8.90,-1.71,-4.14,-0.50,-0.34,-0.97
7.44,0.72,-5.63,0.03,-0.22,-0.07
7.30,-1.80,-5.18,-0.04,0.06,0.84
7.49,-8.15,-2.83,0.84,0.30,0.78
9.60,-9.36,-1.79,-0.07,0.01,-0.91
8.52,-0.87,-4.78,-0.25,-0.26,-1.16
7.42,0.21,-6.34,-0.08,-0.28,-0.20
7.14,0.02,-6.03,-0.04,0.04,1.05
7.59,-8.46,-2.48,0.59,0.54,1.04
9.06,-9.12,-0.67,-0.29,0.21,-0.64
8.56,-1.49,-3.24,-0.30,-0.36,-0.96
7.55,2.48,-6.36,-0.10,-0.41,0.29
6.37,-4.63,-5.02,0.81,0.28,1.33
8.68,-11.85,-0.68,0.39,0.29,-0.06
9.76,-3.23,-3.32,-0.55,-0.30,-1.12
8.04,1.41,-6.11,-0.23,-0.35,-0.11
7.21,-2.77,-5.25,0.23,-0.09,0.91
8.01,-10.69,-2.01,0.74,0.16,0.08
9.14,-4.36,-3.04,-0.46,-0.20,-1.11
7.73,0.82,-5.20,-0.21,-0.46,-0.39
6.90,0.03,-5.89,0.33,-0.26,1.01
6.93,-11.09,-2.26,1.14,0.20,0.66
9.45,-6.64,-2.65,-0.34,-0.09,-0.96
7.98,0.20,-5.35,0.04,-0.37,-0.53
7.21,-0.21,-6.31,-0.06,-0.20,0.81
6.51,-9.71,-3.02,0.89,0.25,0.85
9.15,-8.39,-1.94,-0.40,-0.04,-0.95
7.63,-0.11,-5.45,0.06,-0.29,-0.82
7.17,0.52,-6.39,-0.35,-0.12,0.48
6.27,-6.20,-4.40,0.50,0.27,1.24
9.28,-11.18,-1.16,0.01,0.23,-0.50
8.44,-1.51,-4.52,-0.50,-0.17,-1.02
7.35,-0.08,-6.14,-0.24,-0.10,0.09
6.91,-3.38,-5.23,-0.28,0.23,0.95
8.61,-11.32,-1.43,0.57,0.35,-0.15
8.99,-2.64,-3.69,-0.94,-0.07,-1.06
7.63,-0.03,-5.70,-0.10,-0.17,-0.17
7.46,-1.34,-5.58,-0.40,0.07,0.84
7.82,-10.18,-1.94,0.82,0.29,0.32
9.21,-4.70,-2.40,-0.61,-0.15,-1.00
8.03,0.82,-5.70,0.12,-0.35,-0.29
7.39,-1.08,-6.22,-0.23,-0.13,0.80
6.98,-9.14,-3.44,0.70,0.22,0.63
9.52,-6.13,-2.82,-0.40,-0.03,-0.85
7.95,0.15,-5.11,0.08,-0.26,-0.45
7.78,-1.07,-5.61,-0.53,-0.16,0.51
7.17,-7.49,-4.07,0.75,0.16,0.67
9.29,-7.46,-2.59,-0.28,0.03,-0.83
7.82,0.90,-5.42,-0.22,-0.26,-0.58
7.50,-0.60,-6.05,-0.25,-0.11,0.57
7.07,-6.89,-4.14,0.57,0.23,0.86
9.26,-8.81,-1.88,-0.05,0.02,-0.75
7.85,-0.09,-5.18,-0.03,-0.30,-0.91
7.38,1.13,-6.52,-0.32,-0.11,0.37
6.85,-5.11,-4.52,0.29,0.29,1.24
9.02,-11.19,-1.27,0.37,0.13,-0.40
8.51,-0.46,-4.66,-0.54,-0.27,-1.01
7.45,1.06,-6.27,0.09,-0.18,0.34
6.50,-4.91,-4.93,0.28,0.17,1.12
9.28,-11.35,-1.50,0.62,0.18,-0.37
8.87,-1.13,-4.64,-0.59,-0.19,-1.09
6.90,0.79,-5.91,0.02,-0.19,0.15
6.56,-2.44,-5.40,0.03,0.09,1.17
8.77,-12.09,-1.41,1.00,0.33,0.12
9.13,-2.60,-3.88,-1.08,-0.13,-1.02
6.88,0.31,-6.22,0.25,-0.13,0.03
7.08,-1.67,-5.63,-0.43,0.23,0.98
8.20,-9.80,-2.25,1.05,0.44,0.73
9.61,-7.05,-2.49,-0.83,0.06,-0.87
6.95,0.87,-5.78,-0.52,-0.02,-0.22
6.45,-2.12,-5.62,-0.16,0.22,0.80
8.77,-9.35,-2.32,0.75,0.57,0.56
9.93,-6.62,-1.84,-1.07,0.17,-0.83
6.88,0.61,-4.84,-0.55,-0.15,-0.32
6.78,-1.48,-5.72,-0.22,0.20,0.71
9.03,-8.72,-2.63,0.74,0.57,0.54
10.24,-6.55,-1.56,-0.98,0.13,-0.84
6.92,0.30,-4.50,-0.39,-0.29,-0.42
7.18,-0.51,-6.24,-0.16,0.07,0.52
8.68,-7.38,-3.35,0.51,0.53,0.65
10.55,-8.19,-0.83,-0.09,0.15,-0.81
7.76,-0.95,-4.18,-0.45,-0.46,-0.96
7.22,2.52,-6.27,-0.08,-0.08,0.26
7.64,-5.41,-3.07,0.67,0.39,1.08
10.27,-9.68,-0.10,0.27,0.04,-0.34
9.20,-1.91,-4.10,-0.32,-0.48,-1.10
6.47,2.12,-5.96,0.11,-0.19,0.05
7.44,-3.37,-3.82,0.52,0.14,1.11
9.64,-10.30,-1.52,0.77,0.20,0.26
10.06,-5.34,-2.41,-0.27,-0.14,-1.13
6.70,1.66,-5.17,-0.08,-0.43,-0.49
7.23,-1.23,-5.09,0.81,-0.03,0.88
8.84,-8.76,-2.12,0.56,0.35,0.78
10.25,-8.21,-1.69,-0.71,0.02,-0.87
7.68,0.01,-4.47,-0.64,-0.36,-1.04
6.23,1.48,-5.49,0.41,-0.16,0.54
7.82,-4.91,-3.76,0.30,0.34,1.25
10.44,-12.07,-0.36,0.30,0.21,-0.34
9.39,-1.83,-3.14,-1.13,-0.28,-1.48
5.61,2.80,-5.45,0.08,-0.32,-0.02
7.14,-1.96,-5.06,0.29,0.17,1.26
10.23,-11.49,-1.21,1.01,0.35,0.51
10.30,-5.82,-2.54,-1.26,-0.08,-1.28
5.96,2.46,-5.34,-0.44,-0.26,-0.44
6.62,-0.03,-5.50,-0.06,0.11,1.04
8.55,-7.93,-2.45,0.59,0.58,1.23
10.33,-9.54,-1.43,-0.49,0.21,-0.54
7.63,-0.03,-4.56,-0.96,-0.16,-0.75
6.66,1.18,-6.05,-0.07,0.06,0.71
7.99,-5.22,-3.24,0.30,0.55,1.43
10.45,-11.21,-0.60,0.44,0.33,-0.09
8.83,-2.47,-3.74,-0.90,-0.14,-0.95
6.57,0.75,-5.62,-0.28,-0.08,0.20
7.68,-3.68,-3.73,0.09,0.38,1.08
10.05,-11.03,-0.41,0.84,0.39,0.03
9.75,-3.58,-2.67,-0.96,-0.24,-1.13
6.93,0.79,-5.42,-0.14,-0.29,-0.14
7.53,-3.38,-3.69,0.18,0.17,0.69
9.72,-9.58,-0.81,0.78,0.28,-0.09
9.46,-4.07,-2.01,-0.63,-0.24,-1.11
6.61,0.66,-4.63,-0.07,-0.36,-0.23
6.95,-2.53,-3.94,-0.00,0.08,0.70
9.70,-9.03,-0.44,1.17,0.37,0.24
10.04,-5.01,-0.48,-0.42,-0.31,-0.99
6.70,0.23,-4.75,0.33,-0.49,-0.33
6.92,-1.24,-5.39,0.45,0.17,0.74
10.01,-9.32,0.85,1.55,0.37,0.57
11.03,-6.94,1.00,0.10,-0.58,-0.97
8.12,-0.97,-4.82,0.53,-0.85,-0.80
7.05,-0.59,-5.68,0.29,-0.32,0.18
9.41,-7.13,-0.64,1.42,-0.00,0.61
10.06,-8.75,0.90,0.19,-0.79,-0.88
7.12,-1.08,-5.30,-0.02,-1.23,-1.09
5.90,-0.35,-7.86,0.24,-0.54,0.04
7.88,-4.59,-4.34,0.26,0.07,0.71
10.60,-10.62,0.79,0.22,-0.05,-0.52
9.20,-1.49,-2.59,-0.55,-0.75,-1.39
6.40,2.54,-6.85,0.15,-0.55,-0.04
7.05,-3.26,-5.29,0.22,-0.04,0.93
9.04,-10.41,-1.12,0.76,0.18,0.06
10.34,-4.89,-2.68,-0.92,-0.24,-1.06
6.43,1.94,-6.60,-0.42,-0.30,-0.35
6.71,-0.45,-6.36,-0.59,-0.02,0.81
7.65,-7.92,-3.05,0.71,0.39,0.96
10.74,-8.01,-1.30,-0.89,0.01,-0.85
7.38,1.50,-5.76,-0.62,-0.27,-0.80
6.24,1.00,-6.59,-0.20,0.06,0.53
7.30,-3.15,-4.55,0.30,0.35,1.23
10.52,-11.00,-0.84,1.06,0.22,0.09
9.66,-3.29,-4.10,-0.72,-0.39,-1.17
5.80,2.22,-7.08,-0.05,-0.27,-0.08
6.56,-1.15,-6.12,-0.24,0.12,1.06
8.56,-8.87,-2.26,0.72,0.50,0.93
10.36,-8.05,-1.26,-0.67,-0.18,-0.89
6.51,1.98,-6.72,-0.67,-0.40,-0.62
6.37,-0.24,-7.13,-0.39,0.13,0.64
8.11,-4.08,-4.17,0.07,0.49,1.21
10.36,-10.86,-0.45,0.64,0.16,-0.21
8.74,-1.15,-5.20,-0.94,-0.37,-1.05
5.25,0.65,-7.24,0.17,-0.03,0.17
7.01,-0.70,-5.72,-0.70,0.37,1.10
8.82,-9.07,-1.54,1.23,0.63,0.95
10.48,-7.65,-1.02,-0.76,-0.05,-0.87
6.25,1.75,-6.46,-0.08,-0.23,-0.42
6.12,-1.00,-6.68,0.39,0.29,0.71
8.17,-3.94,-3.10,-0.06,0.72,1.34
11.02,-12.04,0.72,1.10,0.33,0.09
9.48,-3.77,-3.39,-1.29,-0.37,-1.02
5.31,0.49,-7.03,-0.03,-0.13,0.01
6.96,-1.84,-5.33,-0.29,0.50,1.08
9.54,-9.66,-0.35,0.86,0.61,0.79
10.28,-7.89,-0.40,-0.70,-0.18,-0.86
6.13,0.51,-5.51,-0.65,-0.46,-0.45
6.61,-1.51,-6.23,-0.09,0.18,0.68
8.80,-7.85,-2.46,0.74,0.52,0.74
10.47,-8.49,-1.02,-0.35,0.02,-0.71
6.70,-0.84,-4.66,-0.47,-0.36,-0.65
6.95,-0.65,-6.03,-0.05,-0.01,0.26
8.64,-5.73,-3.16,0.93,0.53,0.81
10.25,-9.55,0.08,0.21,0.11,-0.49
8.04,-2.13,-3.70,-0.28,-0.55,-1.00
6.28,0.57,-6.42,0.37,-0.13,0.20
8.19,-5.26,-2.98,0.41,0.32,0.94
10.00,-10.17,-0.54,0.50,0.11,-0.06
9.18,-4.83,-2.52,-0.31,-0.42,-1.17
5.22,1.03,-5.97,-0.03,-0.36,-0.29
7.33,-2.61,-4.44,0.59,0.23,0.88
9.39,-8.08,-1.04,0.39,0.44,0.74
10.33,-9.25,-0.30,-0.53,-0.10,-0.77
6.96,-0.35,-4.90,-0.17,-0.53,-0.92
5.91,-0.63,-6.07,0.35,0.05,0.41
8.35,-4.54,-3.04,0.28,0.52,1.05
10.64,-11.33,0.93,0.46,0.19,-0.08
9.25,-3.57,-2.66,-1.15,-0.45,-1.14
5.32,-0.32,-6.38,0.07,-0.23,-0.18
7.48,-2.42,-4.59,-0.00,0.36,0.75
10.45,-8.82,0.18,1.17,0.38,0.47
10.01,-6.14,-0.99,-0.65,-0.32,-0.87
5.93,0.05,-5.45,-0.08,-0.43,-0.32
6.65,-2.70,-5.67,0.04,0.21,0.68
9.56,-6.04,-2.27,-0.60,0.65,0.87
10.60,-9.76,-0.29,-0.25,0.18,-0.43
7.52,-1.53,-3.62,-1.04,-0.36,-0.89
6.19,0.10,-5.88,-0.10,-0.09,0.43
8.38,-4.83,-3.39,0.15,0.51,1.08
10.22,-10.67,0.09,0.34,0.30,-0.14
8.61,-3.26,-2.72,-0.80,-0.31,-1.13
5.80,0.70,-5.50,-0.26,-0.23,-0.08
7.56,-2.82,-3.96,0.10,0.42,1.02
10.27,-10.00,-0.11,0.75,0.35,0.33
9.98,-5.41,-1.78,-0.69,-0.31,-1.04
6.27,-0.15,-4.90,-0.38,-0.48,-0.41
7.21,-0.51,-5.83,-0.34,0.02,0.62
9.23,-7.66,-1.68,1.20,0.54,0.84
10.30,-7.88,0.37,-0.24,-0.14,-0.67
7.17,-0.54,-5.02,-0.18,-0.52,-0.54
6.23,-0.98,-6.56,-0.16,0.04,0.59
9.31,-8.12,-0.99,1.24,0.45,0.73
10.58,-7.58,-0.36,-0.20,-0.28,-0.83
6.70,-0.94,-4.23,-0.20,-0.65,-0.63
5.93,-0.11,-6.25,-0.13,-0.13,0.52
8.67,-6.37,-2.55,1.21,0.59,1.06
10.74,-10.30,1.10,0.09,-0.09,-0.49
7.95,-0.41,-4.45,-0.64,-0.68,-0.83
5.54,-1.10,-6.36,0.41,-0.16,0.42
8.31,-6.70,-2.05,0.83,0.33,0.78
10.93,-8.81,0.33,0.17,-0.21,-0.50
8.40,-2.85,-3.10,0.15,-0.97,-0.93
5.21,-0.04,-8.16,-0.18,-0.55,-0.01
6.95,-4.71,-4.83,0.26,0.46,0.92
10.82,-11.13,0.88,0.08,0.17,-0.31
8.84,-2.28,-3.32,-0.57,-0.68,-1.17
5.45,1.24,-7.24,-0.10,-0.39,-0.09
6.14,-2.16,-5.56,0.17,0.48,1.14
9.34,-11.52,0.32,0.90,0.56,0.46
10.04,-5.36,-2.38,-0.48,-0.38,-1.05
5.93,0.81,-6.83,-0.28,-0.18,-0.22
6.94,-2.35,-5.13,-0.33,0.22,0.75
8.91,-7.07,-2.06,0.36,0.55,0.99
10.69,-9.54,-0.57,-0.14,-0.13,-0.60
7.50,-0.63,-5.12,-0.74,-0.46,-0.84
5.70,-0.47,-5.56,0.20,0.01,0.43
6.93,-4.13,-3.56,0.22,0.36,0.97
9.35,-8.59,-0.57,0.73,0.25,0.34
9.28,-5.96,-2.03,-0.21,-0.32,-0.50
8.15,-1.84,-3.85,-0.86,-0.44,-0.29
7.70,-3.77,-3.68,-0.07,-0.36,0.49
8.27,-7.86,-4.56,-0.01,-0.43,-0.07
7.58,-1.48,-6.00,-0.50,-0.18,-0.18
7.74,-1.68,-5.02,0.24,-0.05,0.69
8.08,-10.01,-2.80,1.14,-0.05,0.55
8.04,-6.27,-3.55,-0.34,-0.30,-0.63
6.76,0.42,-6.35,0.35,-0.23,-0.06
7.02,-3.91,-4.22,0.67,0.07,0.85
7.91,-11.50,-1.74,1.19,0.01,0.38
8.42,-6.35,-3.41,-0.13,-0.31,-0.77
6.26,-0.03,-6.57,-0.21,-0.14,-0.06
6.25,-3.13,-4.89,-0.13,0.29,1.08
8.03,-14.22,-0.64,0.95,0.24,0.39
8.20,-5.55,-3.09,-0.94,-0.30,-0.95
5.61,0.94,-6.46,-0.45,-0.16,0.05
6.19,-4.45,-4.52,0.44,0.26,1.19
8.41,-13.12,-0.98,0.45,0.22,0.14
7.52,-4.65,-3.70,-0.27,-0.30,-0.71
5.55,-1.19,-6.24,-0.19,-0.03,0.14
6.56,-4.98,-3.81,0.50,0.33,1.10
8.42,-12.96,-0.68,0.26,0.01,-0.06
6.86,-3.80,-4.42,-0.58,-0.40,-0.75
5.23,-1.38,-6.02,-0.08,-0.01,0.25
6.75,-7.14,-2.99,0.94,0.34,1.02
8.62,-11.12,-1.39,-0.16,-0.09,-0.31
6.12,-3.34,-5.00,-0.48,-0.33,-0.65
5.00,-1.56,-5.47,-0.07,0.13,0.51
7.31,-9.71,-1.63,1.15,0.31,0.93
8.50,-10.62,-1.67,-0.09,-0.21,-0.54
5.59,-2.57,-5.48,-0.50,-0.28,-0.58
5.10,-1.98,-5.46,-0.10,0.20,0.73
7.53,-12.00,-0.85,1.07,0.28,0.71
8.31,-9.26,-2.06,-0.35,-0.25,-0.74
5.06,-1.81,-5.85,-0.41,-0.23,-0.40
5.11,-3.02,-4.92,0.10,0.28,0.86
8.08,-13.31,-0.08,0.84,0.23,0.39
7.75,-7.51,-2.88,-0.67,-0.32,-0.87
4.83,-1.87,-5.98,-0.27,-0.18,-0.33
5.41,-3.79,-4.37,0.23,0.34,0.87
8.58,-13.14,0.18,0.51,0.16,0.16
7.32,-6.33,-3.58,-0.68,-0.35,-0.85
4.66,-1.94,-6.25,-0.30,-0.01,-0.12
6.35,-5.46,-3.07,0.18,0.43,0.92
8.30,-13.41,0.20,0.34,0.01,-0.14
6.87,-5.46,-4.27,-0.81,-0.46,-1.03
4.88,-1.09,-6.74,-0.39,0.11,-0.09
6.62,-7.16,-1.65,0.59,0.41,0.82
8.43,-10.63,-0.60,-0.20,-0.11,-0.38
6.37,-3.72,-5.65,-0.24,-0.23,-0.71
5.06,-1.48,-5.78,0.01,0.29,0.45
7.32,-10.01,-0.03,1.21,0.29,0.67
8.06,-7.16,-1.19,0.74,-0.40,-0.24
6.31,-5.15,-3.55,1.67,-0.51,0.01
7.10,-8.14,-2.78,1.32,-0.28,0.13
7.80,-8.74,-2.28,0.11,-0.25,-0.20
7.22,-8.12,-3.27,-0.54,-0.29,-0.53
6.72,-7.07,-3.83,-1.45,0.03,-0.76
6.90,-4.70,-3.90,-1.71,0.31,-0.55
7.32,-6.49,-3.09,-1.48,0.46,-0.44
7.87,-5.35,-3.03,-2.17,0.43,-0.68
6.95,-0.62,-3.09,-1.14,0.17,-0.23
6.83,-1.80,-3.57,1.61,0.00,0.51
8.09,-3.00,-1.99,4.35,0.09,0.95
7.82,-6.82,0.78,4.24,0.10,0.84
8.77,-10.66,1.75,3.32,-0.33,0.38
7.29,-10.12,-0.45,0.72,-0.76,-0.28
5.71,-4.85,-4.61,-1.37,-0.05,-0.01
6.46,-6.76,-1.38,-0.73,0.69,0.49
9.41,-10.28,4.50,-1.08,0.20,-0.36
8.21,-5.64,-0.59,-0.97,-0.54,-1.02
4.69,-1.31,-5.06,-0.58,0.03,-0.10
6.81,-6.06,-0.22,0.45,0.63,0.77
9.96,-11.48,3.10,0.04,-0.03,-0.33
8.20,-5.22,-2.40,-0.33,-0.56,-0.95
4.84,-2.41,-4.99,-0.32,-0.10,-0.15
7.15,-4.50,-1.74,0.04,0.48,0.73
9.34,-11.24,2.91,0.29,0.28,0.18
9.50,-6.98,0.30,-0.99,-0.37,-1.09
5.71,-1.39,-5.04,-0.36,-0.42,-0.41
6.10,-3.77,-3.96,-0.50,0.33,0.59
9.00,-9.28,1.29,0.15,0.54,0.45
9.37,-8.26,0.20,-0.44,-0.19,-0.75
6.15,-2.32,-4.49,-0.49,-0.34,-0.36
6.29,-3.50,-4.44,-0.33,0.33,0.58
8.93,-9.04,0.82,0.68,0.53,0.53
9.75,-8.50,0.70,-0.39,-0.15,-0.76
6.39,-2.71,-4.06,-0.27,-0.37,-0.49
6.42,-2.60,-5.27,-0.29,0.23,0.41
8.54,-6.55,-0.50,0.67,0.60,0.85
10.00,-10.62,2.53,0.03,-0.00,-0.42
7.56,-2.99,-3.11,-0.43,-0.48,-0.77
6.13,-2.23,-5.31,0.01,-0.03,0.16
7.79,-5.77,-0.82,0.44,0.62,0.83
10.58,-10.32,2.90,0.19,0.03,-0.34
7.97,-2.59,-2.54,-0.27,-0.73,-0.59
5.52,-3.01,-5.33,0.21,-0.34,0.38
7.34,-8.33,-0.73,0.78,0.33,0.69
11.09,-9.15,1.80,-0.30,-0.23,-0.78
7.64,-2.42,-4.35,0.17,-0.86,-0.75
5.84,-1.65,-6.08,-0.29,-0.08,0.41
7.59,-9.53,0.53,0.53,0.38,0.67
10.46,-8.11,1.10,-0.89,-0.31,-0.91
7.43,-0.75,-5.91,-0.14,-0.65,-0.51
5.56,-2.69,-5.57,-0.28,0.05,0.64
8.26,-8.95,0.73,0.32,0.48,0.61
10.06,-7.55,0.03,-0.33,-0.31,-0.82
6.97,-1.12,-6.39,-0.15,-0.38,-0.43
6.19,-2.86,-4.95,-0.28,0.25,0.74
8.30,-9.88,0.67,0.17,0.47,0.49
9.59,-5.96,-1.16,-0.58,-0.18,-0.75
7.26,-1.17,-5.05,-0.14,-0.13,-0.12
7.17,-4.23,-4.07,-0.27,0.21,0.61
7.55,-6.80,-1.35,0.12,0.30,0.52
8.48,-5.66,-1.16,1.03,0.10,0.10
8.36,-6.08,-0.14,1.98,-0.24,0.07
8.38,-7.80,-1.23,-0.33,-0.23,-0.31
7.54,-4.40,-3.11,-0.76,-0.03,-0.31
7.95,-4.74,-3.15,-0.94,0.15,-0.11
9.43,-4.02,-1.49,0.23,0.04,0.27
8.09,-7.40,-1.83,0.86,-0.36,0.06
6.98,-3.93,-6.21,-0.44,0.22,0.14
8.69,-5.36,-1.90,0.31,0.91,0.44
10.87,-8.35,3.36,0.49,0.17,-0.08
8.67,-6.46,-0.31,-0.12,-0.86,-0.77
4.83,-2.74,-6.47,-0.23,-0.51,-0.42
6.03,-2.32,-4.33,0.14,0.63,0.53
10.24,-7.06,2.65,1.02,0.60,0.76
9.56,-9.30,2.59,0.22,-0.61,-0.33
6.50,-4.57,-4.64,-0.08,-0.88,-0.62
5.30,-2.88,-6.30,-0.30,0.23,0.15
8.44,-5.28,-0.72,0.44,0.77,0.84
10.13,-10.65,4.19,0.33,-0.14,0.04
8.14,-5.75,-2.19,-0.50,-0.99,-0.84
4.02,-1.82,-6.96,-0.51,-0.19,-0.11
6.84,-4.01,-3.33,0.43,0.55,0.77
10.15,-7.81,1.69,0.70,0.55,0.66
9.35,-9.65,2.04,-0.19,-0.54,-0.38
6.12,-4.50,-4.72,-0.63,-0.82,-0.67
4.93,-2.29,-6.66,-0.38,0.31,0.26
8.05,-5.82,-1.22,0.42,0.87,0.89
10.38,-10.13,3.50,0.20,0.09,0.13
8.00,-6.30,-2.18,-0.65,-0.75,-0.66
4.76,-2.98,-7.06,-0.66,-0.09,-0.24
7.00,-4.09,-3.22,0.20,0.71,0.60
10.43,-8.58,2.49,0.38,0.40,0.32
9.17,-7.09,-0.70,-0.36,-0.74,-0.50
5.02,-4.38,-6.38,-0.51,-0.50,-0.45
5.93,-3.07,-5.22,-0.40,0.51,0.26
10.16,-5.51,0.04,0.46,0.78,0.62
10.08,-8.80,2.58,0.05,-0.38,-0.16
6.49,-5.38,-4.65,-0.29,-0.85,-0.64
4.67,-3.28,-7.22,-0.55,0.22,-0.13
8.06,-4.71,-2.52,0.16,0.80,0.56
10.85,-8.35,2.64,0.22,0.25,0.16
8.77,-6.73,-1.84,-0.54,-0.81,-0.63
4.86,-3.67,-7.27,-0.81,-0.17,-0.43
7.61,-3.53,-3.52,-0.50,0.53,0.20
11.07,-7.33,1.73,0.17,0.14,0.11
8.66,-6.12,-2.81,-0.87,-0.76,-0.63
4.89,-2.90,-7.16,-1.18,-0.15,-0.42
8.31,-2.85,-3.35,-0.11,0.36,0.17
10.32,-6.63,0.52,-0.07,0.04,-0.08
7.70,-4.74,-4.69,-0.53,-0.45,-0.52
5.72,-3.13,-6.72,-1.03,0.09,-0.33
9.84,-2.51,-3.08,-0.15,0.59,0.10
10.48,-5.53,-0.88,-0.10,0.05,-0.16
7.17,-4.55,-5.06,-0.79,-0.41,-0.60
6.06,-0.75,-6.92,-0.92,0.18,-0.21
10.45,-2.28,-2.32,0.21,0.56,0.27
9.98,-5.05,-1.55,0.12,0.01,-0.12
7.41,-2.87,-5.37,-0.82,-0.30,-0.49
7.02,-0.32,-6.08,-0.24,0.16,0.06
10.34,-2.60,-2.16,0.61,0.40,0.45
9.68,-6.07,-1.59,0.09,-0.12,-0.12
6.99,-1.15,-6.86,-0.93,-0.22,-0.37
8.41,-0.96,-5.24,0.13,0.34,0.27
10.86,-5.03,-0.02,0.68,0.32,0.17
8.96,-4.10,-2.54,-0.23,-0.41,-0.44
5.96,-0.48,-7.15,-0.50,-0.19,-0.17
8.72,-1.76,-4.35,0.25,0.50,0.43
11.34,-5.18,0.14,0.60,0.30,0.16
8.85,-3.81,-3.12,-0.51,-0.49,-0.46
6.29,-0.21,-7.65,-0.38,-0.10,-0.13
9.20,-2.07,-3.59,0.20,0.47,0.40
11.00,-5.23,0.61,0.30,0.08,0.07
8.38,-3.09,-4.76,-0.18,-0.42,-0.40
6.55,-0.40,-6.73,-0.49,0.08,-0.01
9.99,-2.09,-2.59,0.47,0.55,0.52
11.24,-5.41,0.32,0.19,-0.02,0.02
7.98,-3.05,-4.94,-0.31,-0.57,-0.47
6.57,-0.16,-7.34,-0.32,0.11,0.04
10.08,-3.13,-2.05,0.55,0.59,0.49
10.93,-5.67,0.46,-0.10,-0.04,-0.15
7.81,-1.88,-5.06,-0.43,-0.61,-0.45
6.91,-0.85,-7.13,-0.25,0.15,0.05
10.31,-2.62,-2.10,0.51,0.59,0.39
11.01,-5.44,0.75,-0.05,-0.12,-0.26
7.61,-1.33,-5.75,-0.46,-0.63,-0.51
6.61,-0.24,-7.07,-0.24,0.17,0.14
10.12,-3.49,-0.92,0.63,0.58,0.47
10.87,-4.33,-0.45,-0.33,-0.23,-0.18
7.47,-1.86,-6.77,-0.31,-0.38,-0.39
7.36,-0.53,-6.17,-0.37,0.29,0.12
11.01,-3.31,-0.23,0.58,0.55,0.35
10.33,-3.88,-0.70,-0.35,-0.38,-0.26
6.91,-1.17,-6.80,-0.36,-0.47,-0.31
7.77,-0.45,-6.15,-0.12,0.35,0.29
11.04,-4.66,0.05,0.60,0.42,0.34
9.81,-3.59,-1.56,-0.33,-0.45,-0.28
6.98,-1.20,-7.01,-0.38,-0.33,-0.31
8.69,0.06,-5.16,-0.16,0.35,0.25
10.95,-4.48,0.27,0.66,0.24,0.32
9.05,-3.96,-2.38,-0.17,-0.49,-0.29
7.10,-0.45,-7.52,-0.42,-0.11,-0.18
9.28,-1.43,-4.25,0.09,0.42,0.31
11.04,-4.69,0.15,0.26,0.16,0.08
8.77,-3.07,-3.11,-0.28,-0.49,-0.44
6.62,-0.02,-7.57,-0.37,-0.11,-0.17
9.20,-0.38,-3.73,0.24,0.50,0.49
11.17,-4.81,0.58,0.62,0.17,0.27
8.76,-2.71,-4.11,-0.20,-0.60,-0.30
7.21,-0.10,-7.56,-0.03,0.09,0.08
9.26,-2.46,-2.46,0.55,0.53,0.53
10.80,-4.86,0.93,0.27,0.05,0.14
8.51,-2.98,-4.71,0.39,-0.45,-0.26
7.27,-1.24,-6.81,-0.22,0.25,0.04
9.25,-2.52,-1.87,0.60,0.59,0.48
11.19,-5.07,1.60,0.37,0.07,0.13
8.94,-4.11,-3.89,0.02,-0.46,-0.39
7.34,-1.27,-6.19,-0.50,0.07,-0.16
9.79,-2.93,-1.80,0.37,0.47,0.23
10.45,-4.53,0.17,0.03,-0.05,-0.14
7.75,-2.84,-4.88,-0.27,-0.29,-0.38
7.45,-0.77,-4.93,-0.50,0.18,0.08
9.55,-2.36,-1.35,0.17,0.40,0.47
10.54,-3.53,-0.86,0.28,-0.04,0.23
9.86,-3.06,-3.46,1.47,-0.21,-0.00
9.88,-3.65,-2.61,-0.18,-0.10,-0.23
10.22,-1.80,-1.02,0.75,-0.34,0.12
8.78,-5.30,-1.43,1.00,-0.59,0.03
7.30,-4.95,-2.31,0.14,-0.67,-0.26
6.65,-2.17,-5.48,-0.01,-0.33,-0.17
7.97,-1.54,-5.35,0.42,0.31,0.37
10.85,-3.82,-1.41,0.63,0.47,0.64
11.06,-7.65,1.92,0.55,-0.37,-0.12
7.92,-3.03,-3.94,-0.24,-0.90,-0.65
6.15,-1.27,-7.29,-0.03,-0.03,-0.05
8.85,-2.63,-2.87,0.47,0.56,0.58
11.40,-6.70,2.23,0.74,0.01,0.26
9.41,-4.98,-2.25,-0.14,-0.83,-0.59
5.11,-1.63,-8.06,-0.32,-0.30,-0.27
6.88,-1.85,-4.56,0.07,0.65,0.57
10.81,-5.34,1.44,0.73,0.57,0.70
10.58,-7.25,1.25,0.04,-0.54,-0.16
7.65,-3.66,-4.82,0.01,-0.93,-0.58
5.41,-1.05,-7.81,-0.25,0.10,0.11
8.26,-3.47,-1.88,0.72,0.83,0.87
11.50,-7.90,2.82,0.54,0.04,0.38
9.89,-5.38,-1.95,-0.37,-0.78,-0.60
5.47,-2.14,-7.80,-0.18,-0.42,-0.34
7.04,-2.20,-4.61,0.37,0.58,0.57
10.47,-6.14,1.48,0.67,0.48,0.65
10.18,-7.72,1.21,-0.09,-0.58,-0.22
7.24,-3.81,-5.17,0.07,-0.86,-0.58
5.20,-1.72,-7.47,0.04,0.26,0.22
8.49,-4.90,-1.64,0.58,0.76,0.75
11.39,-7.21,2.95,0.43,0.01,0.33
9.44,-6.11,-1.78,-0.10,-0.93,-0.50
5.29,-3.57,-7.56,-0.26,-0.49,-0.48
6.71,-2.65,-4.90,-0.05,0.45,0.29
10.07,-5.56,0.27,0.31,0.43,0.52
9.73,-7.73,1.68,0.12,-0.53,-0.07
6.97,-5.33,-4.40,-0.27,-0.84,-0.62
5.43,-1.86,-7.55,-0.46,0.30,-0.07
8.66,-4.87,-2.47,0.44,0.68,0.52
10.82,-6.59,1.61,0.16,0.03,0.19
8.82,-6.17,-1.44,-0.00,-0.77,-0.41
4.97,-2.85,-8.28,-0.51,-0.37,-0.33
6.70,-2.80,-4.72,0.36,0.71,0.51
10.89,-5.97,0.95,0.47,0.51,0.58
10.01,-8.49,1.55,0.03,-0.64,-0.22
6.51,-4.24,-6.06,-0.33,-0.83,-0.68
5.18,-2.10,-7.26,-0.28,0.49,0.05
9.11,-4.52,-1.52,0.48,0.80,0.65
11.02,-7.96,2.92,0.54,-0.05,0.20
8.97,-5.85,-1.50,-0.04,-1.01,-0.60
3.89,-2.70,-8.41,0.05,-0.48,-0.20
6.34,-3.96,-4.62,0.27,0.75,0.47
10.47,-6.32,0.18,0.11,0.67,0.45
10.44,-7.68,1.53,-0.03,-0.38,-0.12
7.35,-5.30,-3.60,-0.42,-0.83,-0.70
4.66,-1.97,-8.14,-0.59,0.13,-0.11
7.92,-3.99,-2.93,0.33,0.83,0.64
11.04,-7.60,2.76,0.35,0.24,0.26
10.94,-9.09,2.99,0.46,-0.09,0.21
8.75,-6.06,-3.60,-0.44,-0.75,-0.61
4.88,-3.62,-7.62,-0.44,0.05,-0.31
7.05,-3.40,-3.95,-0.17,0.78,0.46
10.46,-6.98,2.33,0.38,0.38,0.38
9.33,-7.04,-0.49,-0.55,-0.65,-0.38
5.76,-4.76,-6.04,-0.43,-0.48,-0.54
6.07,-3.64,-5.76,-0.48,0.27,-0.09
8.88,-3.23,-2.95,-0.30,0.96,0.31
10.57,-6.82,2.47,0.48,0.22,0.17
8.22,-5.09,-2.99,-0.45,-0.61,-0.36
5.55,-3.37,-7.09,-0.11,0.09,0.01
7.81,-4.47,-3.41,0.08,0.73,0.40
11.48,-7.18,2.11,0.15,0.17,0.09
9.03,-5.63,-1.79,-0.52,-0.68,-0.45
5.69,-4.20,-6.44,-0.64,-0.21,-0.35
7.79,-3.45,-3.71,-0.37,0.46,0.01
10.83,-5.54,1.25,-0.12,0.07,-0.09
9.10,-4.86,-2.59,-0.74,-0.62,-0.51
6.19,-3.63,-7.24,-0.78,-0.22,-0.53
7.78,-1.63,-5.17,-0.62,0.42,-0.08
10.86,-4.62,0.22,0.20,0.29,0.01
9.42,-4.37,-2.59,-0.75,-0.44,-0.51
6.33,-2.29,-7.57,-0.77,-0.06,-0.46
7.75,-1.35,-5.10,-0.37,0.47,0.06
11.12,-4.08,0.12,0.18,0.32,0.08
9.14,-3.91,-2.95,-0.50,-0.37,-0.42
6.65,-1.07,-7.44,-0.82,-0.03,-0.35
8.69,-0.54,-4.33,0.15,0.54,0.26
11.08,-4.91,0.50,0.27,0.27,0.05
8.83,-3.12,-3.62,-0.37,-0.38,-0.42
6.70,-0.53,-7.59,-0.70,0.01,-0.20
9.03,-0.80,-3.84,0.05,0.48,0.34
11.27,-4.41,0.43,0.22,0.14,0.11
8.96,-2.54,-3.46,-0.41,-0.43,-0.36
6.96,-0.34,-7.08,-0.40,-0.05,-0.14
9.12,-0.57,-4.18,0.20,0.48,0.39
11.14,-4.77,0.71,0.29,0.17,0.15
8.99,-2.39,-3.45,-0.31,-0.48,-0.35
6.97,-0.06,-7.55,-0.29,-0.06,-0.07
9.15,-1.05,-3.91,0.38,0.52,0.42
11.50,-5.27,1.25,0.32,0.11,0.03
8.83,-2.30,-3.74,-0.36,-0.57,-0.46
6.62,0.17,-7.72,-0.36,-0.04,-0.10
8.99,-1.05,-3.69,0.27,0.55,0.47
11.80,-5.00,1.39,0.35,0.16,0.11
9.20,-2.76,-3.70,-0.45,-0.53,-0.51
6.56,0.32,-7.57,-0.50,-0.07,-0.18
9.11,-0.76,-3.17,0.26,0.56,0.44
11.51,-5.12,1.02,0.31,0.01,0.03
8.61,-1.81,-4.28,-0.53,-0.54,-0.43
6.75,0.26,-6.58,-0.42,-0.02,0.04
8.60,-1.32,-2.01,0.02,0.31,0.50
9.07,-1.49,-1.81,0.25,0.03,0.55
8.75,-0.82,-3.39,0.80,0.05,0.85
9.17,-2.82,-2.59,2.15,0.13,0.97
8.96,-4.16,-1.54,2.42,-0.16,0.77
8.79,-6.18,-2.61,3.24,-0.13,0.62
11.50,-8.03,0.48,2.47,0.01,-0.05
11.07,-6.03,0.43,1.71,-0.75,-0.47
8.11,-3.57,-1.87,1.39,-1.13,-0.21
5.19,-3.61,-5.02,1.40,-0.60,0.71
7.79,-5.30,0.40,0.44,0.50,0.96
9.84,-9.32,3.67,0.27,0.19,0.09
8.32,-5.76,0.49,-0.66,-0.80,-0.77
5.96,-1.98,-6.57,0.28,-0.51,0.24
7.30,-5.63,-1.94,0.20,0.69,0.74
10.13,-9.12,5.00,-0.18,0.39,-0.10
8.97,-4.85,0.71,-0.54,-0.85,-0.72
5.75,-2.47,-6.17,0.64,-0.69,0.09
6.58,-4.75,-3.23,0.36,0.59,0.75
9.88,-8.91,3.59,0.12,0.69,0.27
9.55,-7.03,2.07,-0.46,-0.63,-0.69
6.10,-3.21,-5.28,0.36,-0.79,-0.27
5.91,-4.05,-4.78,0.30,0.48,0.55
9.71,-7.44,2.29,0.05,0.81,0.41
10.07,-7.87,4.39,-0.25,-0.52,-0.56
6.66,-4.64,-3.43,0.35,-1.08,-0.65
5.23,-3.48,-7.40,0.19,0.04,0.17
8.73,-5.89,-0.45,-0.17,0.96,0.61
10.50,-8.66,6.08,-0.15,0.15,-0.14
8.31,-5.57,-0.38,-0.08,-1.04,-0.79
5.12,-3.99,-7.53,0.45,-0.52,-0.15
7.76,-4.76,-2.84,-0.18,0.81,0.41
10.37,-7.80,5.11,-0.07,0.33,0.07
9.25,-5.66,0.84,-0.22,-0.94,-0.67
5.63,-3.54,-6.97,0.35,-0.68,-0.22
7.06,-4.03,-4.31,0.01,0.64,0.50
9.97,-7.27,2.97,-0.39,0.78,0.27
9.47,-7.29,3.12,-0.33,-0.63,-0.61
5.93,-3.35,-5.32,0.16,-0.97,-0.46
6.62,-3.31,-7.11,0.18,0.40,0.33
9.61,-5.87,0.63,-0.38,0.86,0.49
9.87,-8.01,4.72,-0.05,-0.23,-0.28
7.20,-4.26,-2.60,-0.12,-1.05,-0.67
5.81,-2.41,-8.31,0.30,0.01,0.22
9.15,-5.47,-1.00,-0.30,0.88,0.52
10.02,-7.52,4.70,0.15,0.04,-0.01
7.43,-5.12,-1.17,0.07,-0.99,-0.57
5.60,-3.60,-7.84,0.39,-0.30,0.02
8.29,-5.04,-3.54,0.07,0.80,0.45
9.64,-7.39,1.47,-0.32,0.34,0.32
8.66,-6.33,-1.52,-0.98,-0.23,-0.28
8.11,-3.59,-2.73,-0.69,-0.03,0.03
9.92,-6.52,0.56,-0.31,-0.22,-0.22
7.87,-4.56,-2.15,-0.00,-0.88,-0.58
4.46,-2.45,-7.78,-0.01,-0.03,0.00
7.73,-3.04,-4.65,0.30,0.96,0.73
10.60,-9.20,3.97,0.52,0.58,0.47
10.73,-7.60,0.43,-0.43,-0.58,-0.86
5.17,-1.56,-7.68,-0.12,-0.42,-0.61
5.82,-2.33,-5.46,0.46,0.66,0.63
8.97,-8.03,2.14,0.38,0.95,0.71
11.08,-8.02,3.42,-0.50,-0.11,-0.53
7.67,-3.10,-4.25,-0.18,-0.78,-0.79
5.28,-1.77,-6.85,-0.01,0.28,0.33
7.82,-5.45,-1.08,-0.76,1.02,0.84
11.13,-9.90,3.67,-0.14,0.41,-0.13
9.96,-5.08,-1.02,-1.12,-0.55,-1.20
5.78,-0.05,-6.44,-0.48,-0.14,-0.24
7.16,-4.10,-3.35,-0.05,0.75,0.61
10.68,-7.41,2.51,-0.15,0.47,0.16
10.32,-6.58,0.33,-0.52,-0.44,-0.82
6.18,-0.99,-6.17,-0.80,-0.45,-0.47
7.43,-0.92,-6.20,0.14,0.54,0.56
9.79,-6.46,1.27,-0.05,0.77,0.72
10.87,-8.69,2.64,0.06,-0.38,-0.48
7.48,-2.73,-5.50,-0.35,-0.69,-0.81
6.69,-0.54,-5.88,-0.04,0.17,0.18
9.37,-4.67,-0.10,-0.25,0.66,0.71
10.45,-7.65,1.94,0.22,-0.10,-0.07
8.58,-3.11,-3.85,-0.53,-0.61,-0.63
6.37,-0.62,-6.40,-0.12,-0.00,0.26
8.44,-3.94,-1.14,0.31,0.55,0.93
11.09,-9.04,2.75,0.66,-0.07,-0.18
8.89,-2.38,-2.78,-0.49,-0.70,-0.81
5.80,-0.89,-6.96,0.51,-0.27,0.49
7.78,-7.46,-1.54,0.84,0.62,0.90
11.95,-8.71,2.74,-0.33,0.02,-0.61
9.26,-1.89,-2.48,0.23,-1.05,-0.80
5.27,-0.21,-7.89,-0.09,-0.44,0.26
7.17,-7.12,-1.30,0.75,0.54,0.83
11.54,-8.38,2.25,-0.52,-0.22,-0.77
8.91,-0.54,-5.62,-0.35,-0.88,-0.78
5.61,-0.84,-6.62,-0.08,-0.13,0.54
7.88,-7.97,0.04,0.24,0.55,0.63
10.91,-6.58,0.70,-0.29,-0.26,-0.80
7.54,-0.02,-6.22,0.01,-0.45,-0.53
6.54,-2.56,-5.12,-0.22,0.12,0.51
7.79,-6.94,-0.97,-0.26,0.43,0.57
10.44,-5.62,0.07,-0.82,-0.16,-0.52
9.13,-2.31,-2.92,-0.50,-0.49,-0.50
8.20,-1.29,-3.00,-0.85,-0.66,0.07
8.06,-3.06,-5.21,-0.56,-0.47,0.56
7.94,-7.91,-3.72,0.60,-0.38,-0.14
8.27,-0.51,-6.71,-0.25,-0.46,-0.42
8.75,-0.25,-6.27,0.76,-0.01,0.61
7.92,-8.38,-2.58,1.40,0.12,0.55
8.47,-6.89,-2.04,0.18,-0.28,-0.63
7.77,0.92,-6.85,-0.04,-0.46,-0.28
6.72,-0.98,-6.18,0.01,0.12,1.00
7.49,-11.58,-1.26,1.21,0.23,0.64
8.38,-5.94,-3.18,-0.80,0.02,-0.64
7.27,0.39,-6.96,-0.67,0.09,-0.04
7.06,-2.24,-5.09,0.05,0.55,1.12
8.69,-12.74,0.26,0.53,0.30,0.18
8.98,-3.73,-3.60,-0.71,-0.20,-0.91
6.96,0.77,-6.89,-0.51,0.06,0.01
6.69,-3.46,-3.89,0.33,0.47,1.07
8.49,-11.90,0.29,0.56,0.27,0.07
9.04,-3.63,-3.64,-0.68,-0.31,-0.93
6.91,0.84,-7.11,-0.29,-0.00,0.13
6.65,-5.50,-3.52,0.63,0.45,1.02
9.04,-10.69,-0.43,-0.32,0.20,-0.29
8.25,-1.42,-4.70,-0.77,-0.21,-0.70
6.69,-1.21,-5.78,-0.03,0.15,0.34
7.90,-7.63,-1.47,0.84,0.41,0.70
9.13,-7.62,-1.37,-0.60,-0.13,-0.55
7.31,-0.66,-5.76,-0.46,-0.17,-0.32
7.07,-2.04,-5.06,-0.11,0.22,0.69
9.03,-10.03,-0.41,0.49,0.19,0.28
9.24,-5.40,-3.00,-0.59,-0.30,-0.76
6.51,-0.43,-6.64,-0.40,-0.17,-0.19
7.09,-2.37,-4.97,0.08,0.32,0.75
10.06,-10.51,0.29,0.34,0.15,0.05
8.86,-4.73,-3.38,-0.63,-0.46,-0.95
5.60,0.34,-7.17,-0.28,-0.12,-0.28
6.54,-3.03,-3.00,1.07,0.39,0.81
9.59,-7.92,0.61,1.48,-0.09,0.21
8.38,-4.35,-3.51,1.68,-0.56,-0.15
7.79,-6.24,-3.52,1.54,-0.41,0.02
8.68,-5.97,-2.88,0.25,-0.40,0.02
8.80,-7.07,-3.20,-0.41,-0.42,-0.29
7.70,-5.58,-4.62,-1.64,-0.21,-0.57
7.37,-3.06,-5.04,-1.45,0.23,-0.43
8.59,-4.66,-3.41,-1.48,0.38,-0.33
8.72,-4.14,-3.17,-1.65,0.44,-0.52
7.95,-2.41,-3.25,-1.97,0.17,-0.62
7.09,0.93,-4.03,-0.61,-0.04,0.11
7.74,-0.03,-4.43,1.42,-0.04,0.83
10.07,-10.81,1.42,-0.66,0.17,-0.54
8.18,-4.43,-2.12,-0.88,-0.30,-1.29
4.56,-0.89,-5.73,-0.59,-0.01,-0.38
6.97,-2.85,-3.08,0.28,0.62,0.85
10.81,-10.78,2.35,0.50,0.40,0.22
10.22,-5.90,-0.83,-0.63,-0.36,-1.09
5.98,-1.30,-5.45,-0.35,-0.34,-0.58
6.12,-2.32,-5.05,-0.02,0.32,0.62
9.14,-7.84,-0.49,-0.22,0.83,0.68
10.99,-9.07,1.74,-0.84,0.16,-0.83
8.31,-1.23,-2.98,-0.71,-0.43,-1.05
5.44,0.01,-5.60,-0.29,-0.03,0.28
7.07,-3.65,-2.67,-0.15,0.69,1.11
11.05,-10.51,1.92,0.35,0.40,0.09
10.02,-4.29,-2.15,-0.88,-0.22,-0.90
6.21,-0.85,-5.35,-0.58,-0.17,-0.27
6.99,-1.70,-4.89,-0.11,0.49,0.89
10.25,-8.67,1.21,0.46,0.52,0.62
10.88,-6.90,-0.03,-0.38,-0.25,-0.80
6.79,-1.41,-4.74,-0.36,-0.42,-0.52
6.71,-0.90,-5.27,0.43,0.20,0.54
9.80,-6.51,0.03,-0.02,0.67,0.69
10.89,-8.18,2.07,0.26,-0.15,-0.32
7.87,-2.33,-4.02,-0.30,-0.59,-0.58
6.71,-1.04,-5.34,0.11,-0.06,0.43
8.77,-5.80,-0.33,0.92,0.41,0.93
10.87,-9.09,2.16,0.11,-0.27,-0.36
8.27,-0.84,-3.48,-0.20,-0.83,-0.51
5.99,-2.76,-5.72,0.68,-0.34,0.59
7.94,-8.14,-0.82,0.86,0.30,0.71
10.90,-7.50,1.30,-0.27,-0.30,-0.59
8.33,-3.03,-3.21,0.59,-0.96,-0.49
5.80,-3.02,-6.75,-0.07,-0.34,0.23
7.86,-7.54,-1.49,0.47,0.37,0.56
10.67,-7.83,0.90,-0.49,-0.19,-0.68
8.06,-1.49,-5.05,-0.40,-0.72,-0.56
5.86,-3.04,-5.47,0.06,-0.07,0.46
8.27,-8.56,0.01,0.00,0.37,0.13
9.96,-4.27,-1.20,-0.47,-0.28,-0.76
7.05,-0.55,-6.47,-0.08,-0.30,-0.02
6.68,-5.04,-4.28,0.06,0.33,0.68
9.41,-9.55,0.86,0.09,0.35,-0.22
9.34,-1.87,-2.89,-0.41,-0.34,-0.81
6.63,-0.47,-6.20,0.22,-0.08,0.40
6.88,-6.66,-2.51,0.33,0.46,0.85
10.86,-9.48,1.10,0.07,0.11,-0.62
8.94,-0.35,-4.52,-0.28,-0.44,-0.77
6.56,-1.88,-5.36,0.46,-0.14,0.51
6.78,-7.54,-1.97,0.33,0.30,0.68
10.20,-7.04,-0.52,-0.17,0.02,-0.59
8.40,-0.51,-3.82,0.21,-0.33,-0.30
6.29,-1.98,-4.78,0.53,-0.15,0.78
7.29,-7.31,-1.17,0.60,0.27,1.03
10.30,-9.00,1.43,0.68,-0.31,-0.16
8.47,-4.46,-2.43,-0.41,-0.96,-0.44
6.33,-1.99,-5.85,-0.68,-0.56,0.25
6.68,-7.85,-3.27,0.31,0.16,0.34
9.08,-5.57,-2.91,-0.54,-0.37,-0.39
7.67,0.81,-7.02,0.21,-0.30,0.47
6.51,-6.60,-3.93,1.61,0.24,1.24
8.53,-11.59,0.15,0.39,0.02,-0.06
8.21,-3.64,-4.01,-0.06,-0.43,-0.59
5.52,-1.44,-6.21,0.41,0.03,0.52
6.17,-7.84,-1.82,1.02,0.46,1.15
8.31,-11.47,0.41,-0.19,0.07,-0.23
7.95,-5.01,-3.30,0.11,-0.38,-0.71
5.84,-1.90,-6.00,-0.30,0.08,0.20
6.35,-8.04,-1.46,0.47,0.51,0.90
8.48,-11.24,0.91,-0.05,0.01,-0.34
7.52,-3.78,-3.55,-0.18,-0.44,-0.75
6.15,-2.16,-4.98,0.06,0.07,0.33
6.62,-8.55,-0.78,0.78,0.24,0.81
7.90,-10.85,-0.21,0.02,-0.12,-0.45
7.25,-3.44,-4.62,-0.22,-0.26,-0.63
6.01,-2.67,-4.67,-0.04,0.28,0.54
6.52,-9.59,0.36,0.71,0.37,0.90
8.71,-10.35,0.41,-0.32,-0.24,-0.61
6.96,-2.94,-5.16,-0.17,-0.42,-0.62
5.46,-2.68,-4.79,-0.06,0.33,0.60
7.06,-11.68,2.25,1.13,0.31,0.65
8.57,-8.44,-0.37,-0.73,-0.38,-0.65
6.20,-2.75,-5.70,-0.27,-0.25,-0.28
5.21,-4.04,-4.21,-0.16,0.44,0.70
6.97,-10.89,1.08,0.87,0.55,0.68
8.42,-9.14,-0.01,-0.59,-0.15,-0.60
6.34,-2.84,-4.90,-0.58,-0.20,-0.26
5.67,-4.30,-3.79,-0.15,0.38,0.75
7.18,-12.09,1.07,0.65,0.42,0.49
7.86,-7.99,-0.65,-0.91,-0.22,-0.68
5.69,-2.60,-4.90,-0.26,-0.10,-0.05
5.99,-5.68,-3.41,0.18,0.46,0.80
8.42,-12.56,1.40,0.23,0.16,0.03
7.50,-6.27,-2.24,-0.81,-0.38,-0.75
5.01,-2.59,-4.59,-0.28,-0.11,0.03
5.75,-7.25,-2.26,0.45,0.39,0.75
8.83,-11.24,0.47,-0.27,0.02,-0.27
7.16,-5.65,-3.38,-0.75,-0.36,-0.73
4.93,-2.97,-4.74,-0.31,-0.00,0.03
6.10,-7.28,-1.35,0.90,0.43,0.67
8.76,-9.45,0.37,0.43,-0.07,-0.24
7.15,-5.41,-2.68,0.95,-0.54,-0.39
5.63,-5.25,-3.25,1.29,-0.29,0.05
7.44,-8.62,-0.81,1.49,-0.03,0.17
8.13,-8.82,-0.85,-0.68,-0.31,-0.27
7.60,-8.14,-2.63,-0.67,-0.31,-0.53
6.78,-6.18,-3.29,-1.68,-0.12,-0.73
6.76,-4.82,-2.98,-1.03,0.21,-0.30
7.30,-6.42,-2.25,-1.52,0.25,-0.29
7.53,-4.84,-2.76,-1.39,0.30,-0.27
7.47,-5.13,-2.82,-1.04,0.14,-0.14
7.14,-4.76,-3.99,-1.10,0.17,-0.12
7.46,-3.10,-4.29,-2.00,0.31,0.19
7.27,-2.31,-3.63,1.11,0.05,0.58
8.53,-5.71,-3.28,2.69,0.10,0.36
8.38,-4.44,-2.53,3.02,-0.06,0.50
7.41,-6.64,-2.63,2.74,-0.06,0.65
7.62,-8.71,-0.59,1.63,-0.11,0.68
8.92,-12.29,0.93,0.15,-0.26,-0.42
7.51,-6.83,-1.27,-1.04,-0.39,-1.32
4.58,-1.30,-3.79,-1.10,-0.07,-0.39
6.28,-5.25,-1.44,-0.52,0.50,0.52
9.55,-10.40,1.72,-0.11,0.30,-0.27
8.75,-5.37,-1.51,-0.56,-0.20,-1.05
5.71,-1.07,-4.33,-0.08,-0.20,-0.11
6.88,-4.72,-2.96,0.15,0.25,0.84
9.44,-11.12,1.74,0.42,0.34,0.32
9.87,-7.54,0.53,-0.68,-0.32,-1.17
5.91,0.28,-5.17,-0.62,-0.46,-0.51
5.64,-3.59,-4.41,0.04,0.19,0.71
8.21,-8.77,0.53,-0.17,0.64,0.68
10.02,-8.86,0.24,-0.56,-0.02,-0.66
7.10,-1.68,-4.38,-0.47,-0.30,-0.38
6.32,-3.65,-4.19,-0.51,0.21,0.65
8.52,-8.08,-0.44,0.96,0.36,0.76
9.42,-8.55,-0.06,-0.31,-0.06,-0.55
7.14,-2.61,-3.49,-0.18,-0.36,-0.37
6.06,-2.63,-4.93,-0.34,0.17,0.61
8.32,-8.51,-0.05,0.91,0.41,0.77
9.74,-9.52,1.02,-0.18,-0.14,-0.54
7.16,-3.20,-3.67,-0.26,-0.48,-0.59
5.68,-2.87,-5.32,0.13,0.01,0.34
8.13,-6.42,-0.68,0.31,0.51,0.83
9.93,-10.45,2.03,0.30,-0.12,-0.25
7.76,-2.68,-3.85,-0.72,-0.54,-0.61
5.17,-3.37,-5.04,0.46,-0.10,0.49
7.72,-9.13,-0.05,1.01,0.25,0.58
10.33,-8.54,1.07,-0.08,-0.21,-0.62
7.78,-3.84,-2.11,0.36,-0.87,-0.59
4.57,-2.95,-6.36,0.05,-0.44,0.27
6.50,-8.62,-1.34,0.67,0.48,0.68
10.64,-10.07,2.37,-0.45,-0.12,-0.80
7.79,-2.32,-4.63,-0.50,-0.84,-0.88
5.60,-1.29,-6.09,0.04,-0.01,0.44
7.02,-10.33,0.44,0.75,0.42,0.72
10.06,-7.85,0.32,-0.88,-0.31,-0.92
6.95,-0.70,-5.86,-0.10,-0.51,-0.40
5.89,-3.67,-5.00,0.02,0.12,0.76
8.08,-11.46,0.84,0.68,0.46,0.29
9.86,-5.83,-0.47,-0.77,-0.29,-1.06
6.12,-0.87,-6.04,-0.13,-0.39,-0.22
6.06,-4.68,-4.82,0.14,0.35,0.81
8.93,-11.54,1.06,0.20,0.52,0.08
9.45,-5.04,-1.27,-0.86,-0.31,-1.11
6.47,0.28,-6.33,-0.43,-0.22,-0.10
6.59,-5.49,-3.32,0.48,0.34,0.94
9.18,-10.24,0.86,-0.12,0.23,-0.23
8.63,-2.32,-3.02,-0.20,-0.30,-0.64
6.79,-2.10,-5.18,0.15,-0.11,0.36
6.85,-7.52,-3.01,0.07,0.34,0.69
9.47,-7.90,-0.57,-0.26,0.13,-0.22
8.54,-3.42,-2.62,-0.24,-0.31,-0.27
6.86,-5.64,-3.23,0.67,-0.22,-0.04
6.13,-5.83,-3.24,0.07,0.03,-0.14
6.49,-2.63,-5.56,-0.06,0.32,0.42
9.11,-5.35,-1.30,0.98,0.82,0.91
11.24,-10.36,2.60,0.72,-0.01,-0.09
8.45,-5.22,-1.53,-0.48,-0.91,-0.72
4.63,-3.33,-6.81,-0.03,-0.30,-0.18
6.45,-3.68,-4.06,-0.34,0.63,0.51
9.73,-7.67,1.87,1.09,0.47,0.55
9.60,-8.82,1.25,0.00,-0.62,-0.40
6.17,-4.07,-5.82,-0.62,-0.64,-0.59
5.27,-2.87,-5.35,-0.72,0.49,0.22
8.17,-5.56,-0.44,0.11,0.75,0.71
10.19,-9.27,2.42,0.54,-0.11,0.06
8.30,-6.43,-2.69,-0.38,-0.78,-0.67
4.91,-2.82,-6.86,-0.73,-0.09,-0.20
6.68,-3.06,-3.46,-0.33,0.72,0.66
9.96,-8.16,2.29,1.09,0.32,0.66
8.90,-8.86,-0.05,-0.07,-0.61,-0.34
5.90,-4.72,-6.55,-0.59,-0.35,-0.43
6.39,-3.88,-4.77,-0.52,0.49,0.24
9.62,-7.20,1.09,0.27,0.33,0.34
9.21,-7.55,-0.03,-0.60,-0.52,-0.36
6.54,-4.62,-5.91,-0.66,-0.38,-0.49
6.59,-3.54,-4.85,-0.90,0.24,-0.13
9.53,-5.97,-0.23,0.31,0.23,0.10
9.04,-6.41,-1.70,-0.51,-0.41,-0.44
6.31,-3.93,-6.19,-0.78,-0.16,-0.52
7.11,-2.72,-4.37,-0.47,0.26,-0.03
10.18,-6.46,-0.03,0.33,0.15,0.01
8.48,-4.27,-3.47,-0.35,-0.36,-0.49
6.07,-1.72,-7.63,-0.29,0.00,-0.07
7.90,-3.06,-3.72,0.26,0.50,0.51
10.46,-7.04,1.11,0.15,0.15,0.06
8.66,-3.62,-3.65,-0.17,-0.47,-0.36
6.16,-2.31,-7.38,-0.22,0.06,0.00
7.88,-3.28,-3.84,0.26,0.52,0.51
10.69,-6.46,0.36,0.37,0.18,0.23
9.33,-5.59,-2.98,-0.24,-0.39,-0.38
6.55,-2.70,-6.85,-0.52,-0.11,-0.33
7.62,-1.99,-4.56,-0.15,0.37,0.32
10.43,-6.14,0.33,0.46,0.16,0.25
8.99,-5.10,-2.35,-0.38,-0.41,-0.34
6.50,-1.87,-6.75,-0.52,-0.12,-0.20
7.91,-2.37,-4.55,0.10,0.41,0.41
10.49,-6.70,0.33,0.41,0.18,0.17
8.70,-4.99,-3.08,-0.39,-0.38,-0.40
6.76,-2.19,-6.66,-0.49,-0.03,-0.24
8.35,-2.40,-4.11,-0.07,0.39,0.28
10.16,-6.32,0.20,0.31,0.09,0.07
8.37,-3.99,-4.11,-0.40,-0.35,-0.39
7.09,-1.86,-6.75,-0.41,0.13,-0.11
8.78,-2.61,-3.22,0.22,0.41,0.39
10.30,-6.17,0.42,0.08,-0.02,0.04
8.23,-3.87,-4.33,-0.22,-0.44,-0.40
6.54,-1.50,-6.72,-0.43,0.09,-0.05
8.93,-2.61,-2.84,0.38,0.40,0.51
10.28,-6.39,-0.05,0.22,-0.01,0.11
8.10,-3.44,-4.43,-0.39,-0.38,-0.32
6.87,-1.09,-5.99,-0.13,0.06,0.20
8.47,-3.44,-2.94,0.47,0.29,0.63
9.05,-4.29,-2.08,0.37,0.11,0.59
8.71,-4.64,-2.69,0.92,-0.05,0.46
9.29,-5.86,-2.85,1.54,-0.10,0.25
9.77,-5.98,-1.97,0.81,-0.20,-0.08
8.81,-5.52,-1.77,0.26,-0.56,-0.03
7.23,-6.57,-2.50,0.27,-0.68,-0.19
6.75,-5.57,-2.53,-0.40,-0.52,-0.42
6.21,-2.95,-3.81,-0.05,-0.64,-0.11
6.05,-4.12,-5.60,0.80,-0.14,0.34
7.07,-4.20,-5.57,0.33,0.62,0.68
11.05,-7.28,-0.16,0.80,0.46,0.57
9.43,-8.35,0.42,-0.03,-0.35,-0.32
5.99,-4.21,-5.54,-0.18,-0.61,-0.48
5.22,-2.52,-5.51,-0.73,0.20,0.18
7.84,-4.12,-2.13,0.61,0.69,0.90
10.26,-9.36,1.89,1.52,0.06,0.48
8.71,-8.03,-2.10,-0.05,-0.69,-0.57
4.49,-3.22,-7.13,-0.31,-0.20,-0.28
6.34,-3.65,-4.31,0.02,0.74,0.58
9.66,-7.62,1.43,0.86,0.58,0.65
9.39,-9.75,0.85,0.13,-0.37,-0.36
6.08,-4.45,-5.18,-0.49,-0.65,-0.67
5.37,-2.93,-5.72,-0.17,0.46,0.21
6.61,-5.28,-0.93,0.02,0.64,0.84
8.16,-7.67,0.52,0.20,0.35,0.63
8.26,-6.39,-1.34,0.07,0.00,0.25
7.58,-7.00,-2.56,0.49,-0.07,0.14
8.06,-8.83,-1.57,0.19,0.11,-0.02
9.83,-8.82,0.51,0.45,-0.30,-0.38
8.21,-7.68,-1.09,0.75,-0.85,-0.99
4.43,-0.69,-4.64,-0.34,-0.53,-0.31
4.99,-3.98,-1.85,1.35,0.23,0.99
9.26,-10.37,3.33,1.45,0.23,0.65
10.00,-10.36,0.74,0.24,-0.67,-0.72
5.31,-4.11,-5.62,-0.49,-0.68,-0.66
4.23,-4.81,-4.05,-0.22,0.25,0.50
9.03,-9.32,2.24,-0.04,0.63,0.41
9.96,-8.72,1.26,-0.43,-0.28,-0.93
5.80,-2.02,-4.44,-0.67,-0.47,-0.66
4.19,-3.53,-4.56,0.10,0.21,0.71
7.34,-8.35,0.31,-0.16,0.99,0.80
10.48,-10.41,2.40,-0.41,0.23,-0.48
7.55,-3.80,-3.25,-0.76,-0.40,-0.58
5.35,-3.65,-5.15,-0.56,0.16,0.39
7.62,-6.80,-0.54,-0.39,0.78,0.65
9.60,-10.41,2.19,-0.12,0.14,-0.45
7.50,-3.76,-2.69,-0.71,-0.41,-0.63
5.56,-2.24,-5.24,-0.46,0.01,0.40
7.82,-9.03,-0.14,0.96,0.47,0.57
10.27,-8.97,1.90,-0.10,-0.24,-0.64
7.83,-3.21,-3.45,-0.13,-0.71,-0.76
5.27,-3.68,-5.42,0.03,-0.30,0.19
7.74,-8.14,-0.34,0.58,0.20,0.41
9.82,-8.23,0.56,-0.18,-0.37,-0.77
7.70,-2.61,-4.75,-0.11,-0.67,-0.72
6.31,-2.89,-5.80,-0.16,-0.03,0.32
6.86,-9.89,-0.02,0.31,0.34,0.21
9.21,-5.80,-0.40,-0.54,-0.15,-0.94
8.76,-1.83,-4.49,0.07,-0.23,-0.44
7.41,-4.44,-4.29,-0.18,0.03,0.30
7.61,-8.21,-1.68,-0.01,0.25,0.05
8.82,-5.09,-1.44,-0.71,0.05,-0.67
8.34,-1.54,-3.52,-0.24,-0.12,-0.16
7.66,-3.48,-3.97,-0.23,0.03,0.52
7.69,-8.23,-1.64,0.02,0.20,0.23
8.59,-5.05,-1.72,-0.98,-0.02,-0.49
8.30,-3.63,-2.43,-1.20,-0.14,-0.25
8.01,-3.32,-1.56,-1.47,-0.30,-0.02
8.57,-4.27,-3.37,-1.01,-0.46,0.12
8.26,-4.07,-4.80,-2.39,-0.54,-0.16
8.00,-1.30,-6.40,-1.89,-0.46,-0.05
7.45,0.25,-7.19,-0.30,-0.42,0.42
7.37,-1.64,-6.99,0.28,-0.47,1.01
7.92,-10.18,-5.06,1.25,0.08,0.44
8.05,-4.23,-5.23,-0.72,-0.23,-0.71
7.36,1.55,-6.19,-0.16,-0.26,-0.23
6.60,-1.79,-6.41,0.37,-0.01,0.74
7.30,-10.13,-4.15,0.83,0.15,0.13
7.88,-3.91,-5.14,-0.38,-0.06,-0.75
6.94,2.43,-6.68,-0.24,-0.17,-0.02
6.75,-2.40,-6.24,0.53,0.00,0.98
8.28,-10.84,-3.82,0.63,0.18,0.13
7.92,-2.64,-5.25,-0.35,-0.06,-0.61
6.33,0.74,-6.59,-0.05,-0.03,0.24
7.13,-3.19,-5.39,0.47,0.08,1.00
8.26,-11.19,-3.71,0.47,0.16,0.02
7.41,-2.41,-5.35,-0.75,-0.10,-0.64
6.40,0.67,-5.96,-0.20,-0.06,0.40
7.02,-5.15,-5.35,0.51,0.12,1.03
8.19,-9.96,-3.97,-0.11,0.14,-0.11
7.22,-2.05,-5.51,-0.42,-0.10,-0.58
6.13,-0.19,-6.18,-0.04,0.02,0.39
6.51,-6.35,-4.82,0.85,0.19,0.89
7.53,-7.04,-4.26,-0.14,-0.00,-0.08
7.26,-3.25,-5.13,0.87,-0.04,-0.06
7.46,-6.36,-4.76,1.24,0.10,-0.08
8.38,-5.03,-4.19,1.42,-0.08,-0.23
7.86,-6.82,-4.06,0.79,-0.19,-0.30
7.69,-6.31,-4.99,0.06,-0.27,-0.64
7.63,-4.45,-5.22,-0.81,0.03,-0.77
7.51,-3.50,-4.74,-0.69,0.12,-0.48
7.73,-4.97,-5.01,-0.93,0.28,-0.48
7.99,-4.33,-4.65,-1.08,0.51,-0.51
7.86,-3.13,-3.92,-0.80,0.42,-0.56
7.79,-0.45,-3.87,0.82,0.08,-0.18
8.38,-2.01,-3.38,2.85,-0.14,0.31
8.36,-3.96,-2.62,3.50,-0.17,0.59
7.40,-6.59,-2.43,3.35,-0.02,0.48
9.16,-7.87,-1.69,1.45,0.13,0.08
8.46,-6.02,-1.68,0.67,0.17,-0.23
7.51,-6.10,-0.85,0.18,0.22,-0.24
8.67,-6.85,1.04,0.02,0.03,-0.43
8.83,-5.94,-0.02,0.12,-0.43,-0.67
6.53,-2.58,-4.56,-0.14,-0.28,-0.40
6.89,-4.56,-2.87,0.10,0.35,0.24
9.00,-5.63,-0.16,-0.32,0.58,0.36
10.16,-7.89,1.36,-0.34,0.14,-0.37
9.08,-4.04,-0.50,-0.35,-0.35,-0.81
5.99,-1.16,-4.24,-0.30,-0.21,-0.02
7.52,-3.79,-3.26,-0.44,0.49,0.73
10.03,-9.36,2.08,0.22,0.46,0.38
10.16,-6.45,0.15,-1.09,-0.18,-0.98
7.20,-0.72,-3.48,-0.68,-0.25,-0.59
7.08,-2.17,-3.80,-0.59,0.25,0.50
9.44,-6.95,-0.27,0.47,0.60,0.69
10.92,-8.21,0.75,-0.36,0.05,-0.60
8.49,-1.84,-2.76,-0.61,-0.32,-0.66
6.93,-2.09,-4.30,-0.35,0.02,0.24
8.80,-4.81,-0.61,0.46,0.42,0.60
10.59,-8.69,1.95,0.26,0.08,-0.45
9.17,-1.77,-2.08,-0.53,-0.39,-0.86
7.51,-0.71,-4.72,0.32,-0.09,0.21
8.90,-6.02,-0.12,1.02,0.24,0.62
10.94,-7.77,1.07,-0.01,-0.24,-0.64
9.41,-1.51,-1.37,-0.03,-0.70,-0.81
7.01,-1.01,-4.93,0.24,-0.53,0.08
7.61,-5.67,-1.84,0.87,0.25,0.57
10.53,-7.61,1.26,-0.23,-0.13,-0.63
9.28,-1.27,-2.92,-0.03,-0.57,-0.79
7.62,-0.46,-5.27,-0.18,-0.15,0.13
8.15,-6.56,-0.65,0.59,0.29,0.43
10.17,-5.45,-0.10,-0.49,-0.11,-0.75
9.00,0.90,-4.11,-0.34,-0.19,-0.28
8.49,-1.83,-3.52,0.03,0.15,0.66
8.91,-8.58,0.53,0.44,0.21,0.17
9.75,-2.69,-1.61,-0.42,-0.17,-0.78
8.71,0.20,-4.35,-0.04,-0.07,0.02
8.35,-2.50,-3.12,-0.08,0.29,0.83
9.21,-9.76,1.23,0.47,0.23,0.01
10.08,-1.70,-2.01,-0.78,-0.21,-0.94
8.46,0.42,-3.41,0.10,-0.14,0.04
8.00,-2.64,-1.96,-0.42,0.21,0.54
9.49,-6.62,0.80,0.15,0.04,0.19
10.23,-3.96,-1.29,-0.05,-0.49,-0.49
9.18,0.43,-5.10,-1.04,-0.40,0.07
8.01,-1.21,-4.70,0.21,0.00,0.97
9.33,-10.08,0.36,1.00,0.05,0.17
9.96,-2.01,-2.78,-0.67,-0.32,-0.78
8.26,1.88,-4.96,0.23,0.09,0.25
8.03,-5.93,-0.68,1.48,0.23,0.88
9.41,-7.88,-0.37,-0.13,-0.15,-0.35
9.33,-1.02,-4.06,-0.34,-0.25,-0.51
7.44,-0.38,-4.63,0.09,0.13,0.52
8.11,-5.00,-1.37,0.74,0.41,1.00
9.38,-9.10,1.01,0.30,0.10,-0.19
9.57,-2.40,-3.00,-0.33,-0.36,-0.76
7.89,1.33,-5.42,-0.19,0.22,0.41
7.19,-5.77,0.06,0.93,0.52,1.20
10.14,-6.27,0.16,-0.84,-0.36,-0.77
7.77,-0.37,-4.82,-0.15,-0.15,-0.10
7.41,-2.93,-2.03,-0.02,0.32,0.96
8.45,-11.56,2.48,0.80,0.01,0.32
9.23,-5.32,-1.59,-0.76,-0.47,-0.86
7.43,0.26,-5.21,-0.19,0.02,0.04
7.70,-6.09,0.36,0.59,0.31,0.95
9.33,-10.27,1.28,0.16,-0.23,-0.17
8.15,-3.28,-3.26,-0.69,-0.39,-0.67
6.38,-1.17,-4.06,0.23,0.16,0.41
7.91,-6.97,0.83,1.34,0.21,0.64
9.05,-5.97,0.13,0.87,-0.13,0.16
8.58,-6.51,-0.84,1.51,-0.29,0.19
8.47,-7.55,-0.76,0.41,-0.27,-0.09
8.65,-6.39,-1.04,-0.43,-0.27,-0.30
8.22,-6.91,-1.02,-1.16,-0.14,-0.42
8.14,-3.89,-2.26,-1.87,-0.02,-0.47
8.43,-5.25,-1.18,-0.87,0.12,-0.13
8.57,-5.40,-1.96,-1.51,0.12,-0.37
8.51,-4.35,-1.89,-1.44,0.21,-0.38
8.37,-3.92,-2.23,-1.24,0.15,-0.30
8.24,-3.21,-2.42,-0.73,0.11,-0.10
8.49,-4.26,-2.70,-0.69,0.06,-0.04
8.42,-2.14,-3.27,-1.26,-0.01,0.07
9.04,-2.21,-2.65,1.79,-0.02,0.57
9.17,-2.89,-1.59,3.26,-0.11,0.58
8.00,-5.36,-1.15,4.00,-0.02,0.70
7.53,-7.59,0.39,2.69,-0.02,0.61
9.38,-8.04,1.20,1.04,-0.01,0.24
9.86,-9.55,0.86,-0.24,-0.35,-0.58
7.76,-4.76,-1.88,-1.31,-0.31,-1.02
5.87,-1.39,-2.62,-1.20,0.16,-0.32
7.14,-2.71,-1.58,-0.38,0.52,0.58
9.73,-7.87,2.76,0.58,0.49,0.56
10.55,-6.93,2.00,-0.25,-0.24,-0.49
7.24,-3.22,-3.28,-0.15,-0.49,-0.43
5.84,-2.28,-3.36,-0.29,0.21,0.54
8.81,-6.39,1.43,-0.03,0.62,1.02
10.72,-9.88,2.11,-0.29,0.03,-0.19
8.86,-4.72,-1.20,-0.74,-0.26,-0.72
6.40,-2.04,-2.58,-0.79,-0.18,-0.13
6.66,-3.36,-2.00,-0.70,0.31,0.86
8.97,-8.91,0.94,1.03,0.53,0.79
10.16,-8.32,1.69,-0.29,-0.11,-0.52
7.30,-3.03,-2.64,-0.19,-0.40,-0.38
6.02,-3.43,-3.26,-0.32,0.07,0.51
8.56,-8.36,1.02,1.09,0.31,0.70
10.37,-8.51,1.83,-0.10,-0.18,-0.51
7.99,-3.14,-2.02,-0.19,-0.54,-0.56
5.90,-3.10,-3.42,0.13,-0.14,0.35
8.11,-8.15,1.01,1.11,0.15,0.59
9.88,-8.82,1.50,-0.16,-0.21,-0.55
8.82,-4.40,-0.78,0.53,-0.66,-0.70
6.48,-2.94,-4.43,-0.13,-0.50,-0.14
6.51,-6.26,-1.82,0.43,0.27,0.65
8.93,-9.55,1.71,-0.29,0.11,-0.33
8.97,-3.28,-1.13,-0.27,-0.34,-0.56
6.95,-1.40,-3.86,-0.41,-0.16,0.29
7.27,-8.06,-0.21,0.60,0.34,0.58
9.26,-6.67,0.33,-0.62,0.21,-0.34
8.34,-2.94,-2.43,0.04,-0.05,-0.06
7.71,-4.10,-2.61,-0.18,0.24,0.56
7.61,-9.00,0.61,-0.15,0.31,0.31
8.35,-5.10,-0.52,-0.25,0.12,-0.38
8.06,-2.86,-1.56,0.84,0.09,0.14
7.21,-5.65,-0.77,0.39,0.07,0.63
6.93,-6.58,-0.82,-0.15,0.22,0.74
6.49,-5.63,-0.88,-0.04,0.28,0.96
5.15,-4.62,-1.52,0.52,0.32,1.59
4.67,-6.47,-0.42,1.57,0.54,2.09
4.66,-10.29,1.11,0.46,1.00,2.17
4.78,-8.29,2.04,-1.92,0.76,2.27
3.67,-10.69,1.69,-0.75,0.26,2.32
3.86,-11.51,1.23,-2.39,0.06,1.93
2.73,-11.56,-1.42,-3.04,-0.20,1.35
2.39,-10.03,-2.76,-3.13,-0.46,0.81
0.63,-8.89,-4.87,-2.46,-0.77,0.38
-0.09,-7.81,-6.31,-0.82,-0.63,0.27
-0.88,-8.49,-6.34,-0.58,-0.41,0.19
-0.39,-7.33,-6.69,0.21,-0.15,0.15
-0.20,-7.90,-5.87,0.66,-0.11,0.15
-0.34,-8.49,-5.83,0.50,-0.07,0.11
-0.38,-8.53,-5.66,0.09,0.02,0.06
-0.47,-8.21,-5.58,0.23,-0.01,0.04
-0.29,-7.98,-5.51,0.42,-0.01,0.01
-0.21,-8.24,-5.05,0.51,-0.06,0.04
-0.23,-8.18,-4.90,0.51,-0.11,0.07
-0.19,-8.22,-4.20,1.02,-0.14,0.08
-0.45,-8.54,-3.69,1.59,-0.12,0.17
-1.24,-9.81,-2.79,1.57,-0.04,0.13
-1.27,-10.02,-2.66,0.24,0.03,0.08
-1.13,-9.25,-2.85,-0.03,-0.02,0.06
-0.72,-9.41,-2.60,0.11,-0.04,0.11
-0.56,-9.33,-2.62,-0.32,0.04,0.17
-0.45,-9.33,-2.53,-0.10,0.02,0.16
-0.80,-9.93,-2.28,0.33,-0.03,0.10
-0.76,-9.96,-2.22,0.17,-0.04,0.01
-0.82,-9.59,-2.38,0.03,-0.12,-0.04
-0.90,-9.48,-2.43,0.05,-0.20,-0.06
-0.99,-9.34,-2.42,0.05,-0.21,-0.06
-0.98,-9.22,-2.37,-0.02,-0.17,-0.04
-1.06,-9.36,-2.18,0.15,-0.17,-0.01
-0.98,-9.53,-2.36,0.27,-0.16,0.01
-1.01,-9.80,-2.19,0.18,-0.17,-0.02
-0.87,-9.73,-2.12,0.12,-0.17,-0.09
-0.82,-9.53,-2.16,0.14,-0.17,-0.14
-0.81,-9.36,-2.01,0.00,-0.14,-0.14
-0.74,-9.26,-1.92,-0.02,-0.09,-0.05
-0.76,-9.43,-1.89,-0.05,-0.13,0.13
-0.75,-9.60,-2.05,-0.19,-0.20,0.27
-0.79,-9.61,-2.26,-0.16,-0.20,0.27
-0.75,-9.41,-2.17,-0.12,-0.15,0.21
-0.76,-9.11,-1.99,0.00,-0.12,0.12
-1.43,-9.43,-1.82,0.08,-0.15,0.10
-2.13,-9.50,-2.01,-0.07,-0.20,0.18
-2.01,-9.20,-2.07,-0.05,-0.37,0.44
-2.25,-8.64,-2.15,0.17,-0.67,0.70
-2.61,-9.54,-2.18,0.28,-0.83,0.78
-3.62,-9.72,-2.11,-0.09,-0.81,0.71
-3.80,-9.59,-2.16,-0.21,-0.60,0.48
-3.63,-9.22,-2.13,-0.34,-0.35,0.31
-3.19,-8.37,-2.15,-0.06,-0.19,0.24
-3.67,-8.68,-1.79,0.21,-0.06,0.17
-3.75,-8.93,-1.64,0.24,0.08,0.06
-3.59,-8.88,-1.36,-0.02,0.17,-0.05
-3.71,-8.76,-1.42,0.03,0.12,-0.09
-3.44,-8.56,-1.42,0.03,0.16,-0.09
-3.46,-8.69,-1.51,0.10,0.10,-0.02
-3.78,-8.96,-1.65,0.11,0.11,-0.00
-3.66,-8.96,-1.65,-0.13,0.15,0.00
-3.53,-8.85,-1.74,-0.22,0.16,0.08
-3.11,-9.00,-1.93,-0.35,0.11,0.08
-3.40,-9.18,-2.22,-0.54,0.06,0.01
-3.82,-9.40,-2.32,-0.47,0.12,-0.05
-3.99,-9.69,-2.44,-0.46,0.23,-0.09
-3.04,-8.91,-2.65,-0.37,0.28,-0.26
-2.76,-8.38,-2.45,-0.14,0.19,-0.38
-3.01,-8.39,-2.76,-0.14,0.06,-0.39
-3.14,-8.33,-3.14,0.07,0.03,-0.43
-2.89,-8.50,-3.21,0.32,-0.08,-0.39
-2.73,-8.57,-3.34,0.01,-0.08,-0.38
-2.67,-8.31,-3.24,-0.21,-0.11,-0.20
-2.53,-8.65,-3.56,-0.05,-0.19,-0.03
-2.35,-8.85,-3.57,-0.13,-0.25,0.05
-2.34,-8.87,-3.74,-0.06,-0.26,0.04
-2.41,-8.75,-3.48,-0.01,-0.18,-0.03
-2.53,-8.36,-3.39,0.25,-0.16,-0.06
-2.69,-8.53,-3.13,0.53,-0.10,0.00
-3.05,-9.09,-3.00,0.59,-0.09,0.14
-3.05,-9.50,-2.99,0.22,-0.06,0.16
-2.93,-9.17,-2.71,-0.02,-0.01,0.09
-2.86,-9.03,-2.57,0.20,0.03,0.06
-2.51,-9.14,-2.34,0.31,0.02,0.05
-2.90,-9.36,-2.37,0.18,-0.05,0.10
-2.81,-9.30,-2.07,-0.09,0.03,0.10
-2.48,-8.74,-1.97,-0.08,0.02,0.03
-2.33,-8.66,-1.99,0.06,-0.01,0.01
-2.60,-8.97,-2.06,0.01,-0.03,-0.04
-2.86,-9.15,-2.23,0.11,-0.03,-0.13
-2.55,-9.11,-2.17,-0.02,0.01,-0.20
-2.54,-8.99,-2.34,-0.28,0.05,-0.21
-2.44,-8.91,-2.34,-0.07,0.06,-0.16
-2.73,-9.24,-2.27,0.01,0.12,-0.14
-2.37,-9.27,-2.13,0.13,0.11,-0.06
-2.34,-9.49,-2.05,0.19,0.02,0.01
-2.52,-9.51,-2.09,-0.14,-0.06,0.05
-2.67,-9.29,-2.46,-0.21,-0.11,0.03
-2.63,-9.08,-2.71,-0.34,-0.07,0.02
-2.50,-8.72,-2.87,-0.13,-0.03,-0.00
-2.38,-8.92,-2.91,-0.01,-0.01,0.02
-2.50,-8.97,-2.74,-0.07,0.08,-0.01
-2.47,-9.03,-2.54,0.12,0.08,-0.05
-2.42,-9.15,-2.42,0.07,0.04,-0.04
-2.54,-9.15,-2.54,-0.00,-0.04,-0.05
-2.43,-9.08,-2.74,-0.11,-0.12,-0.07
-2.41,-8.83,-2.86,-0.24,-0.10,-0.07
-2.55,-8.81,-2.98,0.01,-0.09,-0.05
-2.53,-8.93,-3.00,-0.05,-0.02,-0.04
-2.53,-8.80,-3.01,0.08,-0.00,-0.02
-2.38,-9.04,-2.91,0.06,0.00,0.02
-2.25,-9.06,-2.82,-0.04,0.05,0.02
-2.30,-9.21,-2.68,0.13,0.09,-0.00
-2.33,-9.14,-2.43,0.09,0.07,0.06
-2.01,-9.01,-2.58,-0.02,-0.06,0.24
-2.19,-9.26,-2.95,-0.26,-0.08,0.17
-2.13,-8.97,-2.88,-0.14,0.19,-0.19
-2.34,-8.99,-2.58,0.67,0.14,-0.28
-2.73,-9.25,-2.57,0.50,-0.05,-0.25
-2.72,-9.05,-2.83,-0.06,-0.15,-0.12
-1.87,-8.90,-2.99,-0.26,-0.08,-0.04
-1.75,-8.90,-2.91,-0.02,0.02,0.02
-2.22,-9.33,-2.50,0.32,0.10,-0.01
-2.29,-9.42,-2.20,0.29,0.15,-0.08
-2.06,-9.33,-2.16,0.15,0.05,-0.06
-2.05,-9.30,-2.41,-0.06,-0.10,0.00
-2.03,-9.14,-2.44,-0.23,-0.09,0.02
-1.94,-8.98,-2.18,0.11,-0.07,0.06
-2.06,-9.39,-2.05,0.16,-0.15,0.09
-2.20,-9.37,-2.00,-0.09,-0.20,0.08
-2.13,-9.37,-2.23,-0.06,-0.29,0.07
-2.43,-9.12,-2.57,0.09,0.02,-0.02
-2.52,-9.16,-2.54,0.04,0.02,-0.07
-2.48,-8.98,-2.53,0.03,0.01,-0.07
-2.52,-9.09,-2.63,0.01,0.00,-0.04
-2.45,-9.09,-2.63,-0.03,0.04,-0.01
-2.52,-9.20,-2.62,0.02,0.05,0.02
-2.38,-9.08,-2.54,-0.03,0.08,-0.02
-2.36,-9.05,-2.50,0.03,0.09,0.02
-2.28,-9.04,-2.49,-0.01,0.06,0.06
-2.42,-9.16,-2.55,-0.02,0.02,0.09
-2.48,-9.22,-2.56,-0.10,-0.01,0.08
-2.28,-9.06,-2.55,-0.12,0.02,0.04
-2.22,-9.01,-2.51,0.01,0.05,-0.03
-2.25,-8.91,-2.48,0.07,0.08,-0.10
-2.43,-8.91,-2.50,0.20,0.05,-0.09
-2.34,-8.97,-2.54,0.12,-0.00,-0.02
-2.26,-9.07,-2.63,0.03,-0.09,0.03
-2.33,-9.22,-2.70,0.00,-0.09,-0.02
-2.39,-9.39,-2.69,0.04,-0.03,-0.07
-2.37,-9.40,-2.64,0.08,0.02,-0.15
-2.33,-9.18,-2.58,0.04,0.02,-0.13
-2.41,-9.15,-2.65,-0.05,-0.01,-0.08
-2.14,-8.98,-2.66,-0.08,0.02,-0.02
-2.06,-9.16,-2.66,0.02,0.03,0.01
-2.00,-9.08,-2.55,0.02,0.09,-0.04
-2.06,-9.05,-2.42,0.13,0.08,-0.01
-2.10,-9.19,-2.47,0.04,0.02,0.03
-2.11,-9.19,-2.57,-0.02,-0.00,0.04
-2.12,-9.23,-2.66,-0.00,-0.01,0.06
-2.09,-9.11,-2.64,-0.05,0.01,0.06
-2.10,-9.09,-2.52,0.05,0.03,0.06
-2.08,-9.18,-2.51,0.02,0.00,0.05
-2.06,-9.12,-2.52,0.01,-0.01,0.01
-2.21,-9.27,-2.55,0.07,-0.02,-0.01
-2.15,-9.28,-2.53,0.04,0.02,-0.04
-2.18,-9.32,-2.50,0.09,0.01,-0.04
-2.14,-9.31,-2.46,-0.01,-0.01,-0.05
-2.28,-9.25,-2.42,-0.01,-0.01,-0.07
-2.17,-9.08,-2.44,-0.01,-0.00,-0.05
-2.07,-9.00,-2.48,-0.01,0.00,-0.01
-2.00,-9.05,-2.49,0.06,0.02,-0.00
-2.12,-9.17,-2.46,0.07,0.03,0.01
-1.99,-9.25,-2.42,0.07,-0.01,0.04
-2.10,-9.46,-2.52,0.00,-0.03,0.03
-2.04,-9.37,-2.64,-0.03,-0.01,-0.04
-2.11,-9.16,-2.63,0.01,0.02,-0.05
-2.24,-9.11,-2.56,-0.01,0.05,-0.04
-2.23,-9.07,-2.53,0.01,0.03,0.02
-2.19,-9.11,-2.64,-0.04,0.01,0.05
-2.10,-9.05,-2.69,-0.02,0.04,0.05
-2.04,-9.02,-2.60,0.03,0.05,0.08
-1.88,-9.16,-2.54,0.03,0.02,0.11
-2.14,-9.41,-2.50,0.03,0.03,0.07
-2.05,-9.22,-2.50,0.05,0.03,0.01
-2.02,-9.15,-2.42,0.05,0.00,-0.02
-2.02,-9.17,-2.33,0.11,-0.02,-0.01
-2.23,-9.38,-2.36,0.07,-0.07,0.00
-2.37,-9.28,-2.43,-0.05,-0.09,-0.01
-2.27,-9.09,-2.52,0.01,-0.10,-0.01
-2.21,-9.07,-2.55,-0.05,-0.10,0.04
-2.20,-9.06,-2.59,-0.04,-0.06,0.08
-2.32,-9.19,-2.52,0.01,-0.04,0.07
-2.34,-9.06,-2.42,-0.00,-0.02,0.06
-2.35,-9.09,-2.41,0.05,-0.01,0.02
-2.28,-9.01,-2.33,0.06,-0.01,0.01
-2.27,-9.11,-2.34,0.08,-0.05,0.02
-2.47,-9.32,-2.37,0.04,-0.03,-0.04
-2.32,-9.42,-2.43,0.14,-0.03,-0.07
-2.38,-9.46,-2.45,0.04,-0.04,-0.12
-2.36,-9.25,-2.51,0.01,-0.02,-0.12
-2.32,-9.18,-2.60,-0.04,-0.02,-0.08
-2.12,-9.05,-2.57,-0.05,0.03,-0.06
-2.12,-9.12,-2.46,0.02,0.05,-0.04
-2.14,-9.23,-2.29,0.05,0.09,-0.07
-2.04,-9.20,-2.17,0.08,0.06,-0.06
-2.04,-9.28,-2.23,0.01,0.01,-0.05
-2.03,-9.20,-2.35,0.01,0.01,-0.05
-2.05,-9.16,-2.37,0.04,0.00,-0.02
-2.06,-9.13,-2.39,0.00,0.01,0.00
-2.03,-9.12,-2.40,0.04,0.02,0.04
-1.98,-9.18,-2.36,0.01,0.02,0.06
-2.07,-9.23,-2.28,0.05,0.03,0.05
-2.07,-9.21,-2.21,0.05,0.02,0.08
-2.05,-9.26,-2.32,0.01,-0.02,0.12
-2.08,-9.24,-2.32,0.03,-0.01,0.10
-2.14,-9.31,-2.29,0.06,-0.01,0.09
-2.29,-9.34,-2.28,-0.01,-0.01,0.04
-2.29,-9.30,-2.32,0.06,-0.01,0.03
-2.35,-9.27,-2.39,-0.03,-0.01,0.01
-2.30,-9.19,-2.45,-0.01,-0.00,0.01
-2.23,-9.21,-2.43,-0.01,0.02,0.02
-2.23,-9.20,-2.39,-0.04,-0.01,0.04
-2.27,-9.19,-2.30,-0.05,-0.02,0.03
-2.30,-9.23,-2.28,-0.04,-0.05,0.02
-2.31,-9.19,-2.35,-0.04,-0.06,0.01
-2.47,-9.25,-2.48,-0.01,-0.04,-0.02
-2.33,-9.16,-2.55,0.00,-0.00,-0.05
-2.30,-9.08,-2.53,0.02,0.02,-0.07
-2.16,-9.00,-2.44,0.07,0.03,-0.06
-2.06,-9.09,-2.38,0.06,0.00,-0.03
-2.03,-9.21,-2.27,0.09,-0.02,-0.01
-2.18,-9.51,-2.25,0.02,-0.08,-0.01
-2.30,-9.45,-2.33,-0.05,-0.08,-0.06
-2.43,-9.35,-2.46,-0.03,-0.07,-0.08
-2.24,-9.04,-2.54,-0.04,-0.03,-0.08
-2.18,-9.02,-2.54,-0.03,-0.03,-0.01
-2.23,-9.17,-2.51,-0.06,0.01,0.02
-2.19,-9.23,-2.49,-0.03,0.03,-0.01
-2.19,-9.21,-2.41,-0.03,0.04,-0.04
-2.18,-9.18,-2.32,0.01,0.06,-0.05
-2.15,-9.03,-2.36,0.00,0.02,-0.03
-2.11,-9.01,-2.44,0.00,-0.00,-0.00
-2.07,-9.03,-2.48,0.06,-0.01,0.02
-2.09,-9.16,-2.47,0.05,-0.01,0.02
-2.07,-9.27,-2.47,0.07,0.00,0.02
-2.11,-9.38,-2.41,0.07,0.00,-0.02
-2.04,-9.24,-2.43,0.03,-0.01,-0.02
-2.06,-9.18,-2.44,0.03,-0.01,-0.00
-2.08,-9.19,-2.44,0.02,-0.01,0.01
-2.10,-9.14,-2.42,0.02,-0.01,0.02
-2.12,-9.14,-2.38,0.05,-0.02,0.04
-2.16,-9.25,-2.43,0.01,-0.05,0.04
-2.10,-9.27,-2.50,-0.01,-0.05,0.03
-2.18,-9.33,-2.43,0.02,-0.02,-0.00
-2.13,-9.31,-2.38,0.01,-0.02,-0.03
-2.17,-9.24,-2.39,0.02,-0.02,-0.05
-2.11,-9.14,-2.42,0.04,-0.03,-0.08
-2.02,-8.99,-2.36,0.08,-0.01,-0.11
-1.98,-8.97,-2.22,0.17,-0.02,-0.07
-2.05,-9.24,-2.21,0.10,-0.07,0.03
-2.14,-9.51,-2.34,0.04,-0.08,0.06
-2.20,-9.60,-2.40,0.00,-0.04,0.02
-2.09,-9.38,-2.33,-0.03,0.01,-0.03
-2.07,-9.24,-2.23,0.02,0.03,-0.02
-2.17,-9.26,-2.15,-0.03,0.01,0.01
-2.11,-9.27,-2.21,-0.05,-0.02,0.02
-2.14,-9.28,-2.27,-0.06,-0.01,0.02
-2.00,-9.20,-2.31,-0.04,-0.01,0.01
-2.08,-9.25,-2.34,-0.03,-0.01,0.00
-2.07,-9.16,-2.35,-0.02,0.01,-0.00
-2.11,-9.20,-2.28,0.02,0.00,0.02
-2.22,-9.17,-2.30,-0.00,0.02,0.03
-2.23,-9.21,-2.34,-0.01,-0.00,0.07
-2.17,-9.12,-2.38,-0.05,0.01,0.07
-2.12,-9.07,-2.39,0.01,0.03,0.09
-2.20,-9.18,-2.41,0.01,0.03,0.09
-2.20,-9.28,-2.35,0.03,0.03,0.09
-2.23,-9.31,-2.36,0.00,0.01,0.04
-2.20,-9.19,-2.35,0.03,0.01,-0.00
-2.27,-9.32,-2.33,0.04,-0.02,-0.02
-2.23,-9.26,-2.37,0.02,-0.02,-0.06
-2.28,-9.27,-2.43,0.01,-0.05,-0.07
-2.24,-9.30,-2.41,-0.03,-0.04,-0.10
-2.18,-9.17,-2.46,0.01,-0.03,-0.11
-2.15,-9.05,-2.45,0.02,-0.02,-0.11
-2.12,-9.02,-2.41,0.06,-0.02,-0.08
-2.17,-9.05,-2.39,0.10,-0.01,-0.04
-2.14,-9.14,-2.35,0.08,-0.02,0.01
-2.18,-9.21,-2.36,0.05,-0.02,0.04
-2.15,-9.29,-2.33,0.06,0.00,0.05
-2.08,-9.32,-2.30,0.07,0.03,0.03
-2.14,-9.34,-2.25,0.08,0.05,-0.00
-2.12,-9.33,-2.21,0.07,0.05,-0.02
-2.13,-9.26,-2.22,0.04,0.04,-0.02
-2.14,-9.23,-2.21,0.02,0.04,-0.01
-2.11,-9.22,-2.14,0.05,0.02,0.02
-2.14,-9.34,-2.09,0.00,-0.01,0.02
-2.04,-9.22,-2.17,0.01,-0.03,0.03
-2.09,-9.28,-2.22,0.01,-0.03,0.04
-2.01,-9.30,-2.22,0.03,-0.03,0.05
-2.11,-9.39,-2.16,0.05,-0.04,0.04
-2.17,-9.37,-2.15,0.02,-0.03,0.02
-2.19,-9.24,-2.14,-0.01,-0.03,0.02
-2.27,-9.14,-2.17,0.01,-0.02,0.01
-2.23,-9.11,-2.14,0.04,-0.01,0.03
-2.30,-9.17,-2.17,0.01,-0.02,0.08
-2.29,-9.31,-2.17,-0.01,-0.02,0.07
-2.17,-9.25,-2.16,0.01,-0.02,0.02
-2.29,-9.30,-2.15,0.04,0.02,-0.03
-2.24,-9.28,-2.06,0.11,0.04,-0.07
-2.30,-9.36,-2.04,0.06,-0.01,-0.08
-2.25,-9.32,-2.08,0.02,-0.03,-0.08
-2.20,-9.27,-2.12,0.01,-0.05,-0.06
-2.27,-9.32,-2.19,-0.02,-0.07,-0.03
-2.21,-9.22,-2.25,-0.04,-0.04,-0.03
-2.14,-9.18,-2.19,0.00,-0.01,-0.02
-2.15,-9.21,-2.11,0.04,0.02,-0.04
-2.12,-9.18,-2.03,0.10,0.03,-0.03
-2.12,-9.24,-2.01,0.06,0.00,-0.00
-2.20,-9.27,-2.08,0.04,0.00,0.02
-2.15,-9.32,-2.06,0.06,0.01,0.04
-2.25,-9.42,-2.05,0.01,0.01,0.03
-2.20,-9.33,-2.04,0.02,0.02,0.03
-2.10,-9.28,-2.04,-0.03,0.00,0.03
-2.20,-9.36,-2.07,0.01,0.02,-0.00
-2.14,-9.34,-2.03,0.02,0.04,-0.01
-2.21,-9.32,-2.04,-0.01,0.04,-0.02
-2.01,-9.19,-2.04,0.02,0.04,-0.00
-2.10,-9.32,-2.03,-0.01,0.02,0.02
-2.07,-9.31,-2.08,-0.01,0.04,-0.02
