-3.47,-5.58,-7.51,-0.14,0.15,-0.20
-3.23,-5.41,-7.28,-0.00,-0.12,0.03
-3.55,-5.51,-7.45,0.02,-0.09,0.02
-3.46,-5.47,-7.49,0.02,-0.05,0.01
-3.55,-5.43,-7.41,0.03,-0.05,0.01
-3.56,-5.39,-7.36,0.05,-0.03,0.00
-3.48,-5.36,-7.34,0.14,-0.06,0.02
-3.54,-5.34,-7.23,0.38,-0.11,-0.01
-3.52,-5.63,-6.84,0.61,-0.20,0.01
-3.74,-5.81,-6.67,0.56,-0.16,0.02
-3.76,-5.86,-6.52,0.39,-0.16,0.07
-3.89,-5.74,-6.48,0.29,-0.26,0.06
-3.93,-5.60,-6.27,0.32,-0.40,0.05
-4.31,-6.19,-5.80,0.34,-0.60,0.13
-4.54,-6.27,-5.53,0.12,-0.50,0.19
-4.74,-6.33,-5.42,0.07,-0.44,0.29
-4.89,-5.96,-5.41,-0.10,-0.36,0.37
-5.06,-5.60,-5.19,0.02,-0.41,0.39
-5.53,-5.44,-4.87,0.05,-0.49,0.44
-5.80,-5.16,-4.34,0.13,-0.58,0.54
-6.36,-5.06,-4.44,0.26,-0.69,0.64
-6.87,-5.46,-4.13,0.47,-0.78,0.73
-7.43,-5.81,-3.99,0.08,-0.73,0.78
-7.42,-5.18,-4.20,-0.14,-0.77,0.75
-7.65,-4.67,-4.05,0.10,-0.82,0.82
-7.88,-4.63,-3.69,0.27,-0.75,0.92
-8.19,-4.42,-3.73,0.17,-0.71,1.02
-8.69,-4.08,-3.79,0.09,-0.61,1.00
-9.13,-4.46,-4.13,0.43,-0.46,0.79
-9.02,-4.30,-3.74,0.54,-0.30,0.53
-8.82,-3.89,-3.30,0.57,-0.22,0.33
-8.77,-3.48,-2.72,0.48,-0.19,0.31
-8.81,-3.11,-2.38,0.39,-0.13,0.38
-8.84,-2.99,-2.03,0.39,-0.08,0.43
-9.08,-2.73,-2.01,0.25,-0.06,0.42
-9.31,-2.77,-1.92,0.25,-0.07,0.36
-9.40,-2.66,-1.75,0.25,-0.07,0.26
-9.35,-2.57,-1.54,0.26,-0.05,0.15
-9.29,-2.37,-1.52,0.07,-0.04,0.08
-9.17,-2.31,-1.56,0.10,-0.04,0.05
-9.09,-2.33,-1.41,-0.05,-0.07,0.05
-9.11,-2.04,-1.48,-0.03,-0.03,0.05
-9.11,-2.28,-1.51,0.09,0.03,-0.03
-9.33,-2.43,-1.64,0.02,0.00,-0.06
-9.31,-2.31,-1.71,-0.09,-0.03,-0.05
-9.33,-2.17,-1.70,-0.08,-0.01,-0.06
-9.24,-2.13,-1.69,-0.02,0.02,-0.05
-9.21,-2.15,-1.64,-0.02,0.04,-0.03
-9.24,-2.16,-1.60,-0.03,0.04,-0.01
-9.24,-2.11,-1.48,-0.03,0.04,0.00
-9.19,-2.15,-1.53,-0.02,0.01,0.02
-9.10,-2.24,-1.62,-0.07,-0.06,0.06
-9.12,-2.24,-1.68,-0.13,-0.07,0.07
-9.28,-2.19,-1.67,-0.09,-0.04,0.03
-9.31,-2.21,-1.68,-0.01,-0.02,-0.02
-9.30,-2.24,-1.70,-0.01,-0.03,-0.03
-9.19,-2.21,-1.72,-0.05,-0.03,-0.02
-9.24,-2.16,-1.74,-0.03,-0.03,-0.01
-9.33,-2.18,-1.63,0.04,-0.01,-0.00
-9.32,-2.22,-1.72,0.07,-0.03,-0.00
-9.32,-2.12,-1.57,0.11,-0.00,-0.03
-9.27,-2.04,-1.55,0.18,0.01,-0.04
-9.10,-2.10,-1.49,0.19,-0.04,0.01
-8.98,-2.17,-1.62,0.04,-0.13,0.06
-9.22,-2.12,-1.59,-0.04,-0.14,0.11
-9.37,-2.09,-1.60,0.05,-0.08,0.10
-9.31,-2.21,-1.53,0.19,-0.05,0.03
-9.34,-2.27,-1.47,0.11,-0.05,0.01
-9.32,-2.21,-1.55,-0.02,-0.03,0.05
-9.43,-2.12,-1.40,0.10,0.02,0.05
-9.52,-2.30,-1.49,0.17,0.03,0.03
-9.37,-2.27,-1.39,0.11,0.04,-0.02
-9.26,-2.23,-1.51,0.03,0.03,-0.05
-9.28,-2.12,-1.54,-0.08,0.01,-0.01
-9.32,-2.06,-1.54,-0.06,0.05,0.05
-9.29,-2.20,-1.46,-0.00,0.06,0.05
-9.24,-2.30,-1.40,-0.04,0.04,0.03
-9.36,-2.29,-1.52,-0.12,-0.01,0.01
-9.22,-2.09,-1.57,-0.08,0.01,-0.01
-9.17,-2.11,-1.56,0.01,0.04,-0.04
-9.23,-2.15,-1.58,-0.06,0.01,-0.01
-9.22,-2.07,-1.63,-0.07,0.01,0.03
-9.15,-2.11,-1.68,0.02,0.02,0.02
-9.17,-2.15,-1.65,0.03,0.02,0.00
-9.23,-2.20,-1.76,-0.02,-0.01,0.03
-9.25,-2.23,-1.89,-0.05,-0.01,0.03
-9.28,-2.18,-1.90,-0.03,0.03,-0.02
-9.37,-2.11,-1.84,0.03,0.09,-0.06
-9.35,-2.08,-1.79,0.11,0.12,-0.07
-9.28,-2.07,-1.74,0.16,0.13,-0.07
-9.17,-2.03,-1.76,0.14,0.11,-0.06
-9.06,-1.98,-1.78,0.10,0.07,0.01
-9.05,-2.06,-1.85,0.07,0.02,0.09
-9.11,-2.14,-1.92,0.03,-0.02,0.13
-9.16,-2.21,-1.92,0.03,-0.02,0.12
-9.30,-2.23,-1.87,0.03,-0.01,0.11
-9.23,-2.26,-1.96,0.03,-0.04,0.09
-9.23,-2.23,-2.02,-0.01,-0.03,0.05
-9.25,-2.13,-2.06,-0.03,0.01,0.01
-9.33,-2.07,-2.02,-0.02,0.05,-0.00
-9.53,-1.98,-2.06,-0.08,0.17,-0.04
-9.23,-1.82,-1.83,0.04,0.20,-0.09
-9.15,-2.10,-2.28,-0.02,0.13,-0.10
-8.85,-2.21,-2.35,-0.09,0.11,-0.12
-8.72,-2.15,-2.36,-0.01,0.13,-0.17
-8.95,-2.19,-2.29,0.21,0.10,-0.17
-8.92,-2.43,-2.33,0.33,0.08,-0.13
-8.88,-2.66,-2.43,0.19,0.01,-0.06
-8.95,-2.66,-2.52,0.03,-0.04,-0.04
-8.97,-2.61,-2.63,-0.02,-0.06,-0.08
-8.91,-2.64,-2.60,0.03,-0.02,-0.08
-9.00,-2.75,-2.58,0.12,0.02,-0.08
-8.93,-2.85,-2.45,0.16,0.03,-0.08
-8.84,-2.88,-2.43,0.10,0.01,-0.09
-8.74,-2.75,-2.54,0.14,-0.01,-0.08
-8.87,-3.03,-2.52,0.18,-0.04,-0.04
-8.88,-3.11,-2.56,0.04,-0.02,-0.01
-8.83,-2.91,-2.45,0.07,0.03,-0.03
-8.80,-2.95,-2.44,0.11,-0.00,-0.04
-8.78,-2.97,-2.43,0.03,-0.02,-0.01
-8.80,-2.96,-2.51,-0.03,-0.07,0.02
-8.86,-2.77,-2.52,0.03,-0.05,0.05
-8.81,-2.75,-2.44,0.20,0.01,0.10
-8.84,-2.85,-2.27,0.18,-0.01,0.14
-8.96,-2.83,-2.19,0.01,-0.05,0.16
-9.01,-2.72,-2.21,-0.07,-0.08,0.16
-9.01,-2.66,-2.18,-0.06,-0.08,0.12
-9.04,-2.59,-2.15,-0.02,-0.08,0.11
-9.04,-2.58,-2.10,0.01,-0.10,0.12
-9.11,-2.61,-2.09,0.01,-0.12,0.10
-9.15,-2.61,-2.19,-0.04,-0.13,0.06
-9.10,-2.72,-2.24,-0.21,-0.13,0.07
-9.00,-2.44,-2.31,-0.48,-0.09,0.13
-8.95,-2.07,-2.26,-0.23,-0.04,0.11
-9.12,-2.15,-2.17,0.16,-0.03,0.07
-9.20,-2.41,-2.11,0.17,-0.05,0.07
-9.20,-2.30,-2.15,0.02,-0.07,0.03
-9.32,-2.14,-2.05,0.06,-0.04,-0.01
-9.13,-2.07,-1.83,0.17,-0.03,-0.05
-9.12,-2.23,-1.89,0.21,-0.10,0.00
-9.17,-2.45,-1.97,0.01,-0.20,0.11
-9.13,-2.29,-2.02,-0.14,-0.16,0.16
-9.15,-2.22,-2.07,-0.01,-0.08,0.09
-9.24,-2.35,-1.91,0.10,-0.01,0.04
-9.13,-2.34,-1.62,0.06,0.02,0.01
-9.27,-2.40,-1.66,0.07,-0.03,-0.00
-9.17,-2.39,-1.61,-0.01,-0.08,-0.02
-9.19,-2.22,-1.64,-0.04,-0.05,-0.07
-9.26,-2.20,-1.61,0.02,-0.06,-0.09
-9.26,-2.22,-1.62,-0.01,-0.09,-0.06
-9.30,-2.20,-1.68,-0.07,-0.10,-0.05
-9.23,-2.19,-1.71,-0.12,-0.09,-0.03
-9.22,-2.16,-1.71,-0.14,-0.08,-0.00
-9.29,-2.19,-1.62,-0.10,-0.05,0.01
-9.33,-2.24,-1.50,-0.06,-0.05,0.02
-9.28,-2.31,-1.59,-0.11,-0.10,0.04
-9.19,-2.29,-1.67,-0.19,-0.10,0.07
-9.23,-2.20,-1.67,-0.13,-0.04,0.05
-9.26,-2.29,-1.63,-0.06,-0.02,0.03
-9.24,-2.29,-1.46,-0.02,0.01,0.02
-9.21,-2.29,-1.39,-0.03,-0.01,-0.02
-9.26,-2.23,-1.38,-0.07,-0.04,-0.02
-9.19,-2.17,-1.45,-0.11,-0.10,-0.01
-9.26,-2.13,-1.60,-0.16,-0.12,0.02
-9.31,-2.06,-1.66,-0.11,-0.07,0.01
-9.33,-2.05,-1.58,-0.03,-0.02,-0.02
-9.23,-2.07,-1.49,0.02,0.00,-0.02
-9.28,-2.13,-1.44,-0.03,-0.03,0.01
-9.28,-2.07,-1.41,-0.05,-0.01,0.02
-9.35,-2.07,-1.36,0.03,-0.01,0.00
-9.36,-2.11,-1.31,0.05,-0.00,0.00
-9.26,-2.09,-1.32,0.04,-0.03,-0.01
-9.30,-2.07,-1.40,-0.02,-0.06,0.01
-9.25,-1.99,-1.44,-0.03,-0.06,0.04
-9.38,-2.05,-1.46,0.01,-0.06,0.06
-9.34,-2.11,-1.44,0.02,-0.04,0.07
-9.26,-2.12,-1.41,0.04,-0.01,0.03
-9.29,-2.10,-1.38,0.05,-0.00,0.01
-9.36,-2.08,-1.40,0.06,-0.01,0.01
-9.39,-2.14,-1.40,0.07,-0.01,0.01
-9.40,-2.12,-1.51,0.01,-0.01,0.00
-9.39,-2.02,-1.53,-0.00,0.01,0.00
-9.32,-2.01,-1.54,0.02,0.03,0.01
-9.28,-2.01,-1.41,0.03,0.06,0.02
-9.32,-2.03,-1.33,0.04,0.04,0.03
-9.28,-2.06,-1.26,0.04,0.03,0.03
-9.26,-2.04,-1.27,0.03,0.01,0.02
-9.22,-2.02,-1.31,0.01,-0.03,0.03
-9.22,-1.99,-1.34,0.01,-0.04,0.03
-9.24,-2.05,-1.41,0.01,-0.06,0.04
-9.35,-2.03,-1.44,-0.00,-0.06,0.04
-9.36,-2.04,-1.52,0.03,-0.04,0.01
-9.36,-2.01,-1.50,0.04,-0.01,-0.01
-9.33,-1.96,-1.52,0.02,-0.01,-0.00
-9.30,-1.93,-1.49,0.05,0.01,0.01
-9.35,-2.00,-1.49,0.04,-0.01,0.03
-9.28,-1.98,-1.45,0.03,-0.00,0.04
-9.30,-2.03,-1.45,0.05,-0.01,0.03
-9.36,-2.05,-1.43,0.04,-0.01,0.03
-9.38,-2.07,-1.50,0.04,-0.01,0.02
-9.25,-1.98,-1.47,0.00,-0.00,-0.00
-9.30,-2.01,-1.45,0.02,-0.01,0.01
-9.34,-2.02,-1.42,0.04,0.01,-0.00
-9.37,-2.05,-1.48,0.06,0.04,-0.03
-9.32,-2.04,-1.50,0.07,0.03,-0.02
-9.32,-2.03,-1.50,0.07,0.02,-0.00
-9.29,-2.04,-1.47,0.08,0.03,-0.01
-9.31,-2.06,-1.43,0.07,0.02,-0.02
-9.22,-2.04,-1.41,-0.01,-0.02,-0.00
-9.37,-2.02,-1.52,-0.08,-0.06,0.04
-9.29,-2.01,-1.62,-0.13,-0.06,0.06
-9.38,-1.98,-1.62,-0.06,-0.01,0.05
-9.40,-2.09,-1.57,0.01,0.02,0.03
-9.31,-2.05,-1.42,0.05,0.06,-0.01
-9.20,-2.09,-1.38,0.07,0.03,-0.03
-9.20,-2.09,-1.41,-0.05,-0.03,-0.01
-9.23,-2.05,-1.50,-0.08,-0.06,0.01
-9.31,-2.11,-1.51,-0.06,-0.07,0.01
-9.32,-2.18,-1.59,-0.12,-0.09,0.02
-9.32,-2.16,-1.68,-0.16,-0.06,0.00
-9.35,-2.04,-1.68,-0.08,0.01,-0.06
-9.31,-2.00,-1.53,0.09,0.08,-0.11
-9.30,-2.07,-1.48,0.07,0.04,-0.10
-9.23,-1.99,-1.50,-0.04,0.02,-0.07
-9.20,-1.93,-1.56,-0.07,-0.01,-0.03
-9.29,-1.94,-1.57,-0.05,-0.01,0.02
-9.33,-2.06,-1.58,0.00,-0.01,0.04
-9.28,-2.11,-1.53,0.01,0.02,0.02
-9.18,-2.08,-1.50,0.02,0.00,0.02
-9.22,-2.15,-1.46,0.00,-0.04,0.06
-9.31,-2.21,-1.56,-0.01,-0.06,0.06
-9.35,-2.21,-1.63,-0.02,-0.05,0.03
-9.28,-2.11,-1.70,-0.01,-0.03,0.00
-9.21,-2.07,-1.68,0.04,0.02,-0.01
-9.12,-2.04,-1.59,0.04,0.03,-0.00
-9.07,-2.01,-1.41,0.14,0.07,-0.03
-9.16,-2.17,-1.30,0.12,-0.01,-0.01
-9.54,-2.35,-1.53,0.02,-0.09,0.05
-9.56,-2.47,-1.74,0.02,-0.07,0.01
-9.50,-2.39,-1.91,-0.09,0.00,-0.06
-9.20,-2.00,-1.83,-0.01,0.07,-0.09
-9.02,-2.00,-1.78,0.08,0.08,-0.06
-8.96,-2.07,-1.69,0.01,0.06,0.06
-9.17,-2.11,-1.67,-0.02,0.05,0.12
-9.80,-2.26,-1.81,-0.01,0.04,0.10
-9.52,-2.06,-1.86,0.02,0.10,0.01
-8.93,-1.93,-1.77,0.18,0.17,-0.09
-8.87,-1.99,-1.63,0.17,0.11,-0.03
-9.09,-2.18,-1.65,0.09,0.02,0.10
-9.34,-2.33,-1.78,0.02,-0.05,0.09
-9.32,-2.21,-1.88,0.02,-0.00,-0.01
-9.13,-2.13,-1.86,0.05,0.00,-0.07
-9.16,-2.06,-1.89,-0.01,-0.05,-0.00
-9.28,-2.04,-1.99,-0.05,-0.07,0.08
-9.28,-2.09,-2.04,-0.02,-0.05,0.11
-9.31,-2.10,-2.01,0.05,-0.01,0.08
-9.25,-2.17,-2.00,0.08,0.02,0.05
-9.16,-2.17,-1.89,0.10,0.04,0.03
-9.21,-2.19,-1.84,0.06,0.02,0.01
-9.19,-2.09,-1.86,0.04,0.01,-0.01
-9.30,-2.05,-1.89,0.06,0.01,-0.02
-9.22,-2.00,-1.91,0.07,0.04,-0.02
-9.17,-1.95,-1.85,0.07,0.03,-0.02
-9.06,-1.90,-1.81,0.10,0.02,0.01
-9.07,-1.98,-1.87,0.13,-0.02,0.05
-9.14,-2.10,-1.92,0.12,-0.02,0.08
-9.22,-2.22,-1.88,0.11,-0.02,0.07
-9.25,-2.27,-1.91,0.04,-0.05,0.04
-9.20,-2.21,-1.91,0.04,-0.03,0.02
-9.17,-2.22,-1.84,0.05,-0.03,-0.02
-9.27,-2.20,-1.84,-0.00,-0.05,-0.03
-9.30,-2.13,-1.91,-0.01,-0.05,-0.04
-9.29,-2.09,-1.95,-0.01,-0.03,-0.05
-9.29,-2.01,-1.93,-0.00,-0.00,-0.04
-9.25,-2.03,-1.93,0.01,-0.01,-0.01
-9.28,-2.08,-1.89,-0.00,0.01,0.01
-9.24,-2.11,-1.87,0.01,0.01,0.01
-9.28,-2.10,-1.82,0.01,0.02,0.02
-9.25,-2.14,-1.85,0.02,0.01,0.02
-9.25,-2.14,-1.87,0.00,0.01,0.02
-9.21,-2.14,-1.89,0.00,0.01,0.02
-9.20,-2.11,-1.88,-0.01,0.02,0.02
-9.18,-2.06,-1.87,0.04,0.03,0.02
-9.18,-2.11,-1.81,0.03,0.01,0.03
-9.16,-2.10,-1.83,0.01,-0.02,0.04
-9.24,-2.14,-1.87,-0.01,-0.04,0.06
-9.25,-2.13,-1.94,-0.02,-0.04,0.06
-9.25,-2.16,-1.97,0.02,-0.02,0.04
-9.27,-2.11,-1.93,0.01,0.00,0.03
-9.26,-2.09,-1.97,0.01,0.01,0.03
-9.21,-2.03,-1.93,0.04,0.04,0.03
-9.18,-2.04,-1.83,0.09,0.05,0.02
-9.17,-2.03,-1.78,0.07,0.02,0.04
-9.18,-2.01,-1.79,0.08,-0.01,0.06
-9.20,-2.07,-1.86,0.07,-0.03,0.07
-9.19,-2.02,-1.90,0.05,-0.04,0.08
-9.21,-2.05,-1.92,0.08,-0.03,0.09
-9.24,-2.07,-1.91,0.07,-0.02,0.09
-9.19,-2.00,-1.92,0.11,-0.01,0.06
-9.17,-2.01,-1.86,0.09,-0.03,0.06
-9.28,-1.82,-2.03,0.07,-0.02,0.06
-9.25,-1.76,-1.98,0.11,-0.00,0.06
-9.21,-1.56,-1.97,0.16,0.02,0.07
-9.21,-1.44,-1.94,0.26,0.03,0.09
-9.10,-1.18,-1.87,0.42,0.03,0.12
-9.01,-1.16,-1.78,0.48,-0.00,0.15
-9.27,-1.22,-1.69,0.49,-0.07,0.20
-9.53,-1.13,-1.57,0.44,-0.13,0.23
-9.24,-0.93,-1.43,0.52,-0.16,0.23
-9.40,-0.79,-1.22,0.66,-0.21,0.26
-9.70,-0.81,-1.16,0.77,-0.30,0.38
-9.52,-0.77,-1.19,0.87,-0.35,0.47
-9.22,-0.82,-1.43,0.98,-0.43,0.55
-8.93,-0.90,-1.56,1.00,-0.45,0.66
-9.08,-1.17,-1.75,1.00,-0.49,0.73
-9.45,-1.46,-2.10,0.83,-0.55,0.70
-9.92,-1.42,-2.49,0.65,-0.54,0.61
-10.25,-1.30,-2.65,0.66,-0.43,0.47
-9.86,-1.27,-2.36,0.87,-0.30,0.26
-11.02,-2.14,-2.08,0.95,-0.25,0.19
-11.50,-3.24,-2.12,0.16,-0.29,0.14
-11.42,-3.26,-2.25,-0.73,-0.03,-0.23
-10.90,-2.95,-1.59,-1.02,0.52,-0.77
-11.64,-2.92,-1.29,-1.51,0.96,-1.09
-11.68,-2.25,-0.91,-1.47,1.30,-1.17
-9.93,-1.99,-0.51,-0.50,1.56,-1.52
-9.06,-2.43,-0.36,-0.05,1.62,-2.02
-8.45,-2.24,-0.03,-0.08,1.53,-2.23
-7.80,-1.79,-0.20,-0.09,1.26,-2.13
-8.12,-1.67,-0.41,-0.04,0.87,-1.54
-8.73,-1.58,-0.72,-0.10,0.44,-0.58
-9.26,-1.59,-0.90,-0.16,0.06,0.34
-11.03,-1.22,0.05,0.45,-0.08,1.07
-11.06,-1.74,-0.99,1.32,-0.73,1.48
-11.50,-2.26,-0.83,1.21,-1.17,1.79
-10.80,-2.33,-1.43,0.64,-1.18,1.89
-9.10,-1.62,-2.04,0.49,-1.10,1.74
-8.24,-1.28,-2.14,1.24,-0.86,1.60
-8.36,-1.98,-1.92,1.69,-0.51,1.50
-8.88,-2.72,-2.02,1.34,-0.40,1.55
-9.59,-2.87,-2.52,0.70,-0.54,1.47
-10.74,-2.93,-2.89,0.40,-0.65,1.31
-11.22,-3.35,-3.06,0.29,-0.58,1.03
-12.72,-4.90,-3.53,-0.07,-0.47,0.48
-12.89,-5.20,-2.39,-1.15,0.19,-0.41
-13.45,-3.14,-0.75,-1.56,1.23,-1.46
-13.08,-1.97,-0.71,-1.21,2.19,-2.20
-10.75,-1.59,-0.84,-0.37,2.22,-2.71
-9.15,-1.57,-0.50,0.09,1.77,-2.98
-8.59,-1.89,0.05,-0.15,1.40,-2.69
-8.34,-1.90,-0.10,-0.98,1.06,-2.04
-8.46,-1.24,-0.27,-1.45,0.75,-1.33
-9.47,-0.17,-0.25,-0.90,0.58,-0.70
-9.22,0.38,-0.64,0.31,0.28,-0.15
-10.73,-0.01,-0.03,1.12,-0.08,0.55
-11.61,-1.05,-0.26,1.42,-0.56,1.57
-11.55,-2.09,-1.30,0.91,-1.52,2.34
-11.28,-2.10,-1.49,0.19,-2.20,2.69
-10.32,-1.90,-1.90,-0.31,-2.30,2.64
-9.78,-1.10,-1.76,0.12,-1.93,2.39
-10.28,-1.53,-2.07,1.26,-1.43,2.06
-10.35,-2.88,-2.56,1.70,-1.16,1.76
-10.14,-3.74,-3.35,1.06,-1.00,1.32
-10.20,-3.42,-3.16,0.48,-0.82,0.65
-11.38,-3.68,-2.94,-0.11,-0.28,0.05
-13.18,-3.94,-2.67,-0.59,0.32,-0.42
-13.74,-3.52,-2.32,-0.95,0.95,-1.05
-14.42,-3.02,-1.06,-0.92,1.57,-1.80
-14.74,-2.53,-0.21,-1.20,2.21,-2.44
-12.89,-1.97,0.08,-1.48,2.53,-2.78
-10.66,-1.26,0.24,-1.32,2.41,-2.99
-9.18,-0.80,0.35,-0.82,2.11,-2.93
-7.94,-0.79,0.04,-0.31,1.66,-2.40
-7.15,-0.85,0.14,-0.09,1.23,-1.58
-7.77,-0.54,0.23,0.13,0.87,-0.77
-7.97,-0.94,-0.38,0.46,0.39,0.10
-9.56,-1.32,-0.63,0.58,-0.40,1.12
-10.83,-1.47,-0.95,0.66,-1.36,2.21
-11.62,-2.14,-2.18,0.38,-2.51,3.01
-12.80,-1.84,-1.75,-0.03,-3.07,3.30
-11.98,-1.44,-1.73,-0.04,-2.74,3.04
-10.62,-0.90,-1.95,1.04,-1.96,2.33
-10.40,-1.76,-2.01,2.23,-1.23,1.54
-10.54,-2.77,-2.33,2.47,-0.76,1.00
-10.18,-3.35,-2.67,1.87,-0.51,0.84
-10.48,-3.81,-2.93,1.04,-0.43,0.78
-11.04,-4.42,-2.69,0.22,-0.37,0.47
-13.87,-5.56,-3.24,-1.02,-0.15,-0.10
-14.01,-4.21,-1.45,-1.79,0.72,-0.96
-15.07,-2.80,-0.18,-1.95,1.90,-1.92
-13.13,-1.81,-0.22,-1.66,2.76,-2.57
-11.14,-1.32,-0.15,-0.90,2.69,-3.10
-10.04,-1.29,0.34,-0.29,2.32,-3.34
-9.09,-1.51,0.54,-0.27,1.88,-3.08
-8.53,-1.68,0.11,-0.74,1.36,-2.30
-8.75,-1.33,-0.02,-1.00,0.91,-1.27
-8.88,-0.81,-0.21,-0.62,0.59,-0.33
-8.62,-0.54,-0.64,0.32,0.11,0.34
-9.15,-0.81,-0.86,1.24,-0.54,1.07
-9.60,-1.57,-1.44,1.39,-1.39,2.00
-11.23,-2.19,-2.39,-0.38,-2.37,3.01
-10.25,-1.55,-2.48,0.49,-2.00,2.41
-10.18,-2.27,-2.16,1.54,-1.49,1.73
-10.23,-3.33,-2.33,1.55,-1.13,1.26
-10.45,-3.47,-2.77,0.98,-0.92,0.97
-11.20,-3.41,-3.33,0.80,-0.75,0.64
-11.26,-3.76,-3.16,0.75,-0.48,0.15
-13.29,-4.69,-3.38,0.05,-0.11,-0.46
-13.23,-4.07,-1.69,-0.91,0.67,-1.08
-13.74,-3.32,-0.78,-1.65,1.55,-1.62
-12.11,-2.30,-0.54,-1.78,2.06,-2.05
-10.22,-1.47,-0.16,-1.19,2.09,-2.57
-9.55,-1.28,0.34,-0.55,1.95,-2.93
-8.75,-1.53,0.45,-0.41,1.68,-2.77
-7.95,-1.75,0.23,-0.64,1.19,-2.12
-8.34,-1.45,0.16,-0.82,0.65,-1.30
-9.45,-1.23,-0.24,-0.60,0.21,-0.40
-9.57,-1.04,-0.44,-0.05,-0.16,0.34
-10.71,-1.00,-0.60,0.78,-0.56,1.05
-11.10,-1.64,-1.64,1.23,-1.31,1.81
-11.47,-2.19,-1.87,0.84,-1.91,2.40
-10.08,-1.93,-1.92,0.43,-2.02,2.48
-8.96,-1.67,-2.03,0.35,-1.81,2.14
-8.62,-1.78,-1.68,0.80,-1.34,1.80
-9.11,-2.55,-1.93,0.91,-0.96,1.50
-9.76,-2.90,-2.64,0.56,-0.92,1.24
-11.26,-2.90,-2.83,0.36,-0.92,0.96
-12.62,-3.39,-2.96,0.22,-0.66,0.61
-13.98,-4.30,-2.95,-0.34,-0.25,0.09
-13.30,-3.34,-1.91,-1.15,0.48,-0.60
-13.69,-2.67,-0.97,-1.34,1.43,-1.04
-11.94,-2.13,-0.73,-1.07,2.12,-1.31
-9.06,-1.74,-0.59,-0.39,2.15,-1.73
-8.51,-1.65,-0.35,-0.00,1.94,-2.20
-8.67,-1.74,0.10,-0.03,1.85,-2.22
-8.74,-1.61,0.28,-0.38,1.76,-1.85
-9.08,-1.09,0.18,-0.43,1.48,-1.31
-9.96,-0.81,-0.15,0.12,0.97,-0.70
-9.21,-1.09,-0.40,0.65,0.35,-0.14
-10.19,-1.40,-0.32,0.66,-0.18,0.37
-10.11,-1.61,-0.84,0.64,-0.78,1.07
-10.29,-2.18,-1.24,0.37,-1.44,1.73
-9.76,-2.13,-1.29,0.19,-1.80,2.03
-8.89,-2.08,-1.72,0.09,-1.98,1.86
-8.68,-2.06,-1.90,0.02,-1.90,1.63
-8.83,-2.30,-1.93,-0.09,-1.69,1.51
-9.39,-2.31,-2.63,-0.33,-1.55,1.36
-11.20,-2.55,-2.90,-0.33,-1.49,1.24
-12.84,-2.86,-3.36,-0.24,-1.27,0.95
-13.47,-2.71,-3.50,-0.13,-0.86,0.31
-14.20,-3.08,-3.22,-0.42,-0.05,-0.31
-13.61,-2.25,-1.17,-0.65,1.44,-0.82
-12.88,-1.31,-0.90,-0.39,2.66,-1.30
-10.79,-1.57,-0.41,0.62,3.08,-1.58
-8.54,-1.98,-0.68,0.95,2.61,-1.96
-8.65,-2.01,0.03,0.70,2.11,-2.08
-8.62,-1.68,0.42,0.47,1.87,-1.90
-8.34,-1.11,0.58,0.34,1.58,-1.69
-8.96,-0.69,-0.06,0.28,1.02,-1.30
-9.21,-0.71,-0.43,0.30,0.36,-0.54
-10.56,-0.97,-0.51,0.16,-0.36,0.32
-10.32,-0.78,-0.95,-0.12,-1.02,1.18
-10.92,-1.33,-1.18,-0.04,-1.71,1.95
-11.47,-1.85,-1.65,-0.33,-2.27,2.43
-10.32,-1.86,-2.06,-0.61,-2.66,2.50
-10.26,-1.56,-2.81,-0.76,-2.78,2.23
-9.93,-1.68,-2.07,-0.39,-2.32,1.94
-10.00,-1.75,-2.35,-0.11,-1.61,1.48
-10.37,-2.26,-3.03,0.15,-1.14,0.96
-11.35,-2.42,-3.05,0.12,-0.75,0.34
-12.79,-2.42,-2.65,0.17,-0.12,-0.21
-14.27,-2.59,-2.73,0.17,0.45,-0.67
-13.11,-2.77,-1.02,-0.09,1.35,-1.17
-12.00,-1.63,-0.51,-0.47,1.98,-1.90
-10.97,-1.19,0.19,0.11,2.51,-2.04
-9.68,-1.50,0.61,0.68,2.68,-2.01
-8.11,-1.02,-0.14,0.64,2.04,-2.11
-7.49,-1.24,-0.00,0.64,1.58,-1.70
-8.06,-1.62,0.84,0.46,1.21,-1.12
-8.65,-1.75,-0.20,-0.17,0.70,-0.63
-10.38,-1.53,-0.02,-0.18,0.41,0.04
-11.96,-1.32,0.23,0.48,0.31,0.58
-10.64,-1.48,-0.51,1.20,-0.16,1.02
-9.78,-2.14,-1.66,0.90,-1.07,1.42
-10.28,-2.33,-1.01,-0.02,-1.50,1.86
-9.51,-1.98,-1.53,-0.74,-1.67,2.01
-8.99,-1.49,-2.10,-0.83,-1.78,1.91
-8.71,-1.51,-1.94,-0.11,-1.68,1.86
-9.35,-2.14,-2.44,-0.00,-1.52,1.71
-10.20,-2.36,-2.92,-0.06,-1.39,1.58
-11.57,-2.67,-3.22,-0.02,-1.21,1.36
-11.94,-2.92,-3.48,0.17,-0.73,0.81
-12.70,-3.24,-3.31,0.40,-0.26,-0.03
-13.39,-3.88,-2.05,-0.02,0.70,-0.77
-14.25,-3.75,-1.19,-0.93,1.64,-1.32
-13.64,-2.49,-0.90,-1.43,2.28,-1.85
-11.46,-1.42,-0.51,-0.86,2.52,-2.42
-9.92,-1.21,-0.20,-0.19,2.47,-2.91
-9.19,-1.40,-0.02,-0.10,2.29,-2.94
-8.97,-1.43,0.27,-0.18,2.07,-2.46
-9.38,-0.21,0.31,0.96,0.74,-0.40
-9.80,-0.99,0.64,1.84,0.15,0.73
-10.02,-2.48,-1.25,1.12,-1.11,1.95
-11.53,-2.75,-1.27,-0.19,-2.25,2.90
-11.10,-2.12,-1.74,-1.17,-2.76,3.21
-9.94,-0.91,-1.98,-0.89,-2.71,2.83
-9.95,-0.95,-1.93,0.36,-2.17,2.39
-10.33,-2.14,-2.06,1.00,-1.49,2.03
-11.26,-3.16,-2.68,0.85,-1.22,1.70
-11.86,-3.60,-3.45,0.82,-1.14,1.19
-11.95,-4.17,-3.57,0.56,-0.83,0.48
-13.19,-4.39,-3.09,-0.23,-0.40,-0.24
-13.73,-4.00,-2.42,-1.31,0.77,-0.73
-14.01,-2.68,-1.35,-1.71,1.83,-1.19
-14.63,-2.12,-0.83,-1.79,2.62,-1.61
-12.69,-1.67,-0.27,-1.34,3.01,-1.85
-10.58,-1.22,0.06,-0.60,2.91,-2.24
-9.46,-1.24,0.55,0.04,2.68,-2.50
-8.80,-1.44,0.61,0.27,2.33,-2.42
-8.48,-1.50,0.39,0.17,1.86,-1.99
-8.56,-1.05,0.23,0.25,1.32,-1.36
-8.20,-0.80,-0.03,0.60,0.72,-0.59
-8.98,-0.81,0.08,1.15,0.02,0.37
-9.12,-1.35,-1.30,1.16,-1.10,1.55
-10.74,-1.96,-1.67,0.55,-2.21,2.74
-11.86,-2.06,-2.27,-0.54,-3.00,3.39
-11.42,-0.89,-2.25,-0.83,-3.21,3.28
-11.40,-0.07,-1.58,0.69,-2.54,2.83
-11.76,-1.17,-1.16,2.38,-1.51,2.23
-12.07,-3.25,-2.28,2.92,-1.07,1.79
-11.54,-5.02,-2.90,2.00,-1.11,1.69
-11.33,-6.08,-3.40,0.35,-1.06,1.30
-11.76,-5.43,-3.42,-0.99,-0.77,0.42
-13.97,-4.68,-3.46,-1.66,0.13,-0.55
-14.49,-3.40,-1.51,-1.67,1.48,-1.32
-16.07,-2.84,-0.58,-1.90,2.72,-1.91
-14.06,-1.90,-0.24,-1.70,3.31,-2.35
-12.17,-1.13,0.12,-0.83,3.20,-2.90
-11.11,-1.15,0.68,-0.03,2.93,-3.21
-9.92,-1.43,0.86,0.23,2.56,-3.02
-9.00,-1.47,0.70,0.08,2.04,-2.45
-8.57,-1.03,0.36,0.13,1.41,-1.66
-7.36,-0.73,0.00,0.59,0.81,-0.73
-8.12,-1.01,-0.04,0.97,0.11,0.28
-8.79,-1.62,-1.14,0.76,-0.95,1.59
-10.03,-2.13,-1.84,0.11,-2.16,2.79
-11.91,-2.09,-1.86,-0.43,-2.99,3.41
-11.80,-1.60,-2.01,-0.77,-3.26,3.25
-11.38,-0.66,-1.62,-0.12,-2.85,2.70
-11.94,-1.25,-1.67,1.21,-2.05,2.23
-11.87,-2.53,-2.48,1.75,-1.56,1.86
-11.27,-3.47,-3.31,1.36,-1.46,1.59
-11.30,-3.92,-3.63,0.78,-1.34,1.18
-11.52,-4.33,-3.51,0.08,-0.76,0.53
-12.79,-4.02,-3.37,-0.54,-0.12,-0.24
-13.28,-3.53,-2.61,-0.91,0.99,-0.98
-14.93,-3.19,-0.92,-1.31,2.07,-1.54
-15.51,-2.75,-0.32,-1.90,2.97,-1.91
-13.00,-1.68,-0.10,-1.59,3.19,-2.24
-11.24,-1.00,0.24,-0.57,2.94,-2.75
-10.06,-1.17,0.83,0.29,2.65,-2.97
-9.06,-1.60,0.71,0.38,2.22,-2.72
-8.63,-1.56,0.49,-0.08,1.66,-2.04
-8.69,-1.00,0.11,-0.17,1.05,-1.05
-7.67,-0.62,-0.22,0.28,0.44,-0.08
-8.39,-0.76,-0.35,1.00,-0.25,0.73
-8.65,-1.44,-1.29,1.12,-1.31,1.65
-10.38,-2.17,-1.61,0.34,-2.31,2.59
-11.80,-2.08,-1.35,-0.52,-2.84,3.15
-11.74,-1.29,-1.50,-0.65,-2.93,3.03
-11.70,-0.78,-1.82,0.49,-2.66,2.53
-11.59,-1.95,-2.15,1.43,-2.16,2.03
-11.29,-2.79,-2.59,1.42,-1.71,1.55
-11.31,-3.13,-3.05,1.09,-1.33,1.13
-11.77,-3.48,-3.34,0.78,-0.93,0.70
-12.23,-3.99,-3.25,0.24,-0.55,0.23
-13.49,-4.58,-3.22,-0.85,0.14,-0.25
-13.66,-3.43,-1.72,-1.70,1.17,-0.83
-14.41,-2.29,-0.42,-1.82,2.39,-1.39
-13.17,-1.54,-0.16,-1.40,3.22,-1.90
-11.39,-1.14,-0.03,-0.42,3.17,-2.39
-10.59,-1.41,0.32,0.33,2.76,-2.69
-9.94,-1.90,0.64,0.26,2.28,-2.53
-8.95,-1.98,0.68,-0.30,1.81,-2.07
-8.69,-1.44,0.69,-0.61,1.33,-1.63
-8.61,-1.05,0.17,-0.33,0.78,-1.06
-8.80,-0.76,0.15,0.25,0.16,-0.28
-9.18,-0.88,-0.62,0.87,-0.62,0.68
-9.60,-1.48,-1.58,0.83,-1.61,1.74
-10.53,-1.74,-1.55,0.45,-2.27,2.57
-10.62,-1.58,-1.80,0.06,-2.64,2.79
-10.42,-1.24,-2.23,0.05,-2.74,2.66
-10.97,-1.39,-1.87,0.67,-2.42,2.54
-11.76,-2.03,-2.13,1.07,-1.89,2.25
-11.86,-2.75,-2.98,1.32,-1.58,1.80
-12.09,-3.73,-3.31,1.27,-1.37,1.22
-11.71,-4.30,-3.48,0.56,-0.90,0.49
-13.96,-4.47,-3.41,-0.33,-0.46,-0.22
-13.35,-3.58,-2.34,-1.01,0.91,-0.87
-14.00,-2.41,-0.98,-1.09,2.01,-1.62
-10.98,-1.56,0.03,-0.93,2.66,-2.58
-9.87,-1.44,0.54,-0.62,2.31,-2.64
-9.02,-1.57,0.65,-0.58,1.97,-2.35
-8.55,-1.48,0.67,-0.67,1.60,-1.84
-8.49,-0.84,0.58,-0.29,1.20,-1.30
-8.17,-0.58,-0.11,0.45,0.68,-0.71
-9.01,-0.62,0.15,1.16,0.08,0.15
-9.49,-1.29,-1.23,1.21,-0.95,1.35
-11.33,-2.04,-1.77,0.49,-2.14,2.71
-12.23,-2.24,-2.03,-0.28,-2.86,3.51
-10.59,-1.61,-2.40,-0.69,-2.97,3.17
-9.55,-0.90,-1.75,0.08,-2.45,2.28
-10.66,-1.74,-1.55,0.87,-1.62,1.47
-11.14,-2.20,-2.52,1.10,-0.91,0.83
-10.02,-2.25,-2.98,1.43,-0.74,0.48
-10.51,-2.89,-2.94,1.25,-0.80,0.35
-11.49,-3.83,-3.18,0.15,-0.60,0.39
-14.09,-3.89,-3.09,-0.94,-0.19,0.18
-14.20,-2.68,-2.03,-1.13,0.76,-0.51
-14.07,-2.03,-0.75,-0.72,1.89,-1.34
-12.51,-1.94,-0.48,-0.50,2.66,-1.94
-9.83,-1.77,-0.43,-0.34,2.62,-2.27
-8.63,-1.54,-0.08,-0.22,2.21,-2.48
-8.09,-1.50,0.08,-0.27,1.77,-2.32
-7.65,-1.51,-0.17,-0.43,1.40,-1.73
-7.96,-1.24,-0.19,-0.40,1.14,-1.06
-9.11,-0.95,-0.13,0.03,0.95,-0.40
-10.00,-1.07,-0.15,0.72,0.46,0.25
-10.85,-1.56,-0.22,1.22,-0.30,1.02
-10.42,-1.85,-1.93,0.93,-1.42,1.80
-10.83,-1.98,-1.73,0.53,-2.09,2.44
-10.52,-1.75,-1.98,-0.05,-2.19,2.57
-9.48,-1.03,-2.41,0.06,-2.04,2.22
-9.42,-1.32,-2.21,0.75,-1.66,1.85
-9.56,-2.14,-2.48,0.75,-1.25,1.60
-9.76,-2.43,-3.11,0.28,-1.06,1.48
-10.33,-2.29,-3.27,0.15,-0.96,1.26
-11.84,-2.82,-3.29,0.40,-0.66,0.91
-12.93,-3.88,-2.72,0.35,-0.28,0.29
-14.42,-4.70,-2.64,-0.63,0.32,-0.53
-14.29,-3.54,-0.85,-1.31,1.29,-1.36
-14.00,-2.22,-0.41,-1.64,2.23,-2.11
-12.05,-1.55,-0.60,-1.37,2.59,-2.57
-10.16,-1.10,-0.36,-0.75,2.46,-2.85
-9.05,-1.09,0.04,-0.24,2.20,-2.88
-8.42,-1.19,0.24,-0.19,1.91,-2.49
-7.82,-0.99,0.13,-0.30,1.54,-1.78
-8.27,-0.55,0.02,-0.12,1.04,-0.97
-8.75,-0.67,-0.42,0.21,0.43,-0.12
-10.38,-0.96,0.06,0.51,-0.17,0.72
-10.65,-1.36,-1.48,0.45,-1.15,1.62
-11.18,-1.51,-1.72,0.33,-2.06,2.48
-11.63,-1.53,-2.02,0.37,-2.48,2.91
-10.68,-1.41,-2.24,0.37,-2.46,2.67
-9.76,-1.26,-1.94,0.89,-1.98,2.22
-9.76,-2.21,-1.75,1.25,-1.34,1.81
-10.21,-2.75,-2.49,0.94,-0.97,1.41
-10.69,-2.40,-3.07,1.05,-0.87,1.11
-11.50,-3.26,-3.34,1.41,-0.79,0.86
-11.85,-4.99,-3.08,0.72,-0.64,0.49
-13.97,-5.87,-3.10,-1.06,-0.28,-0.08
-14.02,-3.77,-1.83,-2.08,0.65,-0.88
-14.60,-2.21,-0.69,-1.84,1.95,-1.66
-13.29,-1.44,-0.50,-1.27,2.88,-2.36
-11.01,-1.23,-0.41,-0.49,2.88,-2.90
-9.59,-1.25,-0.00,-0.01,2.46,-3.18
-8.51,-1.27,0.40,-0.01,1.99,-2.87
-7.54,-1.30,0.12,-0.34,1.46,-2.08
-7.91,-0.84,0.19,-0.63,0.92,-1.05
-9.09,-0.69,0.03,-0.33,0.42,0.02
-10.02,-0.86,0.18,0.18,-0.14,0.78
-10.50,-1.15,-0.76,0.52,-0.91,1.28
-10.69,-1.68,-1.78,0.34,-1.90,1.87
-11.60,-1.92,-1.65,-0.06,-2.49,2.42
-10.98,-1.51,-1.99,-0.36,-2.60,2.43
-9.78,-0.66,-2.18,0.30,-2.33,2.01
-9.77,-1.21,-1.98,1.37,-1.81,1.65
-10.37,-2.26,-2.33,1.56,-1.31,1.43
-10.66,-2.55,-3.27,1.21,-1.10,1.25
-10.92,-2.63,-3.71,1.10,-1.03,0.94
-11.59,-3.35,-3.66,0.69,-0.68,0.57
-14.33,-4.29,-3.16,-0.23,-0.23,0.20
-13.97,-3.64,-2.52,-1.21,0.84,-0.39
-13.12,-2.17,-1.22,-1.06,1.77,-1.27
-13.06,-1.86,-0.58,-0.77,2.56,-2.00
-11.37,-1.93,-0.33,-0.62,2.78,-2.36
-9.94,-1.57,-0.13,-0.53,2.46,-2.60
-9.12,-1.28,0.16,-0.36,2.04,-2.56
-8.00,-0.90,0.37,-0.10,1.67,-2.14
-7.58,-0.89,-0.21,-0.02,1.16,-1.51
-8.48,-0.61,-0.27,0.03,0.66,-0.71
-8.66,-0.68,-0.82,0.03,0.12,0.11
-10.03,-0.90,-0.98,-0.03,-0.56,0.85
-10.55,-0.93,-1.56,-0.06,-1.33,1.56
-11.02,-1.41,-2.23,0.04,-2.11,2.08
-11.20,-1.44,-2.20,-0.01,-2.53,2.24
-10.47,-1.12,-2.24,0.05,-2.38,2.02
-9.49,-0.74,-2.10,0.80,-1.82,1.64
-9.68,-1.47,-2.04,1.53,-1.24,1.34
-9.76,-2.46,-2.74,1.43,-0.95,1.21
-11.18,-3.37,-3.71,0.28,-0.75,0.82
-12.96,-4.35,-3.21,-0.44,-0.48,0.42
-14.21,-4.08,-2.87,-1.44,0.35,-0.38
-14.14,-2.48,-0.94,-1.38,1.51,-1.35
-14.31,-1.75,-0.41,-1.24,2.66,-2.17
-12.30,-1.55,-0.56,-0.89,2.97,-2.58
-10.23,-1.04,-0.40,-0.38,2.60,-2.85
-8.95,-0.68,0.07,0.16,2.11,-2.82
-7.85,-0.95,-0.17,0.18,1.63,-2.26
-7.10,-0.64,-0.62,-0.21,1.17,-1.39
-8.20,-0.45,-0.28,-0.06,0.88,-0.47
-8.67,-0.57,-0.76,0.39,0.47,0.22
-9.75,-0.97,-0.58,0.69,-0.29,0.72
-10.69,-1.48,-1.11,0.42,-1.14,1.49
-11.34,-1.84,-1.88,-0.12,-2.05,2.29
-11.82,-1.47,-1.76,-0.23,-2.47,2.77
-11.12,-0.99,-2.04,0.24,-2.38,2.62
-10.30,-1.02,-1.89,1.22,-1.96,2.14
-10.15,-2.19,-1.87,1.69,-1.43,1.78
-10.24,-2.84,-2.60,1.24,-1.12,1.54
-10.14,-2.83,-3.44,0.86,-1.02,1.35
-10.64,-2.98,-3.64,1.03,-0.83,1.01
-11.22,-4.24,-2.88,1.04,-0.43,0.41
-14.56,-5.68,-2.74,-0.19,0.12,-0.37
-13.90,-3.98,-1.22,-1.27,1.08,-1.22
-14.67,-2.86,-0.71,-1.73,1.91,-1.94
-13.46,-2.31,-0.51,-1.83,2.40,-2.31
-11.14,-1.48,-0.41,-1.55,2.35,-2.69
-9.83,-0.92,-0.08,-0.96,2.19,-2.99
-8.71,-0.75,0.21,-0.40,2.07,-2.82
-7.69,-0.82,-0.14,-0.13,1.77,-2.21
-7.95,-0.33,-0.44,-0.00,1.32,-1.38
-8.70,0.04,-0.25,0.62,0.92,-0.41
-9.45,-0.49,-0.04,1.27,0.35,0.50
-10.11,-1.77,-0.78,1.02,-0.62,1.49
-11.18,-2.25,-1.51,-0.06,-1.83,2.46
-12.21,-2.07,-1.51,-0.76,-2.63,3.10
-11.48,-1.40,-2.29,-0.92,-2.96,2.94
-10.22,-0.61,-2.29,-0.06,-2.66,2.29
-10.25,-1.34,-1.83,0.87,-1.93,1.79
-10.57,-2.21,-2.46,1.01,-1.22,1.43
-10.24,-2.55,-3.39,0.95,-1.00,1.19
-10.09,-2.93,-3.65,1.02,-0.95,0.88
-11.18,-4.21,-3.59,0.56,-0.71,0.49
-14.53,-5.36,-3.18,-0.76,-0.27,-0.02
-14.33,-3.39,-1.93,-1.71,1.03,-0.85
-15.34,-1.98,-0.73,-1.29,2.21,-1.75
-14.58,-1.73,-0.59,-0.85,3.03,-2.47
-11.92,-1.53,-0.37,-0.39,2.94,-2.94
-9.96,-1.24,0.03,-0.12,2.45,-3.24
-8.33,-1.10,0.47,-0.05,2.00,-3.02
-6.97,-0.99,0.16,-0.22,1.50,-2.33
-6.85,-0.82,-0.08,-0.39,0.92,-1.35
-8.01,-0.78,0.07,-0.20,0.47,-0.31
-8.43,-1.07,-0.41,0.05,-0.10,0.57
-10.22,-1.39,-0.22,0.37,-0.77,1.37
-10.98,-1.75,-1.37,0.40,-1.73,2.08
-12.24,-2.13,-1.71,0.10,-2.56,2.62
-12.35,-1.93,-1.47,-0.21,-2.80,2.70
-10.98,-1.05,-2.05,-0.12,-2.56,2.14
-10.10,-0.67,-1.83,1.12,-1.97,1.55
-10.21,-1.76,-2.02,1.93,-1.32,1.25
-10.36,-2.63,-2.51,1.73,-1.01,1.22
-10.45,-2.97,-2.97,1.19,-1.00,1.25
-11.65,-3.76,-3.70,0.65,-1.00,1.11
-13.72,-5.05,-3.73,-0.36,-0.85,0.66
-14.49,-4.05,-2.63,-1.50,0.21,-0.25
-14.18,-2.10,-0.74,-1.32,1.72,-1.29
-14.26,-1.60,-0.19,-0.86,3.23,-2.06
-11.96,-1.58,-0.68,-0.34,3.43,-2.51
-10.06,-1.50,-0.32,0.30,2.80,-2.81
-9.18,-1.73,0.42,0.40,2.18,-2.79
-8.38,-1.69,0.73,-0.14,1.72,-2.36
-8.42,-1.29,0.46,-0.73,1.30,-1.62
-8.77,-0.65,0.08,-0.59,0.83,-0.80
-8.65,-0.25,0.05,0.13,0.43,-0.09
-10.08,-0.74,0.33,1.01,-0.07,0.59
-9.99,-1.61,-1.06,0.97,-1.07,1.33
-10.91,-2.21,-1.25,0.30,-1.99,2.14
-11.40,-2.29,-1.53,-0.48,-2.55,2.59
-10.45,-1.78,-2.09,-1.08,-2.83,2.37
-9.86,-0.81,-2.03,-0.51,-2.62,1.96
-10.30,-1.28,-2.00,0.41,-2.06,1.65
-10.56,-1.88,-2.79,0.78,-1.54,1.36
-10.90,-2.09,-3.44,1.08,-1.28,1.04
-11.94,-2.83,-3.70,1.21,-1.01,0.68
-11.40,-3.61,-3.44,0.65,-0.44,0.25
-13.79,-3.97,-3.55,-0.33,-0.02,-0.26
-14.03,-3.53,-2.29,-1.25,1.11,-0.66
-14.53,-2.38,-0.81,-1.44,2.25,-1.17
-14.22,-1.94,-0.38,-1.32,3.09,-1.61
-11.97,-1.61,-0.04,-0.63,3.23,-1.92
-10.43,-1.32,0.34,0.20,2.88,-2.37
-9.24,-1.15,0.61,0.62,2.39,-2.57
-7.66,-0.82,0.30,0.49,1.88,-2.21
-7.01,-0.67,0.23,0.36,1.37,-1.42
-7.94,-0.40,-0.04,0.16,0.79,-0.54
-8.27,-0.47,-0.03,0.34,0.15,0.33
-10.01,-1.11,-0.28,0.55,-0.65,1.11
-10.48,-1.88,-1.55,0.10,-1.72,1.90
-11.27,-1.20,-1.99,-0.72,-2.68,2.04
-10.66,-0.63,-1.95,0.44,-2.21,1.49
-10.57,-1.63,-2.18,1.35,-1.67,1.21
-10.34,-2.44,-2.74,1.17,-1.37,1.18
-10.06,-2.55,-3.23,0.74,-1.21,1.19
-11.05,-2.78,-3.62,0.65,-1.03,1.01
-11.32,-3.68,-3.66,0.48,-0.53,0.61
-12.97,-3.86,-3.12,-0.04,-0.10,-0.13
-13.61,-3.56,-2.28,-0.60,1.00,-0.90
-14.08,-2.95,-0.85,-1.02,2.01,-1.45
-14.20,-2.48,-0.79,-1.49,2.64,-1.84
-12.23,-1.69,-0.44,-1.14,2.73,-2.03
-10.50,-1.21,-0.26,-0.40,2.48,-2.37
-9.14,-0.78,0.29,0.23,2.28,-2.50
-8.25,-0.68,0.36,0.53,2.01,-2.20
-7.93,-0.75,0.09,0.50,1.57,-1.53
-8.45,-0.50,-0.15,0.30,0.98,-0.67
-8.49,-0.29,0.07,0.58,0.38,0.12
-9.68,-1.12,-0.01,0.78,-0.37,0.86
-10.15,-2.23,-1.24,-0.08,-1.48,1.66
-11.27,-2.37,-1.01,-1.01,-2.34,2.28
-11.40,-1.64,-1.30,-1.32,-2.70,2.25
-10.42,-0.66,-1.92,-0.63,-2.69,1.72
-10.09,-0.74,-2.04,0.72,-2.32,1.33
-10.40,-1.70,-2.17,1.27,-1.82,1.21
-10.80,-2.15,-2.83,1.16,-1.50,1.21
-10.83,-2.28,-3.51,1.17,-1.36,1.11
-11.63,-3.12,-4.00,1.01,-1.20,0.87
-11.72,-3.70,-3.54,0.25,-0.70,0.44
-14.40,-3.74,-3.36,-0.69,0.06,-0.12
-12.96,-2.49,-1.90,-0.88,1.48,-0.73
-13.76,-1.97,-0.96,-0.65,2.44,-1.42
-13.32,-2.21,-0.55,-0.55,3.00,-1.80
-11.19,-1.94,-0.32,-0.39,2.86,-1.97
-9.99,-1.69,0.08,-0.10,2.42,-2.14
-9.33,-1.75,0.58,0.03,2.08,-2.08
-8.58,-1.53,0.70,-0.10,1.76,-1.82
-8.20,-1.06,0.53,-0.13,1.37,-1.42
-8.49,-0.51,0.24,0.31,0.89,-0.86
-8.54,-0.52,0.07,0.86,0.34,-0.17
-9.19,-1.04,-0.29,1.16,-0.31,0.70
-9.17,-1.81,-1.43,0.67,-1.27,1.66
-10.28,-1.98,-1.30,0.08,-2.00,2.43
-11.68,-2.10,-1.60,-0.39,-2.52,2.73
-11.71,-1.93,-2.06,-0.67,-2.79,2.60
-11.40,-1.58,-2.13,-0.13,-2.62,2.21
-11.05,-2.12,-2.39,0.36,-2.11,1.64
-10.72,-2.54,-3.01,0.41,-1.59,1.06
-10.23,-2.56,-3.69,0.33,-1.10,0.60
-10.53,-2.61,-3.93,0.28,-0.68,0.21
-10.95,-2.80,-3.48,0.03,-0.05,-0.09
-14.16,-3.71,-2.86,-0.48,0.59,-0.29
-13.58,-3.60,-0.94,-1.19,1.70,-0.68
-12.98,-2.15,0.20,-1.53,2.38,-1.47
-12.93,-1.71,0.14,-1.21,2.59,-1.96
-11.12,-2.03,-0.05,-0.60,2.34,-1.85
-9.32,-1.98,0.15,-0.35,1.84,-1.69
-8.62,-2.00,0.54,-0.42,1.51,-1.45
-8.21,-1.95,0.77,-0.55,1.31,-1.05
-8.22,-1.85,0.89,-0.45,1.03,-0.66
-8.48,-1.80,0.90,0.05,0.61,-0.36
-8.27,-1.89,0.29,0.47,0.00,-0.15
-9.54,-2.37,-0.16,0.55,-0.63,0.19
-7.76,-2.75,-2.18,-0.32,-1.45,0.53
-8.89,-2.29,-2.18,-1.21,-2.23,0.70
-11.49,-2.01,-2.29,-1.80,-2.40,1.10
-11.24,-1.80,-2.86,-2.05,-2.27,1.36
-10.26,-1.18,-2.89,-1.81,-1.98,1.14
-10.07,-1.46,-3.03,-1.49,-1.64,0.83
-9.43,-1.76,-2.84,-1.67,-1.16,0.70
-8.90,-1.75,-3.13,-1.94,-0.89,0.67
-9.04,-2.01,-2.86,-2.09,-0.65,0.69
-9.74,-2.44,-2.07,-2.43,-0.27,0.76
-11.44,-2.66,-1.20,-2.58,0.16,0.82
-12.15,-3.64,-0.23,-2.30,0.72,0.85
-11.88,-5.58,1.35,-2.32,1.30,0.68
-12.29,-5.78,2.25,-2.92,1.69,0.11
-10.86,-4.63,1.62,-2.47,1.72,-0.63
-10.41,-4.22,1.33,-1.37,1.52,-1.30
-11.08,-4.67,2.29,-0.76,1.53,-1.51
-10.48,-4.54,2.56,-1.42,1.36,-1.62
-10.67,-3.55,1.89,-1.77,1.02,-1.78
-10.56,-2.04,1.53,-1.29,0.90,-2.03
-10.83,-0.28,1.37,-0.45,0.85,-2.13
-10.56,0.10,1.17,0.25,0.65,-1.67
-9.38,-0.41,-0.64,0.16,-0.19,-0.72
-8.68,-0.02,-1.36,-0.59,-1.23,0.16
-9.30,-0.14,-1.57,-1.14,-1.88,0.86
-9.42,0.14,-1.72,-1.71,-2.04,1.48
-9.84,0.13,-2.55,-1.73,-2.13,1.83
-9.84,0.40,-2.42,-1.33,-1.96,1.88
-9.90,0.03,-2.50,-0.60,-1.53,1.71
-9.87,-1.03,-2.84,-0.18,-1.13,1.50
-9.74,-2.18,-2.71,-0.20,-0.79,1.26
-10.59,-3.29,-2.45,-0.54,-0.56,0.96
-12.23,-4.13,-2.18,-1.01,-0.34,0.42
-13.03,-4.19,-1.44,-1.35,0.20,-0.43
-12.42,-3.10,-1.07,-1.51,0.83,-1.44
-13.05,-3.02,-0.70,-1.47,1.45,-2.02
-13.46,-3.25,-0.21,-1.81,1.91,-2.13
-10.39,-2.01,0.66,-0.91,2.19,-1.86
-10.11,-2.00,1.23,-0.43,2.18,-1.68
-9.87,-1.43,1.18,-0.21,1.84,-1.54
-9.91,-0.50,1.33,0.12,1.28,-1.21
-9.79,0.34,0.97,0.19,0.58,-0.64
-9.31,0.28,0.83,0.92,-0.12,0.14
-9.77,-0.40,-0.71,0.70,-1.14,0.82
-10.92,-1.16,-0.68,0.36,-1.89,1.63
-10.81,-1.54,-0.99,-0.15,-2.31,2.19
-10.16,-1.53,-2.07,-0.78,-2.78,2.25
-10.24,-1.00,-2.80,-0.86,-3.07,2.05
-10.77,-0.59,-2.32,-0.16,-2.78,1.81
-11.74,-0.87,-2.67,0.73,-2.06,1.50
-12.10,-2.44,-3.49,1.47,-1.51,1.24
-12.44,-4.25,-3.99,0.88,-1.17,0.90
-13.59,-4.77,-4.04,-0.40,-0.79,0.37
-13.36,-3.42,-2.89,-1.04,0.47,-0.38
-13.30,-2.71,-1.72,-0.52,1.76,-1.20
-14.79,-3.42,-0.56,-0.24,2.94,-1.86
-13.66,-3.38,-0.03,-0.62,3.47,-2.18
-11.69,-2.34,0.06,-0.65,3.20,-2.37
-10.42,-1.83,0.43,-0.20,2.74,-2.46
-9.61,-1.45,1.10,0.18,2.36,-2.30
-8.68,-1.10,0.88,0.22,1.88,-1.97
-8.70,-0.56,0.79,0.21,1.31,-1.43
-8.49,0.03,0.48,0.45,0.66,-0.68
-9.09,-0.49,0.70,0.94,-0.03,0.27
-9.25,-1.74,-0.99,0.42,-1.13,1.25
-10.04,-2.16,-0.96,-0.57,-2.08,2.12
-11.13,-1.99,-0.85,-1.07,-2.58,2.48
-11.42,-1.24,-1.46,-1.17,-2.83,2.22
-11.11,-0.54,-1.90,-0.05,-2.75,1.88
-11.34,-1.18,-1.89,1.11,-2.37,1.69
-11.84,-1.87,-2.22,1.41,-1.99,1.61
-11.88,-2.45,-3.06,1.32,-1.74,1.69
-12.07,-3.29,-3.83,1.17,-1.61,1.63
-12.23,-4.64,-3.77,0.57,-1.17,1.15
-13.75,-4.58,-3.37,-0.48,-0.42,0.23
-12.49,-2.93,-2.08,-0.68,1.13,-0.82
-12.45,-2.16,-1.05,-0.33,2.35,-1.62
-13.62,-3.03,-1.17,-0.47,2.99,-2.00
-12.74,-2.54,-0.78,-0.84,2.94,-2.11
-12.00,-1.59,-0.28,-0.48,2.61,-2.38
-11.45,-1.42,0.28,0.09,2.46,-2.60
-10.20,-0.74,0.66,0.34,2.36,-2.59
-9.21,0.22,0.23,0.60,1.98,-2.26
-8.61,0.13,0.19,1.08,1.47,-1.36
-8.40,-0.09,-0.12,0.81,0.63,-0.26
-9.10,-0.39,0.27,0.52,-0.13,0.81
-9.84,-1.72,-1.05,-0.06,-1.19,1.77
-10.62,-1.72,-0.69,-0.63,-1.97,2.43
-10.92,-1.70,-0.93,-0.64,-2.38,2.59
-11.00,-1.24,-1.66,-0.72,-2.66,2.26
-11.25,-0.90,-1.55,0.09,-2.54,2.05
-11.84,-1.64,-1.75,0.77,-2.17,1.92
-11.99,-2.41,-2.72,0.80,-1.99,1.79
-11.72,-2.84,-3.53,0.70,-1.93,1.60
-12.18,-3.58,-4.08,0.47,-1.69,1.27
-12.56,-4.29,-3.91,-0.10,-1.07,0.71
-12.65,-3.87,-3.43,-0.75,0.16,-0.10
-12.78,-2.75,-1.66,-0.79,1.47,-0.91
-14.62,-2.81,-0.95,-0.92,2.81,-1.46
-13.93,-2.61,-0.79,-1.07,3.42,-1.81
-12.61,-1.33,-0.45,-0.45,3.17,-2.33
-11.63,-1.20,0.49,0.51,2.88,-2.76
-10.09,-0.40,1.31,0.89,2.60,-2.82
-8.80,-0.57,0.78,0.81,2.06,-2.34
-8.34,-0.23,0.47,0.30,1.26,-1.37
-8.54,0.40,0.40,0.01,0.56,-0.41
-9.21,0.69,0.78,0.33,0.00,0.48
-10.13,-0.02,0.23,0.71,-0.68,1.33
-11.45,-1.63,-0.45,0.23,-1.63,2.19
-12.06,-1.93,-0.42,-0.69,-2.35,2.63
-11.90,-1.45,-1.09,-1.45,-2.84,2.49
-11.34,-0.25,-1.72,-0.97,-2.92,2.10
-11.29,-0.40,-1.81,0.65,-2.48,1.80
-11.84,-1.65,-1.93,1.41,-1.85,1.48
-11.93,-2.57,-2.76,1.41,-1.38,1.20
-10.82,-2.86,-3.10,1.27,-1.09,0.90
-10.98,-3.84,-3.38,0.61,-0.79,0.65
-11.45,-4.15,-3.06,-0.44,-0.39,0.34
-13.04,-3.98,-2.91,-1.30,0.35,-0.18
-12.42,-2.42,-1.45,-1.17,1.45,-0.95
-13.99,-2.23,-0.69,-0.97,2.34,-1.64
-13.78,-2.61,-0.22,-1.13,2.96,-1.89
-11.85,-1.98,-0.08,-1.19,2.89,-2.05
-10.80,-1.38,0.40,-0.75,2.61,-2.30
-10.06,-0.88,0.84,-0.20,2.38,-2.31
-9.00,-0.52,0.82,0.23,2.07,-1.94
-8.87,-0.19,0.86,0.66,1.62,-1.29
-8.68,0.08,0.89,1.11,1.05,-0.54
-9.59,-0.12,1.12,1.44,0.28,0.25
-9.97,-1.56,-0.44,1.04,-0.81,1.19
-10.38,-2.14,-0.88,-0.27,-1.85,1.97
-11.23,-1.87,-0.63,-1.01,-2.37,2.35
-10.80,-1.12,-1.29,-1.03,-2.56,2.19
-10.36,-0.62,-1.95,-0.06,-2.53,1.84
-10.74,-1.18,-1.61,1.06,-2.17,1.61
-11.29,-2.11,-2.03,1.23,-1.77,1.50
-11.29,-2.68,-2.77,0.90,-1.57,1.49
-13.92,-4.11,-3.50,-0.39,-0.78,0.32
-13.80,-3.27,-2.43,-0.99,0.72,-0.42
-12.86,-2.04,-1.24,-0.81,2.02,-1.22
-13.58,-2.15,-0.77,-0.78,3.01,-1.78
-12.36,-2.24,-0.38,-0.96,3.24,-1.93
-10.80,-1.73,-0.20,-0.84,2.85,-2.03
-9.90,-1.59,0.38,-0.42,2.45,-2.04
-9.39,-1.49,0.84,-0.12,2.19,-1.89
-9.22,-0.84,1.10,0.13,1.94,-1.57
-9.30,-0.34,0.93,0.72,1.54,-1.12
-8.23,-0.00,0.54,1.34,0.88,-0.60
-9.48,-0.59,0.71,1.50,0.05,0.12
-9.76,-1.37,-0.24,0.94,-0.89,1.09
-10.86,-2.28,-0.76,-0.02,-1.82,2.10
-11.33,-2.09,-0.81,-0.62,-2.44,2.66
-11.05,-1.86,-1.56,-0.85,-2.92,2.54
-11.12,-1.45,-2.16,-0.62,-3.11,2.15
-11.33,-1.52,-2.20,0.06,-2.74,1.88
-11.49,-1.74,-2.91,0.50,-2.14,1.54
-11.57,-2.16,-3.52,0.93,-1.57,1.17
-12.08,-3.11,-4.02,1.04,-1.06,0.75
-13.35,-4.00,-3.71,0.43,-0.51,0.25
-14.12,-3.95,-3.04,-0.58,0.61,-0.27
-13.34,-2.78,-1.64,-0.90,1.80,-0.87
-13.76,-2.15,-0.74,-0.93,2.78,-1.46
-13.07,-2.09,-0.34,-0.80,3.23,-1.81
-11.40,-1.80,-0.02,-0.54,3.06,-1.99
-10.04,-1.78,0.35,-0.25,2.64,-2.08
-9.62,-1.97,0.70,-0.31,2.22,-2.00
-9.14,-1.38,0.98,-0.57,1.90,-1.70
-8.61,-0.56,0.99,-0.22,1.54,-1.28
-8.42,-0.06,0.80,0.49,1.03,-0.76
-8.99,-0.15,0.79,1.18,0.29,-0.10
-9.51,-0.84,0.61,1.58,-0.53,0.77
-9.87,-1.97,-1.08,0.88,-1.73,1.74
-11.05,-2.36,-1.26,-0.24,-2.71,2.53
-11.79,-2.02,-1.52,-1.01,-3.22,2.75
-11.83,-1.01,-2.46,-1.11,-3.36,2.35
-11.80,-0.35,-2.78,0.24,-2.94,1.81
-11.57,-1.09,-3.03,1.18,-2.14,1.37
-11.18,-2.06,-3.84,1.37,-1.46,1.12
-11.23,-3.15,-4.22,0.87,-0.99,1.04
-12.39,-4.04,-4.16,0.02,-0.49,0.73
-14.49,-4.02,-3.52,-0.74,0.31,0.08
-13.33,-2.61,-2.05,-0.71,1.65,-0.88
-13.71,-1.88,-0.84,-0.30,2.69,-1.80
-14.13,-2.07,-0.59,-0.15,3.30,-2.38
-12.98,-1.90,-0.38,-0.11,3.21,-2.52
-10.95,-1.46,-0.11,0.12,2.70,-2.59
-8.99,-0.47,0.47,0.36,2.24,-2.54
-7.51,-0.48,0.61,0.63,1.78,-2.10
-7.08,-0.57,0.18,0.20,1.17,-1.33
-7.89,-0.30,0.56,-0.03,0.57,-0.36
-8.08,-0.41,-0.10,0.08,-0.07,0.45
-10.04,-1.11,-0.06,0.12,-0.76,1.16
-11.24,-1.51,-0.44,0.05,-1.44,1.91
-11.66,-2.37,-1.58,-0.19,-2.44,2.41
-12.13,-2.43,-1.91,-0.81,-3.25,2.46
-11.75,-1.90,-2.05,-1.34,-3.41,2.03
-11.00,-0.37,-1.92,-0.81,-2.80,1.42
-11.02,-0.36,-2.38,0.80,-1.91,0.99
-10.91,-1.35,-3.23,1.71,-1.29,0.78
-10.24,-2.41,-3.62,1.67,-1.04,0.79
-10.79,-3.24,-3.87,0.82,-0.86,0.74
-12.31,-3.61,-3.56,-0.32,-0.41,0.46
-14.50,-3.11,-3.02,-1.03,0.51,-0.07
-14.02,-2.09,-1.76,-0.82,1.78,-0.83
-14.14,-1.71,-0.56,-0.43,2.83,-1.60
-13.49,-1.90,-0.23,-0.30,3.33,-2.11
-11.72,-1.69,0.07,-0.17,3.17,-2.28
-9.69,-1.37,0.28,0.13,2.70,-2.32
-8.16,-0.97,0.62,0.44,2.17,-2.16
-7.29,-0.85,0.68,0.53,1.63,-1.69
-7.36,-1.00,0.37,0.23,1.00,-0.91
-8.28,-0.86,0.25,-0.13,0.40,-0.07
-8.66,-0.73,0.08,-0.01,-0.14,0.54
-10.34,-1.13,-0.24,0.35,-0.83,1.05
-11.00,-2.09,-1.36,0.08,-1.84,1.66
-11.57,-2.35,-1.47,-0.58,-2.64,2.08
-11.51,-1.82,-1.72,-1.08,-2.97,1.90
-10.42,-0.74,-2.16,-0.83,-2.78,1.36
-10.00,-0.34,-2.08,0.48,-2.20,1.05
-10.30,-1.09,-2.49,1.49,-1.55,1.00
-10.61,-1.88,-2.83,1.93,-1.21,1.08
-10.51,-2.66,-3.29,1.95,-1.05,1.03
-11.47,-3.89,-3.60,1.42,-0.91,0.72
-11.98,-4.50,-3.15,0.11,-0.51,0.21
-14.69,-4.10,-3.32,-1.31,0.18,-0.28
-14.11,-2.53,-1.77,-1.53,1.54,-0.70
-14.12,-1.79,-0.94,-1.16,2.62,-1.26
-13.10,-1.85,-0.41,-0.75,3.28,-1.67
-10.95,-1.51,-0.03,-0.18,3.26,-2.02
-9.78,-1.06,0.52,0.51,2.87,-2.42
-8.65,-1.10,0.85,1.06,2.36,-2.42
-7.30,-1.27,0.82,1.05,1.72,-1.96
-7.48,-1.19,0.51,0.51,0.94,-1.14
-7.93,-1.02,0.15,0.08,0.20,-0.20
-9.70,-1.11,0.21,-0.08,-0.49,0.67
-10.79,-1.56,-1.33,-0.30,-1.41,1.48
-11.42,-1.51,-2.06,-0.63,-2.36,2.11
-9.97,-0.59,-2.28,0.22,-2.26,1.66
-9.53,-1.28,-1.95,0.98,-1.70,1.61
-9.85,-1.90,-2.33,1.04,-1.30,1.55
-10.27,-2.42,-3.00,1.01,-1.29,1.55
-11.07,-3.16,-3.45,0.86,-1.34,1.40
-12.10,-4.50,-3.80,0.16,-1.09,0.93
-13.81,-4.16,-3.40,-0.98,-0.59,0.10
-14.05,-2.79,-2.28,-1.29,0.83,-0.74
-14.56,-2.21,-0.88,-1.18,2.29,-1.30
-14.72,-2.33,-0.82,-1.41,3.21,-1.66
-12.36,-1.77,-0.43,-1.08,3.31,-1.88
-10.82,-1.07,0.19,-0.24,2.97,-2.38
-9.89,-1.19,0.81,0.53,2.67,-2.68
-8.50,-0.99,1.01,0.77,2.30,-2.57
-7.66,-0.48,0.42,0.72,1.69,-2.09
-7.91,0.20,0.23,0.77,0.97,-1.15
-8.26,-0.10,0.14,0.96,0.23,0.09
-10.01,-0.96,0.10,0.87,-0.54,1.37
-10.78,-2.17,-1.05,0.16,-1.64,2.45
-12.12,-2.50,-1.22,-0.81,-2.65,3.12
-12.65,-1.97,-1.21,-1.37,-3.11,3.19
-11.98,-0.56,-1.83,-0.73,-2.95,2.61
-10.98,-0.47,-1.76,1.33,-2.29,1.91
-11.11,-2.06,-1.74,2.23,-1.55,1.40
-10.87,-3.19,-2.43,1.88,-1.08,1.23
-10.20,-3.63,-3.12,1.13,-1.00,1.17
-11.01,-4.40,-3.77,0.29,-0.93,0.89
-11.85,-4.40,-3.24,-0.61,-0.58,0.27
-13.66,-3.39,-2.81,-1.19,0.40,-0.58
-14.80,-2.90,-1.06,-1.08,1.73,-1.21
-16.03,-2.99,-0.30,-1.50,2.92,-1.66
-13.97,-2.10,-0.17,-1.51,3.35,-2.05
-11.55,-1.01,0.03,-0.60,3.10,-2.65
-10.30,-0.82,0.80,0.43,2.80,-3.11
-9.20,-1.03,1.05,0.76,2.38,-3.05
-7.94,-0.76,0.64,0.36,1.75,-2.45
-7.75,-0.21,0.57,0.12,0.99,-1.41
-7.85,-0.24,0.21,0.20,0.22,-0.18
-9.52,-1.06,0.09,0.10,-0.58,0.98
-10.60,-1.80,-0.45,-0.28,-1.40,1.98
-11.46,-2.01,-1.24,-0.65,-2.34,2.56
-11.92,-1.52,-1.06,-0.48,-2.87,2.62
-11.49,-1.30,-1.56,-0.02,-2.95,2.27
-10.95,-1.32,-1.93,0.37,-2.68,1.88
-11.05,-1.65,-1.97,0.87,-2.15,1.71
-11.01,-1.99,-2.54,1.12,-1.67,1.49
-10.73,-2.61,-3.09,1.30,-1.38,1.26
-11.15,-3.70,-3.62,0.91,-1.21,0.94
-11.73,-4.29,-3.36,-0.04,-0.73,0.41
-13.85,-3.69,-3.02,-0.88,-0.05,-0.30
-13.92,-2.70,-1.98,-1.00,1.29,-0.95
-14.69,-2.42,-0.79,-1.00,2.45,-1.46
-14.54,-2.60,-0.47,-1.31,3.09,-1.73
-12.15,-1.88,-0.14,-1.19,3.13,-1.95
-10.67,-1.16,0.34,-0.54,2.87,-2.38
-9.72,-1.19,0.83,0.17,2.62,-2.55
-8.79,-1.27,0.86,0.42,2.26,-2.28
-8.16,-1.04,0.76,0.45,1.73,-1.70
-8.36,-0.81,0.52,0.52,1.07,-0.91
-8.35,-0.78,0.32,0.71,0.31,-0.02
-9.41,-1.29,-0.02,0.84,-0.52,0.94
-9.89,-2.08,-1.20,0.35,-1.62,1.89
-10.88,-2.18,-1.28,-0.36,-2.50,2.61
-11.63,-1.97,-1.38,-0.79,-2.99,2.78
-11.31,-1.56,-2.19,-1.06,-3.16,2.43
-10.87,-0.86,-2.11,-0.33,-2.83,1.96
-11.12,-1.29,-2.27,0.53,-2.13,1.54
-10.89,-1.81,-2.99,1.01,-1.50,1.16
-10.88,-2.55,-3.34,1.13,-1.12,0.90
-12.09,-3.61,-3.72,0.64,-0.80,0.60
-12.38,-3.75,-3.32,-0.15,-0.29,0.09
-13.66,-3.19,-3.05,-0.73,0.52,-0.57
-13.48,-2.54,-1.53,-0.89,1.63,-1.13
-13.70,-2.22,-0.89,-1.24,2.53,-1.54
-12.79,-2.11,-0.50,-1.42,2.90,-1.61
-11.16,-1.85,-0.04,-1.27,2.80,-1.62
-10.22,-1.44,0.45,-0.90,2.59,-1.70
-9.48,-1.09,0.63,-0.17,2.36,-1.73
-8.51,-0.75,0.78,0.72,2.04,-1.68
-8.27,-0.31,0.71,1.24,1.55,-1.51
-8.60,-0.54,0.43,1.40,0.90,-0.97
-9.02,-1.05,0.04,1.01,0.07,-0.02
-9.76,-1.34,-0.57,0.42,-0.86,1.01
-10.06,-1.67,-1.31,-0.02,-1.79,1.88
-11.35,-1.80,-1.41,-0.32,-2.51,2.45
-11.52,-1.61,-1.62,-0.48,-2.84,2.56
-10.87,-1.11,-1.95,-0.18,-2.75,2.28
-10.64,-1.16,-1.86,0.75,-2.31,1.96
-10.93,-1.94,-2.03,1.27,-1.70,1.66
-11.08,-2.67,-2.52,1.42,-1.29,1.38
-11.17,-3.32,-2.89,1.36,-1.07,1.01
-11.64,-4.22,-3.30,0.86,-0.80,0.50
-12.17,-4.32,-3.00,-0.01,-0.44,-0.15
-13.35,-3.85,-2.90,-1.03,0.36,-0.78
-14.02,-2.95,-1.32,-1.54,1.49,-1.18
-14.98,-2.37,-0.52,-2.06,2.60,-1.45
-13.27,-1.67,-0.14,-1.83,3.18,-1.66
-11.14,-0.92,0.07,-0.81,3.15,-2.06
-10.04,-0.92,0.55,0.40,2.87,-2.47
-8.91,-1.21,0.97,1.02,2.50,-2.45
-8.23,-0.83,0.22,0.54,0.66,-0.52
-9.30,-0.81,0.39,0.36,-0.06,0.37
-9.99,-1.40,-0.41,0.30,-0.87,1.32
-10.51,-2.18,-1.34,-0.27,-1.97,2.15
-11.55,-2.01,-1.26,-0.79,-2.76,2.67
-11.28,-1.59,-1.52,-0.93,-3.06,2.62
-10.49,-0.79,-1.90,-0.40,-2.89,2.16
-10.84,-0.97,-1.68,0.83,-2.34,1.80
-11.12,-1.94,-2.12,1.47,-1.69,1.51
-10.95,-2.72,-2.80,1.54,-1.40,1.20
-10.98,-3.45,-3.34,1.17,-1.27,0.82
-11.66,-4.19,-3.67,0.20,-0.96,0.39
-13.61,-4.09,-3.29,-0.99,-0.39,-0.10
-13.87,-2.76,-2.30,-1.55,0.98,-0.65
-14.42,-2.00,-0.79,-1.24,2.32,-1.19
-15.11,-2.23,-0.47,-1.13,3.26,-1.60
-12.86,-1.89,0.10,-0.75,3.47,-1.86
-11.15,-1.23,0.41,-0.02,3.12,-2.34
-9.91,-0.96,0.89,0.73,2.70,-2.64
-8.37,-0.77,1.04,1.14,2.23,-2.45
-7.46,-1.00,0.56,0.96,1.58,-1.80
-7.51,-1.00,0.48,0.42,0.87,-0.83
-7.77,-1.08,0.01,-0.03,0.14,0.06
-10.11,-1.23,0.08,-0.28,-0.64,0.91
-10.55,-1.23,-0.68,-0.08,-1.48,1.83
-10.79,-2.11,-1.80,-0.16,-2.45,2.52
-11.61,-1.89,-1.20,-0.53,-2.94,2.70
-11.86,-1.32,-1.32,-0.64,-2.81,2.42
-11.38,-0.39,-1.64,0.57,-2.28,1.91
-11.13,-1.45,-1.57,2.10,-1.70,1.60
-11.10,-3.14,-2.02,2.19,-1.41,1.52
-10.79,-4.24,-2.65,1.06,-1.35,1.52
-10.53,-4.39,-3.28,-0.02,-1.28,1.15
-10.74,-3.65,-3.53,-0.59,-0.93,0.37
-13.15,-3.67,-3.43,-0.89,-0.41,-0.37
-14.50,-3.56,-2.15,-1.54,1.12,-0.83
-15.19,-2.34,-0.37,-1.80,2.66,-1.25
-15.15,-1.65,-0.24,-1.61,3.62,-1.74
-13.23,-1.22,0.02,-0.51,3.66,-2.17
-11.47,-1.00,0.62,0.61,3.21,-2.61
-9.57,-0.22,1.34,1.23,2.68,-2.63
-8.30,-0.70,0.84,1.25,1.99,-2.04
-7.66,-0.72,0.71,0.49,1.22,-1.03
-8.03,-0.03,0.60,-0.15,0.55,-0.27
-8.26,0.19,0.15,0.01,-0.06,0.27
-10.58,-0.03,0.46,0.21,-0.67,0.82
-11.43,-1.10,-0.66,0.16,-1.48,1.58
-11.92,-1.79,-0.92,-0.56,-2.34,2.23
-12.08,-1.56,-1.10,-0.96,-2.84,2.39
-11.53,-0.71,-1.71,-0.82,-2.97,2.09
-11.19,-0.30,-1.69,0.55,-2.61,1.84
-11.44,-1.40,-1.78,1.63,-1.97,1.69
-11.64,-2.59,-2.55,1.81,-1.59,1.57
-10.81,-3.33,-3.43,1.53,-1.39,1.36
-11.07,-4.22,-3.74,0.99,-1.22,0.95
-12.28,-4.92,-2.99,-0.14,-0.72,0.34
-14.09,-4.46,-2.71,-1.35,0.42,-0.36
-13.31,-2.69,-1.41,-1.34,1.77,-1.11
-14.51,-2.24,-0.61,-1.16,2.75,-1.82
-14.52,-2.56,0.01,-1.15,3.32,-2.13
-12.82,-1.86,0.10,-1.00,3.15,-2.34
-11.38,-0.93,0.52,-0.35,2.76,-2.58
-9.86,-0.51,0.92,0.54,2.40,-2.45
-8.70,-0.86,0.80,0.81,1.96,-1.97
-8.31,-0.61,0.45,0.33,1.36,-1.36
-8.81,0.39,0.82,0.38,0.88,-0.71
-9.05,-0.10,0.64,0.94,0.31,0.09
-9.75,-0.82,0.58,1.10,-0.45,0.99
-10.87,-2.37,-0.68,0.33,-1.57,2.06
-11.60,-2.62,-0.83,-1.03,-2.59,2.74
-11.68,-1.81,-1.14,-1.74,-3.16,2.74
-11.31,-0.48,-1.84,-1.29,-3.25,2.20
-11.44,-0.11,-1.73,0.50,-2.77,1.76
-12.02,-1.22,-2.04,1.73,-2.03,1.55
-11.71,-2.40,-3.10,2.08,-1.63,1.55
-11.22,-3.70,-3.50,1.84,-1.46,1.44
-11.99,-5.10,-3.88,0.77,-1.23,0.97
-13.64,-5.39,-3.53,-0.78,-0.61,0.23
-13.47,-3.50,-2.21,-1.57,0.93,-0.66
-14.12,-2.17,-0.93,-1.48,2.42,-1.43
-15.49,-2.17,-0.32,-1.40,3.62,-1.91
-14.34,-2.00,-0.20,-1.19,3.77,-2.10
-12.81,-1.42,0.16,-0.50,3.25,-2.37
-11.20,-0.49,1.01,0.36,2.85,-2.49
-9.38,-0.43,1.15,0.88,2.45,-2.25
-7.92,-0.32,0.77,0.53,1.90,-1.71
-7.65,0.40,0.72,0.34,1.19,-1.00
-7.88,0.50,0.24,0.32,0.33,-0.24
-9.56,0.24,0.60,0.40,-0.45,0.62
-10.92,-0.89,-0.48,0.39,-1.33,1.53
-11.66,-1.94,-0.89,-0.27,-2.23,2.33
-12.02,-1.76,-0.69,-0.72,-2.73,2.59
-12.10,-1.05,-1.42,-0.71,-2.93,2.27
-11.81,-0.40,-1.66,0.48,-2.72,1.92
-11.97,-1.47,-1.50,1.68,-2.16,1.83
-12.07,-2.56,-2.12,1.72,-1.78,1.77
-11.31,-3.19,-3.01,1.38,-1.65,1.71
-11.20,-4.12,-3.64,1.00,-1.58,1.46
-11.78,-5.20,-3.97,-0.02,-1.20,0.83
-12.52,-4.12,-3.41,-0.95,-0.48,-0.09
-15.53,-2.64,-0.46,-1.75,3.41,-1.77
-14.92,-2.22,-0.23,-1.82,3.70,-1.92
-13.44,-1.42,0.12,-1.01,3.29,-2.24
-12.01,-1.03,0.85,-0.03,2.94,-2.53
-10.24,-0.48,1.16,0.73,2.65,-2.46
-8.73,-0.21,0.97,0.95,2.09,-2.10
-7.71,0.20,0.79,0.96,1.44,-1.37
-7.63,0.77,0.73,0.79,0.79,-0.54
-8.96,0.41,0.77,0.76,0.05,0.42
-10.35,-0.73,0.11,0.65,-0.86,1.51
-10.78,-2.17,-0.76,-0.25,-1.98,2.46
-11.76,-2.23,-0.51,-1.22,-2.83,2.86
-12.60,-1.43,-0.84,-1.62,-3.27,2.66
-12.62,-0.52,-1.79,-0.75,-3.32,2.18
-12.35,-0.95,-1.96,0.88,-2.90,1.85
-12.34,-1.92,-2.39,1.43,-2.33,1.50
-11.77,-2.72,-3.41,1.36,-1.90,1.23
-11.15,-3.50,-4.13,0.82,-1.58,1.01
-12.14,-4.20,-4.62,-0.19,-1.19,0.60
-14.68,-4.42,-3.88,-1.42,-0.23,0.10
-13.53,-2.47,-1.66,-1.93,1.71,-0.60
-14.04,-1.12,-0.61,-1.46,3.27,-1.36
-14.85,-1.38,-0.43,-0.68,4.18,-1.90
-13.93,-1.94,-0.17,0.08,3.92,-2.00
-12.10,-1.91,0.29,0.57,3.19,-2.13
-10.76,-1.80,0.91,0.68,2.65,-2.21
-9.49,-1.06,1.48,0.69,2.33,-2.07
-7.99,-0.64,0.83,0.61,1.78,-1.80
-7.69,-0.14,0.49,0.38,0.98,-1.14
-7.75,-0.28,0.04,0.33,0.18,-0.09
-9.66,-0.55,0.53,0.53,-0.41,0.88
-10.06,-1.28,-1.19,0.51,-1.36,1.72
-10.70,-2.13,-1.47,-0.02,-2.38,2.46
-11.43,-2.33,-1.52,-1.05,-3.07,2.68
-11.42,-1.38,-1.59,-1.87,-3.33,2.35
-11.41,-0.06,-1.62,-0.78,-2.95,1.95
-11.81,-0.51,-1.98,1.04,-2.31,1.60
-12.15,-1.85,-2.83,2.14,-1.94,1.43
-11.62,-3.76,-3.43,1.96,-1.70,1.37
-11.63,-4.84,-4.01,0.64,-1.46,0.87
-12.48,-4.01,-3.96,-0.76,-0.99,0.10
-14.25,-3.27,-3.42,-1.36,0.42,-0.43
-14.03,-2.38,-1.22,-1.33,2.14,-0.81
-15.37,-1.91,-0.73,-1.37,3.52,-1.34
-14.44,-1.64,-0.34,-0.63,3.99,-1.80
-12.70,-1.39,0.14,0.43,3.62,-2.35
-11.04,-1.26,0.92,1.03,3.09,-2.74
-9.09,-0.16,1.52,1.22,2.57,-2.59
-8.14,-0.90,0.52,1.08,1.79,-1.82
-7.95,-0.28,0.94,0.16,1.02,-0.74
-7.88,0.36,0.74,0.00,0.40,0.09
-8.86,0.29,0.64,0.34,-0.33,0.64
-10.25,-0.47,-0.16,0.62,-1.12,1.31
-11.29,-2.06,-0.99,0.00,-2.10,2.21
-12.28,-2.48,-0.85,-1.20,-2.87,2.79
-12.27,-1.71,-1.36,-1.92,-3.33,2.63
-11.95,-0.37,-1.86,-1.11,-3.26,2.02
-11.79,-0.43,-1.88,0.77,-2.59,1.49
-11.59,-1.76,-2.50,1.69,-1.86,1.13
-11.07,-2.93,-3.25,1.49,-1.43,1.01
-10.81,-3.55,-3.78,0.78,-1.14,0.87
-11.69,-4.26,-3.87,-0.08,-0.76,0.55
-13.89,-4.55,-3.18,-1.21,-0.10,0.06
-14.21,-3.00,-2.04,-1.81,1.30,-0.56
-14.11,-2.04,-0.95,-1.20,2.62,-1.20
-15.02,-2.22,-0.32,-0.51,3.42,-1.80
-13.87,-2.74,0.28,-0.22,3.60,-2.05
-11.78,-2.44,0.48,-0.22,3.20,-2.27
-10.65,-1.98,0.90,-0.46,2.78,-2.42
-9.49,-1.09,1.44,-0.16,2.52,-2.26
-8.36,-0.63,1.66,0.29,2.07,-1.91
-8.23,-1.03,1.35,0.42,1.26,-1.16
-8.10,-1.05,0.95,0.44,0.20,-0.22
-9.22,-1.01,0.73,0.65,-0.77,0.52
-10.22,-1.39,-1.56,0.36,-1.86,1.17
-11.14,-0.91,-1.25,0.12,-2.53,1.92
-11.91,-1.06,-2.40,0.11,-2.90,2.54
-11.65,-0.83,-3.11,-0.19,-3.16,2.69
-12.35,-0.83,-3.18,-0.03,-3.05,2.77
-12.81,-1.15,-3.18,0.18,-2.47,2.66
-12.75,-1.76,-3.83,0.43,-1.81,2.36
-11.69,-3.45,-4.54,0.26,-1.30,1.99
-11.15,-4.33,-4.18,-0.64,-0.81,1.45
-12.22,-4.30,-2.73,-1.22,-0.11,0.73
-13.49,-4.61,-1.65,-1.31,1.43,-0.13
-13.51,-2.81,-0.36,-1.16,2.54,-1.28
-14.49,-2.24,-0.44,-0.39,3.08,-2.29
-14.14,-2.88,-0.17,0.29,3.02,-2.73
-12.84,-2.51,0.17,0.03,2.51,-3.07
-11.35,-2.11,0.70,-0.45,2.19,-3.13
-10.28,-1.71,1.08,-0.79,2.03,-2.83
-9.47,-1.37,0.92,-1.01,1.68,-2.27
-9.19,-0.75,1.09,-1.53,1.18,-1.44
-8.35,-0.05,0.47,-0.83,0.49,-0.56
-9.19,0.58,0.62,0.53,-0.18,0.07
-9.53,-0.19,-0.86,1.44,-1.02,0.78
-10.27,-1.01,-1.76,1.09,-1.95,1.73
-11.18,-1.42,-1.49,0.49,-2.43,2.59
-11.46,-1.24,-1.99,-0.16,-2.69,2.88
-11.78,-0.74,-2.18,-0.14,-2.73,2.75
-11.88,-2.56,-3.11,0.83,-1.63,2.02
-10.73,-3.35,-3.53,0.81,-1.40,1.68
-10.85,-5.05,-3.45,0.37,-1.07,1.14
-12.95,-5.79,-2.61,-0.94,-0.56,0.27
-13.20,-4.13,-1.85,-1.89,0.73,-0.81
-13.46,-2.55,-0.94,-1.67,1.98,-1.70
-14.34,-2.34,-0.76,-1.49,2.80,-2.33
-14.32,-2.31,-0.30,-1.44,3.05,-2.56
-13.13,-1.73,0.21,-1.27,2.94,-2.66
-11.83,-1.21,0.72,-0.78,2.78,-2.66
-10.63,-0.53,1.16,-0.06,2.59,-2.40
-9.11,-0.24,1.25,0.82,2.17,-1.87
-8.68,-0.12,0.85,1.33,1.35,-1.15
-8.41,0.19,0.82,1.02,0.41,-0.35
-9.97,0.38,1.06,0.97,-0.20,0.67
-10.35,-0.96,-0.49,0.66,-1.08,1.80
-10.82,-1.90,-0.76,-0.31,-1.97,2.67
-11.54,-1.89,-0.65,-1.20,-2.57,2.92
-12.03,-1.17,-1.26,-1.52,-2.95,2.66
-12.10,-0.41,-1.54,-0.19,-2.83,2.36
-12.26,-1.32,-1.73,1.25,-2.35,2.03
-12.21,-2.44,-2.36,1.62,-1.91,1.70
-11.62,-3.32,-3.23,1.23,-1.53,1.43
-11.03,-3.74,-3.51,0.63,-1.15,0.98
-11.21,-3.67,-2.68,0.03,-0.54,0.29
-13.75,-4.20,-2.98,-0.56,0.34,-0.30
-13.00,-3.38,-1.96,-0.91,1.40,-0.95
-13.53,-2.75,-0.99,-1.10,2.25,-1.68
-13.89,-2.52,-0.35,-1.28,2.92,-2.14
-12.83,-1.89,0.10,-1.27,3.19,-2.43
-11.88,-1.46,0.37,-0.88,3.04,-2.65
-11.06,-0.98,0.84,-0.39,2.76,-2.59
-9.75,-0.41,0.84,0.26,2.34,-2.16
-8.91,-0.20,0.67,0.77,1.74,-1.48
-8.37,0.38,0.78,1.18,1.11,-0.71
-8.93,0.35,1.14,1.56,0.39,0.15
-9.65,-0.67,-0.02,1.41,-0.60,1.12
-10.51,-1.97,-1.03,0.06,-1.81,2.18
-11.38,-1.95,-0.59,-1.13,-2.56,2.82
-11.82,-1.32,-1.25,-1.78,-2.98,2.79
-11.66,-0.14,-1.79,-0.93,-2.98,2.41
-11.65,-0.77,-1.83,0.90,-2.52,2.05
-11.80,-2.04,-2.14,1.43,-1.93,1.67
-11.37,-2.86,-2.99,1.26,-1.51,1.39
-11.19,-3.11,-3.14,1.19,-1.17,1.02
-11.30,-4.02,-3.34,0.84,-0.69,0.50
-12.39,-4.47,-3.14,0.06,-0.25,-0.10
-12.89,-4.02,-2.40,-0.79,0.66,-0.72
-13.97,-3.54,-1.27,-1.31,1.67,-1.20
-14.62,-3.01,-0.53,-1.69,2.58,-1.60
-13.14,-1.84,0.03,-1.36,3.08,-2.08
-11.63,-1.09,0.21,-0.37,3.07,-2.60
-10.39,-1.40,0.70,0.46,2.78,-2.78
-9.35,-1.02,0.95,0.44,2.32,-2.54
-8.79,-0.24,0.57,0.22,1.66,-1.90
-9.03,0.51,0.53,0.38,0.96,-0.90
-8.91,0.85,0.60,0.61,0.20,-0.01
-9.99,0.22,0.25,0.76,-0.58,0.85
-11.00,-1.29,-0.87,-0.15,-1.66,1.81
-11.95,-1.53,-0.55,-0.99,-2.39,2.49
-11.61,-1.13,-1.31,-1.39,-2.84,2.51
-10.89,-0.17,-2.12,-0.83,-2.99,2.08
-10.79,-0.18,-1.87,0.70,-2.58,1.79
-11.35,-1.18,-1.86,1.53,-1.86,1.60
-11.37,-2.27,-2.51,1.84,-1.36,1.49
-11.48,-3.27,-2.85,1.71,-1.17,1.33
-11.45,-4.66,-3.56,1.09,-1.02,1.01
-13.28,-6.05,-3.33,-0.38,-0.84,0.47
-13.87,-4.63,-2.25,-2.12,0.25,-0.40
-13.58,-2.18,-0.51,-2.12,1.87,-1.23
-14.22,-1.36,-0.22,-1.59,3.31,-1.90
-13.41,-1.45,-0.50,-0.74,3.66,-2.32
-11.94,-1.29,-0.07,0.22,3.21,-2.59
-10.27,-0.94,0.77,0.83,2.68,-2.73
-9.01,-0.73,1.11,0.81,2.16,-2.42
-8.08,-0.85,0.42,0.17,1.51,-1.64
-8.42,-0.43,0.44,-0.44,0.79,-0.54
-8.94,-0.19,0.34,-0.43,0.19,0.37
-10.10,0.32,0.76,0.36,-0.29,0.93
-10.69,-0.65,-0.38,1.18,-1.11,1.46
-11.70,-2.30,-0.80,0.52,-2.00,2.18
-11.34,-2.43,-0.89,-0.90,-2.59,2.54
-10.58,-1.14,-1.65,-1.73,-2.93,2.23
-10.29,0.15,-1.85,-0.43,-2.70,1.81
-10.88,-0.73,-1.70,1.07,-2.06,1.51
-11.35,-1.94,-2.48,1.42,-1.55,1.29
-11.15,-2.46,-3.03,1.21,-1.27,1.17
-11.32,-3.10,-3.55,1.08,-1.10,0.93
-12.11,-4.34,-3.30,0.53,-0.75,0.45
-14.10,-4.88,-3.03,-0.83,0.03,-0.30
-13.47,-3.02,-1.30,-1.45,1.35,-1.13
-14.11,-1.95,-0.76,-1.50,2.61,-1.81
-13.55,-1.73,-0.53,-1.12,3.26,-2.19
-12.01,-1.42,-0.12,-0.53,3.19,-2.45
-10.72,-1.29,0.29,-0.01,2.81,-2.67
-9.31,-0.82,0.83,0.26,2.43,-2.50
-8.29,-0.45,1.01,0.32,2.01,-1.93
-8.45,-0.60,0.60,0.23,1.34,-0.99
-8.69,-0.26,0.55,0.12,0.54,0.06
-10.10,0.00,0.97,0.71,-0.09,0.75
-11.94,-2.32,-0.97,-0.40,-2.48,2.68
-11.66,-1.76,-1.59,-1.31,-2.91,2.77
-10.96,-0.25,-1.92,-0.58,-2.84,2.36
-10.77,-0.59,-1.86,1.23,-2.29,1.90
-11.23,-2.01,-2.23,1.83,-1.63,1.55
-11.20,-2.93,-2.81,1.58,-1.18,1.37
-11.29,-3.52,-3.49,1.31,-0.98,1.09
-11.05,-4.62,-3.40,0.84,-0.63,0.59
-12.84,-5.15,-3.12,-0.31,-0.25,-0.14
-13.21,-4.04,-1.79,-1.24,0.87,-0.93
-14.32,-3.12,-0.87,-1.60,2.00,-1.57
-14.94,-2.57,-0.34,-1.73,2.77,-2.03
-13.65,-1.79,-0.10,-1.33,2.98,-2.44
-12.02,-1.17,0.26,-0.80,2.79,-2.84
-10.02,-0.09,1.12,-0.68,2.67,-2.72
-8.31,0.02,0.46,-0.33,2.28,-2.08
-7.71,0.17,0.26,0.04,1.48,-1.11
-8.65,0.13,0.10,0.27,0.66,-0.30
-9.50,-0.05,0.36,0.79,0.13,0.39
-10.51,-0.55,0.39,1.21,-0.37,1.04
-10.55,-1.37,-0.96,0.90,-1.42,1.70
-11.23,-1.80,-1.09,0.16,-2.26,2.27
-11.45,-1.36,-1.38,-0.57,-2.70,2.44
-11.07,-0.33,-1.70,-0.38,-2.65,2.30
-11.07,-0.32,-1.69,0.98,-2.22,2.11
-11.53,-1.73,-2.08,1.56,-1.70,1.94
-11.26,-2.85,-2.74,1.36,-1.47,1.84
-10.67,-3.60,-3.29,0.95,-1.37,1.58
-11.06,-4.67,-3.55,0.28,-1.20,1.06
-12.89,-5.28,-3.09,-0.89,-0.79,0.24
-13.05,-3.60,-1.74,-1.82,0.68,-0.75
-13.02,-1.93,-0.46,-1.50,2.09,-1.56
-14.46,-2.04,-0.84,-1.20,3.03,-2.11
-13.94,-2.22,-0.71,-0.81,3.06,-2.28
-12.64,-1.62,-0.03,-0.49,2.70,-2.60
-11.14,-1.01,1.12,-0.49,2.57,-2.69
-9.46,-0.41,1.20,-0.74,2.42,-2.28
-8.06,-0.01,0.53,-0.50,1.85,-1.54
-8.23,0.15,0.69,-0.02,0.97,-0.66
-8.39,0.08,0.94,0.39,0.23,0.09
-9.91,-0.09,0.82,0.61,-0.49,0.72
-11.18,-0.55,-0.12,0.89,-1.31,1.41
-11.78,-1.49,-1.21,0.65,-2.20,2.11
-12.00,-1.42,-1.31,0.02,-2.73,2.42
-11.71,-0.74,-1.65,-0.22,-2.81,2.28
-11.30,-0.26,-1.43,0.76,-2.31,2.12
-11.26,-1.37,-1.64,1.73,-1.68,1.97
-11.20,-2.61,-2.21,1.90,-1.40,1.85
-10.83,-3.68,-2.90,1.45,-1.32,1.67
-10.42,-4.51,-3.21,0.90,-1.18,1.19
-11.27,-4.68,-2.93,0.03,-0.85,0.31
-13.82,-4.75,-2.75,-0.79,0.00,-0.62
-13.48,-3.34,-1.39,-0.84,1.35,-1.51
-14.51,-2.99,-0.75,-1.03,2.36,-2.29
-14.71,-2.97,-0.28,-1.41,2.92,-2.60
-13.29,-2.09,-0.16,-1.65,2.83,-2.77
-11.48,-0.89,0.56,-1.22,2.62,-2.88
-9.77,0.02,1.03,-0.36,2.42,-2.64
-9.32,-0.78,0.54,-0.19,1.92,-1.85
-8.95,-0.32,0.96,-0.21,1.32,-0.78
-8.81,-0.27,1.19,0.26,0.75,-0.02
-9.34,-0.11,1.09,0.63,0.04,0.35
-10.04,-0.33,0.59,1.24,-0.73,0.86
-11.02,-1.52,-0.66,1.06,-1.73,1.72
-11.36,-2.19,-1.07,0.12,-2.51,2.41
-10.88,-1.91,-1.92,-1.21,-3.12,2.48
-10.92,-0.43,-1.64,-1.21,-3.16,2.27
-11.65,-0.21,-1.70,0.36,-2.52,2.08
-12.19,-1.18,-2.20,1.61,-1.81,1.74
-11.78,-2.59,-2.70,2.24,-1.39,1.48
-11.78,-4.36,-3.08,1.91,-1.17,1.18
-11.77,-5.56,-3.04,0.49,-0.85,0.64
-13.19,-4.86,-2.95,-1.11,-0.26,-0.13
-12.69,-2.70,-1.74,-1.21,1.06,-0.90
-13.54,-2.26,-1.19,-0.70,2.26,-1.56
-13.79,-2.70,-0.61,-0.58,2.98,-2.00
-12.57,-2.21,-0.33,-0.69,2.98,-2.35
-11.48,-1.63,-0.07,-0.51,2.67,-2.60
-10.42,-1.44,0.67,-0.12,2.49,-2.50
-9.64,-1.14,0.97,0.05,2.22,-2.23
-9.35,-0.76,0.88,-0.17,1.69,-1.70
-9.02,-0.17,0.85,-0.11,0.99,-0.87
-9.06,0.18,0.90,0.43,0.16,0.04
-9.90,0.10,0.76,0.86,-0.68,0.80
-10.51,-1.10,-0.64,0.63,-1.69,1.65
-11.18,-1.36,-0.89,-0.19,-2.46,2.24
-11.81,-0.91,-1.47,-0.78,-2.95,2.39
-12.02,-0.27,-1.90,-0.51,-3.01,2.37
-12.01,-0.60,-2.02,0.64,-2.54,2.38
-11.62,-1.48,-2.53,1.20,-1.95,2.18
-11.33,-2.05,-2.74,1.85,-1.45,1.84
-11.39,-3.57,-3.22,2.21,-1.08,1.43
-11.42,-6.16,-3.09,1.34,-0.73,0.91
-12.52,-6.02,-2.89,-0.70,-0.37,0.04
-12.96,-4.17,-2.46,-1.78,0.55,-0.85
-13.59,-2.98,-1.16,-1.77,1.81,-1.46
-15.32,-2.46,-0.65,-1.91,2.82,-1.98
-15.08,-1.80,-0.21,-1.51,3.34,-2.35
-13.73,-0.74,0.20,-0.62,3.33,-2.75
-11.68,0.28,0.87,0.64,3.05,-2.98
-8.04,-0.44,0.63,-0.06,1.13,-1.02
-8.30,0.53,0.79,-0.24,0.57,-0.33
-8.62,0.59,0.41,0.34,-0.14,0.37
-9.50,-0.81,-0.28,0.74,-0.95,1.31
-9.96,-2.48,-1.40,-0.23,-1.93,2.19
-11.27,-2.39,-1.39,-1.64,-2.82,2.56
-12.12,-0.75,-1.99,-1.86,-3.23,2.33
-11.86,0.71,-2.41,0.08,-2.88,1.92
-11.39,-0.27,-2.29,2.29,-2.07,1.71
-11.45,-2.07,-2.69,3.09,-1.37,1.63
-11.13,-3.93,-3.19,2.67,-0.93,1.73
-10.97,-5.74,-2.91,1.57,-0.61,1.53
-10.45,-5.64,-2.54,0.18,-0.24,0.75
-12.17,-5.16,-2.71,-0.59,-0.14,-0.29
-12.99,-5.08,-2.70,-1.24,0.39,-0.99
-14.23,-4.04,-1.42,-1.90,1.22,-1.58
-14.75,-2.82,-0.53,-2.28,2.19,-2.01
-14.11,-1.65,-0.35,-1.99,2.86,-2.43
-12.89,-1.00,-0.03,-1.10,3.02,-2.82
-10.99,-0.18,0.57,-0.11,2.85,-2.98
-8.95,-0.39,0.26,0.48,2.29,-2.62
-8.08,-0.54,0.12,0.23,1.60,-1.68
-8.19,0.06,0.71,0.20,1.06,-0.61
-7.63,0.08,0.46,0.81,0.46,0.16
-8.85,-0.65,0.31,1.02,-0.40,0.89
-10.09,-1.87,-0.93,0.38,-1.47,1.74
-11.03,-2.17,-1.66,-0.96,-2.53,2.39
-11.81,-1.03,-1.30,-1.33,-3.00,2.53
-12.14,0.06,-1.95,-0.42,-2.84,2.25
-11.99,-0.01,-2.08,1.50,-2.22,1.91
-11.57,-1.19,-2.03,2.79,-1.46,1.69
-11.40,-2.74,-2.40,2.95,-1.02,1.76
-11.10,-4.10,-2.21,2.17,-0.73,1.97
-11.42,-6.05,-2.54,1.09,-0.57,1.84
-10.77,-6.30,-2.23,-0.20,-0.41,0.99
-12.28,-5.15,-2.78,-1.17,-0.36,-0.38
-13.18,-4.34,-1.92,-1.44,0.44,-1.37
-14.05,-3.43,-0.90,-1.91,1.62,-1.99
-13.87,-2.35,-0.32,-2.41,2.58,-2.35
-12.96,-1.27,-0.32,-2.02,2.88,-2.71
-12.35,-0.55,0.20,-0.96,2.78,-3.06
-10.90,-0.05,0.72,0.12,2.51,-2.98
-9.01,-0.43,0.17,0.46,1.92,-2.38
-8.24,-0.37,0.30,0.28,1.27,-1.39
-8.17,0.25,0.49,0.28,0.68,-0.48
-9.15,0.16,0.55,0.59,-0.08,0.35
-10.05,-1.05,-0.33,0.66,-1.02,1.37
-10.79,-2.30,-1.41,-0.38,-2.07,2.24
-11.87,-1.82,-0.59,-1.20,-2.59,2.65
-12.03,-0.67,-1.02,-0.98,-2.46,2.44
-11.17,0.42,-1.62,0.86,-2.08,1.86
-10.79,-1.18,-1.42,2.62,-1.58,1.56
-10.78,-2.85,-1.71,2.12,-1.27,1.53
-10.66,-3.07,-2.21,0.87,-1.15,1.70
-10.75,-2.83,-2.70,0.50,-1.09,1.70
-10.98,-3.68,-3.27,0.66,-0.95,1.33
-12.63,-5.25,-3.25,0.09,-0.79,0.59
-12.86,-4.37,-2.25,-1.10,0.14,-0.50
-13.55,-3.10,-0.63,-1.44,1.45,-1.38
-14.16,-2.43,-0.24,-1.74,2.84,-1.90
-12.76,-1.60,-0.68,-1.33,3.17,-2.32
-11.39,-1.06,-0.50,-0.25,2.74,-2.82
-10.45,-1.38,0.34,0.41,2.31,-2.97
-9.22,-1.41,0.80,0.14,2.00,-2.59
-8.70,-1.09,0.52,-0.37,1.54,-1.88
-8.99,-0.33,0.59,-0.46,0.95,-0.99
-9.02,0.19,0.57,0.19,0.29,-0.19
-10.11,0.28,0.88,0.93,-0.38,0.57
-10.26,-1.10,-0.94,0.79,-1.37,1.53
-11.11,-1.35,-1.02,-0.20,-2.21,2.25
-11.85,-0.85,-1.12,-0.72,-2.55,2.57
-11.60,0.05,-1.60,-0.39,-2.50,2.47
-11.34,-0.31,-1.70,1.04,-2.11,2.29
-10.97,-2.01,-1.83,1.37,-1.68,2.16
-11.06,-2.87,-2.58,0.82,-1.47,1.93
-10.78,-2.72,-2.97,0.72,-1.28,1.54
-11.28,-3.39,-3.09,0.85,-0.99,0.97
-11.02,-4.04,-2.74,0.42,-0.46,0.19
-13.25,-4.68,-3.21,-0.56,0.05,-0.53
-13.29,-3.76,-1.74,-1.47,1.10,-1.17
-13.92,-2.47,-0.83,-1.90,2.15,-1.84
-14.64,-1.77,-0.49,-1.93,2.91,-2.34
-13.29,-0.98,0.13,-1.33,3.23,-2.63
-11.12,-0.24,0.48,-0.40,3.03,-2.81
-9.64,-0.55,0.52,-0.37,2.54,-2.45
-8.53,-0.31,0.40,-0.43,1.96,-1.62
-8.52,0.35,0.52,-0.03,1.28,-0.82
-8.59,0.44,0.59,0.62,0.64,-0.24
-8.74,-0.03,0.23,0.91,-0.11,0.36
-10.29,-0.69,-0.08,0.88,-0.93,1.09
-11.25,-1.75,-1.00,0.44,-1.82,1.93
-11.80,-1.82,-1.16,-0.10,-2.49,2.46
-11.63,-1.10,-1.40,0.01,-2.70,2.41
-11.09,-0.49,-1.45,0.94,-2.43,2.08
-11.39,-1.46,-1.35,1.94,-1.87,1.97
-11.52,-2.62,-1.89,1.96,-1.46,1.97
-11.22,-3.22,-2.67,1.57,-1.37,1.89
-11.43,-4.03,-3.05,1.26,-1.30,1.58
-11.34,-5.02,-3.06,0.59,-0.89,0.92
-12.54,-4.87,-2.96,-0.38,-0.52,-0.04
-14.46,-2.82,-0.70,-2.13,2.48,-1.96
-14.47,-2.16,-0.25,-2.17,3.02,-2.29
-13.29,-1.12,0.22,-1.57,3.07,-2.66
-11.37,-0.20,0.82,-0.63,2.88,-2.80
-9.72,-0.46,0.83,-0.38,2.53,-2.37
-8.67,-0.07,0.62,-0.31,1.96,-1.54
-8.72,0.44,0.74,0.15,1.23,-0.78
-8.51,0.37,0.97,0.62,0.56,-0.13
-9.80,0.34,1.10,0.99,-0.21,0.43
-10.09,-0.48,-0.70,0.92,-1.38,1.12
-11.11,-1.25,-0.81,0.38,-2.28,1.89
-11.77,-1.38,-0.95,-0.27,-2.67,2.33
-11.72,-0.68,-1.70,-0.52,-2.82,2.25
-11.31,-0.17,-1.78,0.74,-2.54,2.09
-11.48,-1.42,-1.70,1.61,-1.99,1.91
-11.74,-2.41,-2.30,1.47,-1.58,1.75
-11.41,-2.68,-2.92,1.27,-1.33,1.60
-11.46,-3.56,-3.36,1.22,-1.14,1.29
-11.78,-4.88,-3.28,0.56,-0.84,0.75
-13.54,-5.40,-3.61,-0.89,-0.26,-0.06
-12.70,-3.34,-1.56,-1.51,1.01,-0.96
-14.23,-2.39,-0.68,-1.71,2.44,-1.67
-14.08,-1.84,-0.45,-1.62,3.49,-2.09
-12.54,-1.04,-0.43,-0.86,3.45,-2.49
-11.18,-0.22,0.15,0.22,2.95,-2.77
-10.12,-0.83,0.49,0.47,2.41,-2.42
-9.19,-0.44,0.68,-0.24,1.95,-1.60
-9.53,0.23,0.24,-0.36,1.30,-0.88
-9.15,0.99,0.27,0.08,0.66,-0.36
-9.74,0.94,0.72,0.75,0.08,0.11
-9.69,0.22,0.08,0.81,-0.71,0.85
-10.42,-0.94,-0.75,0.38,-1.74,1.74
-11.26,-1.04,-0.54,0.04,-2.37,2.29
-11.48,-1.05,-1.31,0.04,-2.71,2.44
-11.22,-0.62,-1.66,0.60,-2.74,2.37
-11.82,-1.39,-1.64,1.41,-2.43,2.30
-12.31,-2.42,-2.45,1.23,-2.03,2.12
-12.21,-2.69,-3.39,1.06,-1.72,1.77
-12.03,-3.23,-3.81,1.37,-1.31,1.22
-11.44,-4.63,-3.17,1.06,-0.64,0.46
-13.73,-5.44,-2.97,-0.22,0.06,-0.37
-12.93,-3.83,-1.55,-1.10,1.38,-1.15
-13.52,-2.69,-0.78,-1.35,2.33,-1.89
-13.70,-2.47,-0.56,-1.44,2.83,-2.35
-12.60,-1.91,-0.31,-1.37,2.75,-2.61
-11.72,-1.38,0.30,-1.05,2.50,-2.80
-10.71,-0.90,0.97,-1.02,2.33,-2.57
-9.59,-0.41,0.76,-0.90,2.05,-1.95
-9.08,0.18,0.41,-0.41,1.48,-1.18
-8.90,0.65,0.60,0.30,0.84,-0.45
-8.91,0.83,1.03,0.67,0.23,0.11
-10.15,0.27,0.53,0.93,-0.60,0.69
-10.69,-0.64,-0.40,0.64,-1.76,1.46
-11.38,-1.45,-0.84,0.03,-2.66,2.09
-11.66,-1.42,-1.19,-0.61,-3.19,2.30
-11.84,-0.79,-1.85,-0.59,-3.30,2.25
-11.86,-0.44,-1.98,0.62,-2.84,2.08
-12.19,-1.01,-2.20,1.69,-2.12,1.71
-11.83,-2.07,-2.79,2.24,-1.47,1.37
-11.05,-3.40,-3.20,2.01,-1.05,1.13
-10.76,-4.76,-3.35,0.94,-0.67,0.78
-11.77,-5.01,-2.79,-0.51,-0.27,0.15
-13.32,-3.87,-2.02,-1.62,0.74,-0.68
-13.89,-2.43,-0.51,-1.54,2.08,-1.39
-14.96,-1.97,-0.44,-1.30,3.00,-2.03
-13.80,-1.72,-0.28,-0.66,3.20,-2.44
-12.23,-2.01,0.26,-0.62,2.83,-2.80
-10.75,-1.30,1.15,-1.46,2.67,-2.73
-9.19,-0.25,0.99,-1.65,2.41,-2.15
-8.18,0.21,0.39,-1.01,1.70,-1.34
-8.30,0.34,0.79,-0.07,0.84,-0.46
-9.03,0.05,1.05,0.56,0.10,0.25
-10.55,-0.28,1.20,1.08,-0.69,0.78
-10.80,-0.81,-0.58,1.03,-1.83,1.33
-11.63,-0.98,-0.79,0.76,-2.65,1.74
-12.10,-0.71,-0.62,0.50,-2.77,1.99
-11.78,-0.33,-1.46,0.64,-2.56,2.00
-11.44,-0.74,-1.70,1.59,-2.18,2.10
-11.50,-1.95,-1.92,1.79,-1.80,2.14
-11.52,-2.58,-2.62,1.49,-1.58,2.08
-11.19,-3.34,-3.16,1.38,-1.38,1.82
-11.11,-4.43,-3.17,0.92,-1.04,1.15
-11.71,-4.49,-2.81,-0.07,-0.59,0.16
-13.35,-4.44,-2.82,-1.00,0.40,-0.69
-12.95,-3.21,-1.19,-1.37,1.66,-1.31
-14.36,-2.42,-0.77,-1.82,2.62,-1.95
-14.57,-1.79,-0.34,-1.67,3.20,-2.30
-13.25,-0.94,0.12,-0.94,3.24,-2.64
-11.55,-0.07,0.52,-0.02,2.95,-2.85
-10.08,-0.44,0.55,0.18,2.46,-2.40
-9.02,-0.31,0.55,-0.24,1.93,-1.49
-8.58,0.54,0.53,-0.21,1.25,-0.75
-8.38,0.87,0.52,0.28,0.56,-0.26
-10.48,0.75,1.32,0.78,-0.09,0.32
-10.86,-0.37,-0.10,0.89,-1.09,1.25
-10.81,-1.45,-1.01,0.28,-2.27,2.11
-11.42,-1.35,-0.82,-0.38,-2.93,2.45
-11.92,-0.85,-1.29,-0.74,-3.11,2.37
-12.11,-0.20,-1.62,0.10,-2.81,2.23
-12.29,-1.13,-1.86,1.37,-2.23,2.05
-10.93,-2.89,-3.46,0.94,-1.20,1.14
-10.77,-3.60,-3.33,0.70,-0.59,0.62
-11.96,-4.27,-3.00,0.10,-0.09,-0.06
-12.95,-4.30,-2.47,-0.82,0.87,-0.80
-13.34,-3.20,-1.21,-1.19,1.78,-1.54
-14.75,-2.39,-0.71,-1.59,2.53,-2.20
-14.43,-1.20,0.09,-1.41,3.09,-2.49
-12.40,-0.36,0.20,-0.89,3.03,-2.52
-10.49,-0.14,0.35,-0.56,2.61,-2.23
-9.48,-0.21,0.43,-0.37,2.06,-1.59
-8.80,0.06,0.67,-0.34,1.53,-0.98
-8.95,0.47,0.76,-0.14,1.00,-0.61
-8.23,0.88,0.88,0.19,0.46,-0.22
-10.05,0.84,1.34,0.44,-0.24,0.27
-10.85,0.19,-0.32,0.48,-1.38,0.92
-11.10,-0.56,-1.08,0.22,-2.47,1.59
-11.65,-0.54,-0.83,-0.10,-2.89,1.89
-11.76,-0.01,-1.43,-0.21,-2.83,1.86
-11.48,0.45,-1.49,0.97,-2.35,1.86
-11.69,-1.12,-1.76,1.89,-1.87,1.85
-11.93,-2.29,-2.32,1.65,-1.64,1.79
-11.50,-3.08,-2.99,1.26,-1.48,1.62
-11.04,-3.65,-3.37,0.75,-1.28,1.17
-10.56,-3.72,-3.20,0.20,-0.76,0.44
-12.48,-3.95,-3.11,-0.24,-0.19,-0.29
-13.04,-3.74,-2.03,-0.85,1.07,-0.95
-13.15,-2.69,-0.98,-1.29,2.08,-1.63
-14.17,-2.16,-0.59,-1.57,2.69,-2.15
-13.45,-1.52,-0.17,-1.49,2.90,-2.29
-11.59,-0.75,0.24,-0.93,2.74,-2.30
-10.58,-0.45,0.58,-0.30,2.44,-2.16
-9.36,-0.03,0.94,0.07,2.13,-1.75
-8.89,-0.10,0.86,0.35,1.64,-1.23
-9.03,0.34,1.05,0.38,1.01,-0.65
-8.53,0.08,0.58,0.45,0.22,-0.03
-10.66,0.29,1.13,0.39,-0.56,0.53
-11.13,-0.72,-0.41,0.39,-1.51,1.26
-11.21,-1.15,-1.01,-0.20,-2.43,1.74
-11.68,-0.76,-0.98,-0.61,-2.79,1.94
-11.44,-0.06,-1.45,-0.38,-2.68,1.92
-11.27,0.19,-1.52,1.09,-2.18,1.89
-11.17,-1.47,-1.86,2.13,-1.71,1.84
-11.17,-2.85,-2.47,1.83,-1.53,1.79
-10.84,-3.23,-3.02,1.18,-1.35,1.58
-10.88,-3.49,-3.33,0.76,-1.15,1.09
-11.46,-4.01,-2.99,0.18,-0.63,0.39
-13.63,-4.42,-3.31,-0.63,0.11,-0.31
-13.01,-3.23,-1.75,-1.10,1.27,-1.05
-14.15,-2.76,-0.81,-1.45,2.35,-1.68
-14.55,-2.47,-0.34,-1.75,3.05,-2.04
-13.63,-1.76,-0.02,-1.55,3.19,-2.32
-12.49,-1.19,0.57,-0.80,3.04,-2.65
-11.15,-0.57,1.11,-0.04,2.82,-2.73
-9.44,-0.32,0.90,0.55,2.35,-2.38
-8.37,-0.09,0.59,0.71,1.63,-1.70
-8.17,0.36,0.58,0.62,0.84,-0.84
-8.27,0.76,-0.14,0.36,-0.07,0.03
-9.60,0.60,-0.01,0.58,-0.80,1.03
-11.41,-1.01,-1.22,0.28,-1.70,2.11
-12.43,-1.19,-0.63,-0.29,-2.39,2.79
-12.92,-0.95,-1.10,-0.56,-2.79,2.91
-12.63,-0.23,-1.50,0.08,-2.90,2.66
-12.44,-1.04,-1.39,1.30,-2.54,2.53
-12.61,-1.97,-1.78,1.59,-2.05,2.27
-11.81,-2.56,-2.56,1.72,-1.68,1.92
-11.04,-3.06,-3.19,1.63,-1.42,1.44
-10.88,-3.94,-3.43,1.26,-1.04,0.91
-11.73,-4.74,-3.15,0.61,-0.53,0.20
-12.57,-4.84,-2.56,-0.39,0.55,-0.82
-12.08,-2.66,-1.25,-0.58,1.54,-2.02
-13.70,-2.16,-0.98,-0.59,2.31,-2.91
-14.52,-2.87,-0.76,-1.03,2.58,-3.09
-13.85,-2.16,-0.25,-1.83,2.35,-3.00
-12.86,-1.05,0.46,-2.03,2.16,-2.88
-11.44,-0.11,0.68,-1.58,2.08,-2.46
-9.65,0.32,0.53,-0.63,1.87,-1.77
-8.18,0.34,0.60,0.15,1.43,-1.11
-8.09,0.56,0.50,0.38,0.78,-0.49
-8.35,0.53,-0.15,0.29,-0.11,0.30
-10.00,0.22,-0.39,0.39,-0.93,1.21
-11.09,-0.25,-1.27,0.33,-1.73,1.98
-12.63,-0.28,-0.46,0.59,-2.14,2.52
-12.73,-0.46,-1.04,0.58,-2.25,2.70
-12.28,-0.31,-1.08,1.16,-2.23,2.62
-12.22,-1.16,-0.86,1.91,-1.90,2.63
-12.42,-2.47,-1.00,2.07,-1.63,2.52
-12.22,-3.73,-1.96,1.34,-1.66,2.18
-11.21,-3.08,-2.79,0.72,-1.69,1.48
-10.55,-3.18,-3.45,1.11,-1.39,0.77
-10.48,-4.35,-3.51,0.82,-1.00,0.17
-11.78,-5.27,-3.55,-0.59,-0.33,-0.32
-11.26,-4.27,-2.05,-1.77,0.72,-0.89
-11.91,-3.64,-0.67,-2.92,1.63,-1.49
-14.12,-2.56,0.62,-3.84,2.69,-1.76
-13.40,-1.62,-0.18,-3.66,3.06,-1.78
-13.72,-1.14,0.52,-2.05,3.01,-1.90
-13.67,-1.38,1.18,-0.74,3.03,-1.96
-12.34,-0.47,1.93,0.01,2.98,-1.84
-11.10,-0.17,1.64,0.83,2.56,-1.58
-9.23,0.16,1.51,1.35,1.74,-1.13
-9.79,0.08,-0.50,1.04,-1.41,1.01
-10.59,-0.69,-0.38,0.61,-2.05,1.80
-11.19,-0.88,-0.88,-0.15,-2.42,2.23
-11.36,-0.78,-1.71,-0.45,-2.67,2.44
-11.47,-0.72,-1.70,0.35,-2.57,2.46
-12.16,-1.40,-1.83,0.97,-2.23,2.20
-12.29,-2.12,-2.39,1.26,-1.84,1.88
-12.19,-2.82,-2.80,1.44,-1.50,1.57
-12.08,-3.78,-2.81,1.37,-0.98,1.07
-11.97,-4.46,-2.88,0.72,-0.61,0.33
-12.18,-4.20,-2.24,-0.30,0.18,-0.52
-11.67,-3.12,-1.15,-0.82,1.15,-1.24
-12.15,-2.70,-0.99,-1.38,1.91,-1.73
-12.18,-2.25,-0.68,-1.69,2.26,-1.94
-11.67,-1.59,-0.50,-1.36,2.28,-2.08
-11.13,-1.63,0.07,-0.86,2.22,-2.24
-10.63,-1.39,0.73,-0.73,2.17,-2.32
-10.11,-0.55,0.99,-0.57,2.03,-2.07
-10.94,-0.85,0.62,-0.11,1.54,-1.40
-9.84,-0.33,0.88,0.30,0.94,-0.63
-10.02,0.28,1.13,0.90,0.22,-0.32
-9.30,-0.52,-0.29,0.96,-0.76,0.27
-9.45,-1.37,-1.09,0.07,-1.65,1.34
-9.66,-0.95,-0.83,-0.73,-2.01,2.03
-9.69,-0.32,-1.54,-0.42,-2.12,2.21
-10.05,-0.23,-1.68,0.91,-2.03,2.21
-10.78,-1.64,-1.48,1.68,-1.78,2.23
-11.31,-2.55,-1.92,1.28,-1.60,2.17
-11.20,-2.75,-2.44,0.95,-1.54,1.98
-11.74,-3.55,-2.82,0.82,-1.43,1.57
-11.66,-4.44,-2.67,0.15,-0.78,0.77
-12.72,-4.53,-3.60,-0.45,0.03,-0.29
-12.99,-3.66,-3.26,-0.67,0.94,-1.14
-13.16,-3.00,-2.22,-0.72,1.61,-1.76
-13.49,-2.76,-1.39,-1.10,2.05,-2.12
-12.59,-2.11,-0.42,-1.45,2.39,-2.26
-11.32,-1.26,0.06,-1.37,2.54,-2.38
-10.07,-0.95,0.34,-0.77,2.48,-2.30
-8.61,-0.68,0.55,-0.08,2.21,-1.97
-8.33,-0.24,0.74,0.66,1.69,-1.49
-9.07,-0.28,0.96,1.04,1.06,-0.75
-8.85,-0.38,0.64,1.06,0.30,0.04
-9.81,-0.28,0.64,0.96,-0.49,0.74
-11.09,-1.47,-1.19,0.20,-1.58,1.55
-12.08,-1.46,-0.81,-0.83,-2.34,2.30
-11.94,-0.96,-1.46,-1.08,-2.66,2.49
-11.20,0.03,-2.02,-0.38,-2.67,2.12
-10.79,-0.54,-1.78,1.04,-2.20,1.96
-11.04,-1.56,-1.60,1.54,-1.54,1.84
-11.40,-2.40,-2.38,1.65,-1.25,1.73
-11.26,-3.12,-2.82,1.54,-1.18,1.58
-11.37,-4.40,-3.30,1.08,-1.03,1.20
-12.00,-5.05,-2.81,-0.06,-0.73,0.50
-12.99,-4.29,-2.72,-1.27,0.17,-0.42
-13.04,-2.87,-1.11,-1.29,1.44,-1.18
-13.80,-2.39,-0.77,-1.40,2.54,-1.84
-13.37,-2.15,-0.50,-1.31,2.96,-2.26
-12.42,-1.71,-0.10,-1.02,2.79,-2.60
-11.18,-1.49,0.39,-0.74,2.49,-2.74
-9.81,-0.71,0.66,-0.50,2.20,-2.49
-9.28,-0.35,0.56,-0.13,1.81,-1.89
-9.15,-0.35,0.42,0.27,1.30,-1.07
-8.96,-0.07,0.60,0.46,0.79,-0.32
-9.62,0.75,1.25,1.00,0.26,0.10
-9.84,-0.19,-0.60,1.36,-0.74,0.75
-10.49,-1.44,-1.07,0.44,-1.80,1.86
-11.14,-1.76,-1.00,-0.73,-2.40,2.57
-11.20,-0.88,-1.59,-1.35,-2.72,2.56
-11.03,0.17,-1.89,-0.14,-2.59,2.28
-11.53,-0.64,-1.62,1.46,-2.02,2.00
-11.80,-1.81,-1.79,1.99,-1.48,1.80
-11.87,-2.98,-2.52,1.80,-1.28,1.87
-11.74,-4.46,-3.16,1.21,-1.28,1.82
-11.46,-5.69,-3.23,0.11,-1.05,1.17
-13.25,-4.39,-3.38,-0.88,-0.68,-0.04
-12.48,-3.09,-1.96,-0.67,0.75,-1.20
-13.47,-2.80,-1.02,-0.63,2.08,-1.97
-13.75,-2.85,-0.97,-1.40,2.89,-2.41
-13.21,-2.08,-0.79,-1.85,2.85,-2.62
-12.19,-1.25,-0.10,-1.62,2.58,-2.81
-10.80,-0.45,0.63,-0.97,2.51,-2.69
-9.76,-0.36,0.64,-0.29,2.29,-2.24
-9.11,-0.02,0.72,0.30,1.84,-1.53
-8.81,-0.49,0.65,0.80,1.18,-0.65
-9.23,-0.20,0.96,0.83,0.40,-0.03
-9.81,-0.44,0.39,0.94,-0.50,0.65
-9.99,-1.45,-1.01,0.26,-1.66,1.55
-10.76,-1.54,-0.89,-0.61,-2.40,2.21
-11.18,-0.96,-1.04,-0.89,-2.68,2.44
-11.31,-0.34,-1.88,-0.26,-2.71,2.32
-11.41,-0.52,-1.74,1.30,-2.41,2.18
-11.99,-1.59,-1.75,2.09,-1.95,2.06
-12.05,-2.88,-2.46,2.13,-1.66,2.03
-11.65,-4.50,-3.23,1.52,-1.55,1.84
-11.64,-5.49,-3.53,0.16,-1.36,1.15
-13.55,-4.73,-3.84,-1.15,-0.94,0.14
-13.36,-3.22,-2.10,-1.34,0.70,-0.73
-14.10,-2.65,-1.20,-1.35,2.30,-1.36
-14.32,-2.21,-0.63,-1.53,3.51,-1.89
-13.21,-1.45,-0.55,-1.00,3.69,-2.41
-10.06,-0.44,0.85,0.08,2.55,-2.50
-8.93,-0.03,0.73,0.20,1.96,-1.60
-8.71,0.30,0.59,0.57,1.14,-0.70
-8.17,0.17,0.29,0.74,0.26,0.06
-9.96,-0.11,0.49,0.75,-0.48,0.76
-10.62,-1.13,-0.80,0.39,-1.48,1.65
-10.92,-1.74,-1.06,-0.34,-2.37,2.36
-11.17,-1.48,-1.16,-0.83,-2.87,2.51
-11.25,-0.71,-1.45,-0.66,-2.94,2.23
-11.62,-0.46,-1.45,0.66,-2.51,2.01
-12.00,-1.65,-2.02,1.47,-2.02,1.88
-12.07,-2.65,-2.84,1.33,-1.80,1.81
-11.57,-3.26,-3.50,0.89,-1.64,1.63
-11.60,-4.05,-3.93,0.28,-1.36,1.12
-11.54,-3.67,-3.11,-0.34,-0.67,0.31
-13.27,-3.54,-3.26,-0.70,0.40,-0.52
-13.73,-3.12,-1.69,-0.86,1.75,-1.13
-14.68,-2.64,-0.84,-1.29,2.87,-1.76
-14.57,-1.81,-0.38,-1.30,3.48,-2.29
-13.03,-0.88,0.11,-0.60,3.50,-2.80
-11.07,0.28,0.73,0.44,3.19,-3.10
-9.40,-0.26,0.54,1.09,2.56,-2.71
-8.49,-0.60,0.35,0.54,1.82,-1.64
-8.82,0.09,0.18,-0.02,1.07,-0.68
-8.36,0.92,-0.08,0.15,0.51,-0.03
-10.36,0.64,0.69,0.99,0.01,0.56
-10.33,-1.05,-0.41,0.64,-0.86,1.53
-10.84,-2.18,-0.65,-0.42,-1.97,2.36
-11.62,-1.82,-0.66,-1.25,-2.73,2.71
-11.80,-1.22,-1.37,-1.19,-3.12,2.49
-11.38,-0.08,-1.68,0.07,-2.92,2.01
-11.64,-1.05,-1.77,1.60,-2.35,1.64
-11.82,-2.31,-2.23,1.75,-1.76,1.43
-11.38,-3.03,-3.25,1.26,-1.46,1.34
-11.46,-3.61,-4.22,0.72,-1.38,1.11
-11.17,-3.99,-4.07,0.11,-0.92,0.58
-12.34,-3.80,-4.07,-0.58,-0.36,-0.14
-13.88,-3.49,-1.89,-1.11,1.13,-0.77
-15.12,-2.94,-0.65,-1.62,2.82,-1.27
-15.28,-1.83,-0.43,-1.57,3.76,-1.87
-13.79,-0.77,-0.01,-0.37,3.76,-2.47
-11.36,-0.01,0.52,1.00,3.18,-2.93
-9.85,-0.54,0.85,0.74,2.52,-2.64
-8.72,-0.34,0.65,-0.03,1.93,-1.73
-8.45,0.63,0.63,-0.23,1.24,-0.90
-8.52,0.92,0.50,0.30,0.55,-0.33
-8.46,0.47,0.09,0.63,-0.14,0.26
-10.22,0.01,-0.18,0.48,-0.83,0.91
-11.33,-1.03,-0.93,0.13,-1.68,1.71
-11.48,-1.56,-1.32,-0.62,-2.48,2.25
-11.20,-0.99,-1.51,-0.98,-2.97,2.25
-11.04,-0.16,-1.59,-0.43,-2.91,2.02
-11.52,-0.41,-1.55,0.93,-2.37,1.86
-11.84,-1.64,-2.19,1.71,-1.80,1.69
-11.60,-2.84,-2.91,1.84,-1.56,1.49
-11.21,-3.90,-3.42,1.24,-1.40,1.17
-11.11,-4.43,-3.56,0.23,-1.08,0.66
-12.66,-4.31,-3.42,-0.74,-0.63,0.06
-13.76,-3.73,-2.72,-1.40,0.68,-0.56
-13.65,-2.46,-1.44,-1.31,1.97,-1.24
-14.79,-2.23,-0.66,-1.30,2.97,-1.85
-14.00,-2.00,-0.17,-1.13,3.48,-2.16
-12.27,-1.01,0.12,-0.52,3.33,-2.53
-10.59,-0.17,0.59,0.49,2.91,-2.76
-9.26,-0.57,0.83,1.02,2.37,-2.38
-8.37,-0.83,0.56,0.62,1.74,-1.53
-8.67,-0.25,0.71,0.20,1.01,-0.67
-8.62,-0.11,0.66,0.52,0.29,0.12
-9.61,-0.49,0.56,0.80,-0.48,0.82
-9.99,-1.45,-0.81,0.21,-1.53,1.49
-10.86,-1.71,-0.89,-0.80,-2.33,2.11
-11.29,-1.10,-1.09,-1.51,-2.76,2.28
-11.24,-0.04,-1.64,-0.94,-2.82,2.11
-11.12,-0.23,-1.83,0.75,-2.52,1.91
-11.57,-1.60,-1.97,1.36,-2.10,1.76
-11.98,-2.43,-2.47,1.20,-1.78,1.63
-11.78,-2.88,-2.91,1.04,-1.51,1.43
-11.73,-3.78,-3.57,0.70,-1.32,1.04
-11.87,-4.24,-3.61,-0.13,-0.98,0.42
-13.50,-4.07,-3.77,-1.10,-0.19,-0.22
-12.33,-2.52,-1.89,-1.30,1.32,-0.83
-13.92,-2.10,-0.77,-1.21,2.70,-1.34
-13.99,-2.14,-0.35,-1.13,3.71,-1.64
-12.64,-1.40,-0.63,-0.41,3.59,-2.03
-11.47,-1.01,0.25,0.91,3.11,-2.53
-10.35,-1.18,1.03,1.59,2.67,-2.78
-9.75,-1.32,1.13,0.80,2.14,-2.40
-8.78,-0.76,0.75,-0.05,1.53,-1.51
-8.24,0.05,0.18,-0.21,0.64,-0.51
-9.35,0.68,0.62,0.12,-0.22,0.16
-10.14,0.16,-0.06,0.63,-0.93,0.99
-10.76,-1.41,-0.82,0.29,-1.82,1.94
-11.50,-1.94,-0.88,-0.67,-2.64,2.47
-11.48,-1.49,-1.28,-1.42,-3.19,2.48
-11.50,-0.59,-1.93,-1.14,-3.31,2.26
-11.58,-0.39,-1.78,0.44,-2.84,2.00
-12.26,-1.45,-2.42,1.35,-2.22,1.74
-12.09,-2.72,-3.46,1.60,-1.78,1.60
-11.94,-3.95,-4.05,1.38,-1.45,1.17
-12.17,-4.45,-3.66,0.52,-0.92,0.36
-14.16,-2.58,-1.20,-1.17,2.57,-1.38
-14.84,-2.46,-0.52,-1.07,3.40,-1.81
-13.14,-1.73,-0.23,-0.55,3.52,-2.25
-11.70,-1.27,0.24,0.28,3.14,-2.78
-10.23,-0.86,1.06,0.64,2.77,-2.92
-9.32,-0.76,1.01,0.32,2.31,-2.45
-8.99,-0.31,0.83,-0.01,1.66,-1.51
-9.07,0.02,0.84,-0.06,0.84,-0.48
-9.20,0.58,1.15,0.25,0.07,0.19
-9.99,0.25,0.28,0.82,-0.76,0.81
-11.01,-1.18,-0.71,0.51,-1.85,1.80
-11.70,-2.10,-0.98,-0.44,-2.73,2.58
-11.29,-1.96,-1.53,-1.60,-3.40,2.62
-11.03,-0.80,-1.66,-1.57,-3.54,2.24
-11.54,-0.31,-2.02,-0.01,-2.98,1.88
-11.86,-1.06,-2.46,1.34,-2.18,1.53
-12.02,-2.41,-3.36,2.01,-1.60,1.25
-12.08,-3.84,-4.06,1.63,-1.28,0.90
-12.18,-4.53,-4.06,0.44,-0.79,0.39
-13.81,-4.34,-3.79,-0.83,-0.03,-0.15
-13.66,-2.91,-2.04,-1.36,1.43,-0.71
-14.99,-2.33,-0.86,-1.34,2.82,-1.25
-14.94,-2.23,-0.53,-1.11,3.65,-1.67
-13.03,-1.67,-0.26,-0.35,3.59,-2.12
-11.49,-1.43,0.40,0.46,3.16,-2.67
-10.14,-1.35,1.12,0.61,2.76,-2.86
-9.12,-0.78,1.02,0.21,2.29,-2.53
-8.59,0.07,0.57,0.09,1.64,-1.74
-8.15,0.52,0.46,0.64,0.91,-0.64
-8.09,0.43,0.48,1.01,0.16,0.20
-9.31,-0.12,0.03,1.10,-0.65,1.01
-10.98,-1.74,-0.82,0.30,-1.77,2.14
-12.01,-2.29,-0.98,-0.86,-2.78,2.96
-11.96,-1.67,-1.40,-1.63,-3.50,2.96
-11.95,-0.55,-1.60,-1.17,-3.64,2.46
-12.19,-0.26,-1.46,0.53,-2.99,1.97
-13.02,-1.44,-2.73,1.59,-2.30,1.65
-12.47,-2.80,-4.23,1.77,-1.97,1.60
-11.99,-3.83,-4.72,1.18,-1.64,1.36
-12.63,-4.42,-3.95,0.35,-0.90,0.75
-14.88,-5.14,-2.94,-0.62,0.51,-0.00
-13.85,-3.29,-1.27,-0.97,2.26,-1.02
-14.71,-1.96,-0.71,-0.56,3.40,-2.08
-14.96,-2.22,-0.59,0.29,3.72,-2.79
-13.29,-2.22,-0.20,0.65,3.22,-3.18
-11.58,-1.68,0.47,0.36,2.57,-3.43
-9.83,-0.79,0.77,-0.05,2.10,-3.17
-8.61,-0.43,0.44,-0.33,1.62,-2.44
-8.11,-0.09,0.36,-0.47,1.03,-1.37
-8.28,0.11,0.36,-0.25,0.46,-0.35
-8.70,0.03,0.47,0.15,-0.12,0.43
-9.74,-0.70,0.08,0.71,-0.76,1.19
-10.01,-2.11,-0.97,0.29,-1.76,2.00
-11.64,-2.53,-0.80,-0.68,-2.64,2.58
-12.70,-2.02,-1.02,-1.36,-3.16,2.69
-12.25,-1.02,-1.95,-1.01,-3.34,2.34
-12.04,-0.43,-2.04,0.69,-2.99,1.87
-11.82,-1.41,-2.30,1.83,-2.29,1.50
-11.43,-2.75,-2.84,1.94,-1.68,1.36
-11.46,-4.12,-3.84,1.10,-1.37,1.26
-12.02,-4.79,-4.32,-0.05,-1.03,0.87
-13.03,-4.17,-3.94,-0.86,-0.46,0.14
-14.38,-3.22,-2.79,-1.12,1.01,-0.68
-14.57,-2.47,-0.68,-0.98,2.69,-1.34
-16.05,-2.01,-0.48,-1.01,3.92,-1.94
-14.31,-1.51,-0.35,-0.01,4.12,-2.34
-12.50,-1.01,0.15,1.15,3.49,-2.94
-10.73,-0.58,0.82,1.53,2.81,-3.25
-8.83,-0.75,0.90,1.24,2.20,-2.76
-7.67,-0.88,0.43,0.29,1.48,-1.76
-7.88,-0.34,0.37,-0.56,0.66,-0.69
-7.63,0.09,0.11,-0.45,-0.06,0.18
-8.58,-0.39,0.21,-0.01,-0.72,0.97
-9.39,-1.48,-0.51,0.09,-1.48,1.72
-11.15,-2.53,-1.07,-0.62,-2.47,2.38
-12.37,-2.41,-1.10,-1.49,-3.28,2.70
-12.52,-1.33,-1.68,-1.50,-3.63,2.45
-12.16,-0.14,-1.81,-0.03,-3.28,1.86
-12.03,-0.80,-1.67,1.68,-2.42,1.42
-11.71,-2.44,-2.47,2.24,-1.70,1.26
-11.10,-3.60,-3.01,1.60,-1.34,1.20
-11.63,-4.14,-3.62,0.68,-1.13,0.89
-11.98,-4.22,-3.54,-0.13,-0.57,0.32
-13.05,-3.44,-3.06,-0.65,0.18,-0.44
-12.93,-2.82,-2.27,-0.90,1.41,-1.05
-13.76,-2.63,-0.92,-1.20,2.47,-1.41
-15.40,-2.46,-0.30,-1.59,3.16,-1.63
-14.15,-1.80,0.03,-1.21,3.38,-1.77
-11.77,-0.92,0.39,-0.11,3.17,-2.16
-9.76,-0.35,1.06,1.12,2.84,-2.53
-8.07,-0.76,1.22,1.32,2.28,-2.32
-7.25,-0.85,0.78,0.24,1.61,-1.44
-7.95,-0.14,0.71,-0.20,0.79,-0.31
-8.08,0.12,0.48,0.33,0.10,0.51
-9.31,-0.58,0.31,0.99,-0.57,1.08
-10.69,-1.73,-0.82,0.80,-1.36,1.64
-11.08,-2.34,-1.51,-0.20,-2.25,2.22
-12.03,-2.11,-0.97,-0.77,-2.70,2.55
-12.52,-1.65,-1.29,-0.77,-2.71,2.38
-11.69,-1.19,-1.76,0.11,-2.44,1.93
-10.33,-3.26,-2.82,0.77,-1.39,1.04
-10.00,-3.23,-3.43,0.21,-1.16,0.73
-10.58,-3.35,-3.64,-0.25,-0.76,0.44
-11.30,-3.51,-2.84,-0.77,-0.15,0.14
-13.55,-3.83,-2.57,-1.45,0.77,-0.21
-13.83,-3.27,-0.98,-1.88,1.69,-0.59
-14.67,-3.07,0.11,-2.28,2.56,-0.80
-13.38,-2.83,0.58,-2.25,3.05,-0.83
-11.68,-2.17,0.45,-1.75,2.85,-0.98
-11.75,-2.67,0.74,-1.05,2.52,-0.98
-12.02,-3.21,1.49,-0.90,2.36,-0.75
-11.32,-2.71,2.06,-0.82,2.30,-0.63
-10.43,-2.06,2.05,-0.29,2.05,-0.73
-8.16,-1.32,1.24,0.35,1.46,-1.05
-7.04,-0.31,0.89,0.38,0.66,-1.38
-7.96,-0.22,0.42,-0.03,-0.22,-1.35
-10.33,0.82,-0.82,-0.85,-1.16,-0.80
-9.82,0.72,-2.69,-0.88,-2.21,0.31
-9.83,0.03,-3.88,-1.17,-3.09,1.13
-10.19,-0.02,-3.64,-1.88,-3.21,1.46
-10.61,0.20,-3.52,-2.39,-2.68,1.52
-10.98,0.49,-3.98,-2.48,-1.91,1.34
-10.17,0.47,-4.58,-2.18,-1.42,1.04
-9.61,-0.30,-4.07,-1.97,-0.92,0.84
-9.65,-1.28,-2.80,-1.93,-0.24,0.75
-9.94,-2.44,-1.75,-2.09,0.40,0.58
-12.16,-3.48,0.02,-2.26,0.89,0.15
-12.81,-3.79,1.28,-2.91,1.28,-0.57
-11.92,-2.88,2.78,-2.55,1.46,-1.25
-11.43,-4.40,3.47,-2.08,1.31,-1.58
-11.45,-4.97,4.33,-2.28,1.03,-1.69
-11.23,-4.15,4.42,-2.51,0.96,-1.94
-10.76,-3.29,3.72,-2.47,0.95,-2.25
-10.92,-2.52,3.53,-2.00,0.96,-2.29
-9.96,-1.67,2.96,-1.58,0.77,-2.07
-9.57,-1.11,2.32,-0.97,0.46,-1.62
-9.71,0.33,1.99,-0.76,0.11,-1.02
-10.62,1.16,1.43,-0.37,-0.23,-0.23
-11.43,0.92,0.32,-0.01,-0.79,0.75
-10.90,0.27,-0.95,-0.06,-1.40,1.51
-11.58,-0.36,-0.76,-0.15,-1.74,1.90
-12.34,-0.88,-1.01,-0.54,-1.67,2.09
-10.78,-0.55,-1.92,-0.38,-1.52,2.00
-9.64,-0.86,-2.23,0.28,-1.31,1.74
-9.21,-1.73,-2.19,0.38,-0.97,1.45
-9.49,-2.38,-2.03,0.14,-0.58,1.20
-9.26,-2.58,-2.24,0.06,-0.19,0.85
-9.37,-3.04,-2.02,0.28,-0.05,0.40
-10.24,-3.93,-1.38,-0.03,0.10,-0.13
-12.28,-4.75,-1.69,-1.10,0.25,-0.68
-12.72,-3.75,-0.75,-1.98,0.67,-1.29
-13.57,-2.47,-0.27,-2.11,1.44,-1.85
-13.71,-2.18,-0.00,-1.73,2.05,-2.12
-13.09,-1.95,0.16,-1.57,2.27,-2.28
-11.85,-1.46,0.37,-1.15,2.27,-2.31
-10.19,-1.16,0.70,-0.44,2.19,-2.17
-8.76,-0.89,1.04,0.16,1.92,-1.96
-7.92,-0.84,0.99,0.31,1.42,-1.57
-8.36,-0.81,0.59,0.06,0.68,-0.84
-8.70,-0.38,0.21,-0.04,-0.10,0.03
-10.15,-0.54,0.23,0.35,-0.80,0.79
-9.95,-0.87,-1.07,0.42,-1.51,1.47
-10.76,-1.35,-1.42,0.43,-2.04,2.03
-11.84,-1.77,-1.49,-0.13,-2.29,2.23
-11.86,-1.30,-1.61,-0.60,-2.25,2.11
-11.01,-0.87,-1.95,0.09,-2.01,1.88
-10.43,-1.42,-1.79,0.88,-1.69,1.67
-10.30,-2.02,-2.14,1.20,-1.50,1.54
-10.39,-2.52,-2.53,1.26,-1.33,1.46
-10.81,-3.22,-2.66,1.20,-1.10,1.22
-11.14,-4.27,-2.98,0.67,-0.72,0.67
-12.10,-4.19,-2.58,-0.16,-0.33,-0.13
-12.98,-3.76,-2.49,-1.01,0.55,-0.89
-12.91,-2.68,-1.18,-1.27,1.54,-1.41
-13.90,-2.38,-0.83,-1.43,2.31,-1.78
-13.54,-2.29,-0.29,-1.49,2.67,-1.97
-12.47,-1.53,0.14,-1.23,2.66,-2.22
-11.02,-1.31,0.67,-0.59,2.57,-2.35
-9.83,-0.80,1.06,-0.14,2.38,-2.22
-8.53,-0.64,0.82,0.03,1.90,-1.77
-8.31,0.02,0.88,0.22,1.23,-1.13
-8.23,0.15,0.50,0.54,0.46,-0.33
-8.69,-0.33,0.20,0.52,-0.32,0.45
-10.24,-0.84,-0.28,0.38,-0.99,1.14
-10.66,-1.40,-1.00,0.15,-1.73,1.77
-11.33,-1.84,-1.08,-0.03,-2.28,2.20
-11.35,-1.88,-1.29,-0.40,-2.58,2.13
-10.88,-1.44,-1.69,-0.52,-2.60,1.83
-11.17,-1.09,-1.80,0.18,-2.29,1.56
-11.48,-1.45,-2.26,0.90,-1.83,1.33
-10.99,-1.85,-2.75,1.34,-1.44,1.12
-10.57,-2.40,-2.95,1.51,-1.14,0.89
-11.18,-3.45,-3.39,1.02,-0.84,0.64
-11.14,-3.91,-3.00,0.09,-0.43,0.28
-12.98,-3.83,-3.17,-0.88,0.20,-0.26
-12.79,-2.82,-2.03,-1.18,1.16,-0.81
-13.52,-2.45,-1.02,-1.35,2.20,-1.27
-13.92,-2.17,-0.40,-1.46,2.91,-1.58
-12.89,-1.60,-0.06,-1.04,3.13,-1.82
-11.58,-1.16,0.33,-0.15,2.96,-2.11
-8.26,-0.51,0.81,0.23,1.68,-1.35
-8.23,0.23,0.57,0.32,1.00,-0.58
-7.86,0.13,0.36,0.84,0.24,0.09
-9.30,-0.43,0.41,0.96,-0.50,0.68
-9.97,-1.21,-0.63,0.58,-1.42,1.43
-10.66,-2.09,-1.17,-0.21,-2.33,2.19
-11.70,-2.20,-1.24,-1.11,-3.00,2.53
-12.12,-1.42,-1.65,-1.47,-3.23,2.31
-11.74,-0.05,-1.82,-0.20,-2.81,1.75
-11.55,-0.66,-1.87,1.66,-2.07,1.23
-11.14,-2.10,-2.25,2.30,-1.44,0.95
-10.49,-3.18,-2.88,1.67,-1.15,0.90
-10.42,-3.47,-3.53,0.65,-1.02,0.74
-10.99,-3.51,-3.53,-0.20,-0.62,0.40
-12.61,-3.20,-3.03,-0.67,-0.04,-0.15
-14.07,-2.99,-2.53,-0.92,1.13,-0.73
-13.72,-2.31,-0.92,-0.80,2.27,-1.34
-14.31,-2.00,-0.42,-0.78,3.01,-1.90
-13.17,-1.91,-0.04,-0.58,3.23,-2.11
-11.17,-1.56,0.14,-0.12,2.92,-2.23
-9.78,-1.36,0.40,0.28,2.43,-2.27
-8.75,-0.95,0.84,0.45,1.97,-1.95
-8.14,-1.04,0.50,0.09,1.42,-1.33
-8.35,-0.41,0.65,-0.07,0.85,-0.55
-8.00,-0.07,0.38,0.31,0.22,0.12
-9.46,-0.45,0.51,0.66,-0.48,0.65
-10.30,-1.27,-0.36,0.54,-1.26,1.32
-10.58,-2.12,-1.18,-0.20,-2.15,1.94
-11.63,-1.97,-1.16,-0.98,-2.77,2.21
-11.81,-1.23,-1.50,-1.04,-2.95,2.04
-11.62,-0.53,-2.02,-0.08,-2.70,1.69
-11.31,-1.05,-2.15,1.22,-2.15,1.43
-11.17,-2.04,-2.66,1.61,-1.64,1.23
-10.25,-2.73,-3.29,1.32,-1.22,1.02
-9.76,-2.95,-3.31,0.97,-0.88,0.60
-10.14,-3.28,-3.05,0.44,-0.33,0.08
-12.97,-3.82,-2.58,-0.22,0.19,-0.34
-14.13,-3.56,-2.08,-1.05,1.16,-0.74
-13.45,-2.32,-1.09,-0.98,1.89,-1.28
-13.12,-2.03,-0.57,-0.69,2.47,-1.78
-12.21,-1.78,-0.13,-0.45,2.73,-2.14
-11.14,-1.49,-0.05,-0.19,2.59,-2.34
-10.19,-1.46,0.17,0.07,2.24,-2.22
-9.00,-1.10,0.22,0.10,1.75,-1.82
-7.81,-0.95,-0.02,-0.09,1.20,-1.20
-7.55,-0.43,0.06,-0.12,0.69,-0.56
-7.84,-0.40,0.02,0.21,0.19,0.01
-8.79,-0.74,0.39,0.30,-0.37,0.57
-10.61,-1.10,0.54,0.32,-1.01,1.21
-10.39,-1.84,-0.84,-0.16,-1.99,1.79
-11.79,-2.08,-0.87,-0.67,-2.72,2.17
-12.69,-1.64,-0.78,-0.67,-2.81,2.31
-12.53,-1.02,-1.71,0.13,-2.54,1.99
-11.40,-1.24,-2.06,1.64,-2.07,1.52
-10.49,-2.39,-2.15,2.08,-1.53,1.11
-9.89,-3.19,-2.45,1.47,-1.04,0.86
-9.28,-3.28,-3.09,0.62,-0.68,0.64
-9.82,-3.39,-3.46,0.04,-0.47,0.31
-11.01,-3.34,-3.20,-0.51,-0.03,-0.16
-13.72,-3.12,-2.51,-0.89,0.63,-0.66
-13.87,-2.39,-1.75,-0.98,1.67,-1.12
-13.24,-1.96,-0.87,-0.77,2.38,-1.57
-13.61,-2.09,-0.28,-0.69,2.76,-1.83
-12.86,-2.04,0.22,-0.77,2.83,-1.82
-10.86,-1.61,0.32,-0.46,2.55,-1.80
-9.30,-1.41,0.46,0.15,2.09,-1.80
-8.20,-1.65,0.60,0.51,1.62,-1.64
-7.19,-1.70,0.39,0.30,1.11,-1.32
-7.08,-1.33,0.14,0.07,0.60,-0.85
-7.81,-1.08,-0.00,0.22,0.13,-0.17
-8.65,-1.22,-0.31,0.46,-0.42,0.70
-9.87,-1.56,-0.79,0.65,-1.03,1.65
-10.04,-1.93,-1.81,0.54,-1.84,2.30
-11.56,-2.30,-2.15,0.03,-2.55,2.49
-12.60,-2.25,-1.85,-0.95,-2.79,2.36
-11.92,-1.01,-1.75,-0.88,-2.31,1.96
-11.18,-0.82,-1.92,0.55,-1.62,1.44
-10.80,-1.86,-2.39,1.56,-1.15,0.96
-9.78,-3.06,-2.75,1.43,-0.94,0.75
-9.22,-3.33,-2.97,0.54,-0.73,0.52
-9.51,-3.08,-2.80,-0.18,-0.37,0.16
-10.21,-2.82,-2.14,-0.58,0.19,-0.26
-12.16,-2.64,-1.18,-0.63,0.73,-0.79
-12.67,-1.98,-0.20,-0.36,1.33,-1.35
-10.59,-1.77,0.65,0.44,1.60,-1.90
-9.78,-1.62,0.50,0.46,1.27,-2.51
-10.39,-1.82,1.01,0.30,0.90,-2.45
-10.74,-2.11,0.54,0.21,0.51,-1.85
-9.74,-1.95,0.96,0.02,0.31,-1.25
-8.91,-2.11,0.99,0.00,0.32,-0.84
-8.92,-2.27,0.69,-0.52,0.08,-0.55
-9.10,-2.23,0.63,-0.94,-0.16,-0.05
-8.99,-2.12,0.37,-1.12,-0.36,0.45
-9.18,-2.20,0.01,-1.03,-0.54,0.87
-9.34,-2.37,-0.34,-1.02,-0.75,1.14
-9.76,-2.67,-0.91,-0.68,-0.92,1.25
-9.99,-3.37,-1.29,0.38,-1.00,0.98
-9.42,-3.76,-0.90,0.77,-0.88,0.45
-9.27,-4.03,-0.90,0.42,-0.58,0.09
-9.13,-3.76,-1.12,0.04,-0.17,0.13
-9.38,-2.68,-1.25,-0.18,0.13,0.33
-9.40,-2.42,-1.11,-0.19,0.16,0.21
-9.50,-2.04,-1.02,-0.18,0.19,0.03
-9.55,-1.69,-0.94,0.03,0.21,-0.07
-9.49,-1.66,-0.93,0.24,0.20,-0.04
-9.26,-1.85,-0.95,0.24,0.14,0.05
-9.31,-1.95,-0.99,0.06,0.08,0.12
-9.38,-1.90,-1.06,-0.07,0.04,0.14
-9.40,-1.87,-1.12,-0.06,0.03,0.13
-9.43,-1.87,-1.14,0.00,0.01,0.10
-9.40,-1.97,-1.27,-0.04,-0.02,0.11
-9.25,-1.93,-1.33,-0.14,-0.03,0.12
-9.28,-1.84,-1.37,-0.16,0.03,0.10
-9.33,-1.68,-1.29,0.03,0.09,0.04
-9.45,-1.78,-1.17,0.25,0.10,-0.01
-9.28,-1.92,-1.13,0.20,0.04,-0.01
-9.21,-1.73,-1.38,0.06,-0.06,-0.04
-9.37,-1.66,-1.46,0.06,-0.04,-0.01
-9.39,-1.71,-1.56,0.01,-0.00,0.01
-9.37,-1.64,-1.50,-0.01,0.01,-0.00
-9.45,-1.54,-1.51,0.06,0.05,-0.02
-9.41,-1.65,-1.44,0.17,0.11,-0.00
-9.36,-1.77,-1.37,0.14,0.07,0.00
-9.26,-1.80,-1.28,0.03,0.03,0.02
-9.16,-1.74,-1.30,0.00,-0.00,0.01
-9.40,-1.80,-1.30,0.02,-0.03,0.04
-9.37,-1.87,-1.30,0.02,-0.05,0.03
-9.34,-1.87,-1.39,0.00,-0.07,-0.01
-9.37,-1.83,-1.41,-0.00,-0.05,-0.03
-9.51,-1.80,-1.45,-0.02,-0.06,-0.03
-9.42,-1.73,-1.47,0.01,-0.06,-0.02
-9.37,-1.77,-1.46,-0.01,-0.03,-0.02
-9.37,-1.72,-1.43,-0.06,-0.03,0.01
-9.34,-1.69,-1.34,-0.02,-0.02,0.03
-9.40,-1.81,-1.29,0.02,-0.02,0.04
-9.49,-1.90,-1.29,-0.03,-0.04,0.03
-9.55,-1.84,-1.41,-0.05,-0.05,0.00
-9.42,-1.78,-1.43,-0.06,-0.02,-0.02
-9.32,-1.67,-1.41,-0.04,-0.00,-0.01
-9.31,-1.69,-1.30,-0.02,-0.01,0.03
-9.46,-1.76,-1.29,-0.03,-0.03,0.06
-9.38,-1.73,-1.25,0.02,-0.02,0.05
-9.37,-1.79,-1.27,0.05,-0.03,0.03
-9.25,-1.73,-1.19,0.03,-0.03,0.04
-9.34,-1.81,-1.23,0.02,-0.06,0.05
-9.35,-1.86,-1.23,-0.02,-0.07,0.03
-9.45,-1.82,-1.28,-0.02,-0.05,-0.01
-9.48,-1.74,-1.35,-0.01,-0.04,-0.01
-9.33,-1.69,-1.34,0.02,-0.01,-0.04
-9.35,-1.64,-1.32,0.03,0.01,-0.05
-9.31,-1.62,-1.24,0.04,0.00,-0.01
-9.46,-1.76,-1.24,0.01,-0.03,0.05
-9.39,-1.84,-1.27,-0.03,-0.04,0.05
-9.56,-1.84,-1.34,-0.06,-0.01,-0.01
-9.46,-1.74,-1.32,-0.04,0.02,-0.03
-9.36,-1.77,-1.31,-0.02,0.02,-0.04
-9.40,-1.78,-1.28,-0.10,0.02,-0.01
-9.48,-1.76,-1.33,-0.10,0.02,-0.01
-9.40,-1.78,-1.27,-0.06,0.02,-0.04
-9.38,-1.75,-1.28,-0.09,0.02,-0.04
-9.31,-1.66,-1.29,-0.14,-0.00,-0.01
-9.36,-1.66,-1.35,-0.11,-0.01,0.02
-9.34,-1.65,-1.32,-0.05,0.01,0.01
-9.33,-1.73,-1.31,0.02,0.02,0.01
-9.36,-1.79,-1.27,-0.01,-0.01,0.02
-9.33,-1.80,-1.30,-0.02,-0.03,0.02
-9.31,-1.79,-1.35,-0.05,-0.05,0.01
-9.35,-1.77,-1.42,-0.03,-0.04,0.02
-9.28,-1.81,-1.42,0.00,-0.03,0.01
-9.36,-1.86,-1.44,-0.01,-0.02,-0.01
-9.40,-1.78,-1.38,0.00,0.01,-0.03
-9.42,-1.80,-1.37,0.04,-0.01,-0.03
-9.40,-1.78,-1.40,-0.01,-0.03,-0.02
-9.39,-1.69,-1.44,-0.02,-0.01,-0.02
-9.33,-1.66,-1.43,0.02,-0.01,-0.00
-9.36,-1.72,-1.41,0.04,-0.02,0.03
-9.27,-1.81,-1.38,0.07,-0.04,0.02
-9.57,-1.79,-1.39,0.07,-0.03,-0.01
-9.12,-1.67,-1.27,0.20,-0.01,-0.02
-9.30,-1.93,-1.31,0.09,-0.12,0.01
-9.37,-1.82,-1.33,-0.13,-0.12,0.08
-9.49,-1.73,-1.44,-0.06,-0.10,0.06
-9.52,-1.80,-1.34,0.05,-0.03,0.05
-9.54,-1.75,-1.21,0.11,0.03,0.01
-9.20,-1.66,-1.10,0.15,0.02,0.02
-9.36,-1.82,-1.12,-0.02,-0.06,0.12
-9.28,-1.60,-1.09,-0.05,-0.04,0.14
-9.42,-1.74,-1.05,0.17,-0.04,0.06
-9.73,-1.93,-1.05,0.19,-0.05,0.02
-9.46,-1.88,-1.16,0.07,-0.09,-0.02
-9.32,-1.67,-1.24,-0.06,-0.07,-0.08
-9.33,-1.42,-1.28,-0.06,-0.05,-0.06
-9.48,-1.48,-1.23,0.04,-0.05,0.03
-9.47,-1.65,-1.14,0.08,-0.03,0.06
-9.58,-1.76,-1.02,0.11,-0.02,0.01
-9.45,-1.66,-0.92,0.02,-0.04,-0.01
-9.41,-1.50,-0.95,-0.03,-0.06,0.03
-9.44,-1.48,-0.95,0.06,-0.05,0.07
-9.54,-1.68,-0.91,0.15,-0.04,0.08
-9.56,-1.68,-0.83,0.09,-0.05,0.05
-9.52,-1.50,-0.97,-0.09,-0.10,0.08
-9.44,-1.48,-0.96,-0.01,-0.06,0.07
-9.40,-1.49,-0.85,0.07,-0.02,0.04
-9.37,-1.53,-0.72,0.07,-0.00,0.03
-9.47,-1.55,-0.68,0.04,-0.03,0.04
-9.54,-1.55,-0.67,-0.01,-0.05,0.02
-9.50,-1.43,-0.76,-0.02,-0.05,-0.01
-9.63,-1.42,-0.82,-0.01,-0.03,0.01
-9.43,-1.40,-0.79,0.01,-0.02,0.01
-9.42,-1.42,-0.74,0.03,-0.01,0.01
-9.41,-1.51,-0.68,-0.04,-0.03,0.04
-9.52,-1.49,-0.69,-0.09,-0.05,0.04
-9.54,-1.50,-0.72,-0.05,-0.04,0.00
-9.55,-1.44,-0.73,-0.04,-0.01,-0.02
-9.61,-1.41,-0.74,-0.02,0.01,-0.03
-9.54,-1.38,-0.74,0.02,0.02,-0.04
-9.52,-1.40,-0.74,0.01,0.02,-0.03
-9.56,-1.40,-0.76,-0.03,0.01,-0.01
-9.45,-1.41,-0.86,-0.06,0.00,0.01
-9.40,-1.42,-0.83,-0.01,0.04,0.02
-9.46,-1.50,-0.80,0.01,0.05,0.01
-9.48,-1.49,-0.73,0.06,0.05,0.01
-9.43,-1.56,-0.72,0.06,0.03,-0.01
-9.27,-1.56,-0.76,0.01,0.01,-0.02
-9.42,-1.53,-0.81,-0.03,0.00,-0.02
-9.52,-1.49,-0.88,0.02,0.01,-0.03
-9.57,-1.53,-0.91,0.05,0.00,-0.04
-9.53,-1.47,-0.93,0.01,0.01,-0.04
-9.50,-1.49,-0.98,-0.02,-0.01,-0.00
-9.51,-1.48,-0.99,-0.03,-0.00,0.03
-9.46,-1.55,-0.96,0.02,0.02,0.01
-9.44,-1.60,-0.88,0.04,0.02,0.01
-9.46,-1.63,-0.83,0.03,0.00,0.00
-9.44,-1.64,-0.83,0.01,-0.02,0.00
-9.39,-1.62,-0.87,-0.02,-0.04,-0.01
-9.42,-1.59,-0.88,-0.03,-0.05,-0.01
-9.49,-1.58,-0.92,-0.03,-0.05,0.00
-9.48,-1.58,-0.93,-0.03,-0.05,-0.01
-9.52,-1.52,-0.93,-0.02,-0.04,-0.01
-9.53,-1.56,-0.95,0.00,-0.03,0.01
-9.46,-1.59,-0.94,-0.02,-0.03,0.01
-9.49,-1.55,-0.94,-0.04,-0.02,0.01
-9.45,-1.56,-0.87,0.00,-0.00,0.01
-9.50,-1.60,-0.83,0.02,-0.01,0.01
-9.47,-1.58,-0.81,-0.01,-0.02,0.01
-9.45,-1.56,-0.85,0.00,-0.03,0.02
-9.48,-1.56,-0.86,-0.01,-0.04,0.02
-9.51,-1.55,-0.87,-0.00,-0.03,0.03
-9.54,-1.60,-0.88,-0.00,-0.03,0.02
-9.42,-1.54,-0.87,-0.01,-0.02,0.01
-9.45,-1.50,-0.82,-0.00,-0.01,0.01
-9.49,-1.54,-0.83,-0.03,-0.01,0.02
-9.49,-1.52,-0.83,-0.02,0.00,0.01
-9.44,-1.55,-0.82,0.02,0.01,-0.00
-9.47,-1.55,-0.82,-0.00,0.01,-0.01
-9.48,-1.52,-0.86,0.01,0.00,-0.01
-9.49,-1.52,-0.85,0.01,0.00,-0.01
-9.46,-1.51,-0.88,0.01,0.00,-0.01
-9.50,-1.51,-0.87,-0.00,-0.00,0.01
-9.45,-1.53,-0.89,0.01,-0.00,0.01
-9.50,-1.57,-0.88,-0.00,-0.01,0.01
-9.49,-1.55,-0.89,-0.00,-0.00,0.01
-9.46,-1.56,-0.92,0.03,-0.01,0.01
-9.42,-1.56,-0.91,0.00,-0.02,0.02
-9.45,-1.56,-0.93,0.00,-0.01,0.02
-9.45,-1.56,-0.93,0.01,-0.01,0.00
-9.44,-1.54,-0.89,0.01,-0.02,0.02
-9.41,-1.54,-0.90,-0.01,-0.04,0.03
-9.41,-1.58,-0.92,-0.00,-0.05,0.03
-9.48,-1.60,-0.92,-0.04,-0.04,0.02
-9.45,-1.57,-0.92,-0.02,-0.04,0.01
-9.46,-1.59,-0.90,-0.01,-0.03,-0.01
-9.48,-1.53,-0.89,-0.01,-0.03,-0.01
-9.50,-1.52,-0.92,-0.01,-0.03,-0.00
-9.62,-1.57,-0.97,-0.02,-0.02,0.01
-9.55,-1.58,-1.02,-0.04,0.02,0.01
-9.58,-1.49,-1.06,-0.01,0.07,-0.03
-9.58,-1.40,-1.04,0.13,0.13,-0.05
-9.53,-1.51,-1.01,0.15,0.14,-0.04
-9.45,-1.47,-0.97,0.08,0.12,-0.01
-9.38,-1.51,-1.01,-0.01,0.10,0.03
-9.44,-1.50,-1.00,0.03,0.08,0.06
-9.36,-1.56,-1.00,0.02,0.02,0.08
-9.33,-1.59,-1.12,0.06,0.02,0.08
-9.32,-1.66,-1.13,0.09,-0.00,0.04
-9.45,-1.66,-1.19,0.08,-0.02,0.01
-9.43,-1.65,-1.26,0.08,-0.03,-0.00
-9.42,-1.67,-1.33,0.03,-0.03,-0.01
-9.43,-1.60,-1.33,-0.01,-0.01,-0.02
-9.44,-1.54,-1.28,0.01,0.00,-0.04
-9.52,-1.54,-1.24,0.03,0.00,-0.04
-9.51,-1.55,-1.26,0.00,-0.01,-0.02
-9.44,-1.57,-1.28,-0.03,-0.02,-0.01
-9.47,-1.54,-1.27,-0.07,-0.01,-0.00
-9.46,-1.54,-1.21,-0.01,0.01,-0.01
-9.47,-1.55,-1.15,0.01,0.01,-0.02
-9.40,-1.54,-1.15,0.01,0.01,-0.01
-9.46,-1.56,-1.23,0.00,-0.01,0.01
-9.43,-1.54,-1.25,-0.00,-0.01,0.02
-9.39,-1.60,-1.23,0.00,0.01,0.01
-9.40,-1.59,-1.23,-0.03,-0.02,0.03
-9.46,-1.65,-1.28,0.01,-0.00,0.01
-9.48,-1.63,-1.28,0.01,0.01,-0.00
-9.44,-1.61,-1.31,0.02,0.02,-0.01
-9.47,-1.61,-1.31,0.03,0.03,-0.01
-9.39,-1.57,-1.34,0.03,0.03,-0.02
-9.43,-1.56,-1.29,0.04,0.02,-0.01
-9.37,-1.55,-1.29,0.01,0.01,0.01
-9.35,-1.57,-1.34,-0.01,-0.01,0.03
-9.37,-1.57,-1.33,0.00,-0.01,0.03
-9.37,-1.58,-1.30,0.02,-0.01,0.03
-9.37,-1.62,-1.35,0.02,-0.03,0.03
-9.36,-1.65,-1.37,0.02,-0.02,0.02
-9.36,-1.65,-1.40,0.02,-0.02,0.01
-9.41,-1.62,-1.39,0.03,-0.02,0.00
-9.42,-1.66,-1.41,0.05,-0.01,-0.00
-9.37,-1.63,-1.43,0.02,-0.01,-0.02
-9.43,-1.56,-1.41,0.02,0.01,-0.01
-9.41,-1.58,-1.44,0.02,-0.00,0.00
-9.39,-1.59,-1.39,0.03,0.02,0.01
-9.39,-1.64,-1.35,0.02,0.00,0.01
-9.35,-1.61,-1.31,0.01,-0.02,0.02
-9.37,-1.67,-1.36,-0.04,-0.05,0.04
-9.33,-1.66,-1.39,-0.03,-0.05,0.03
-9.39,-1.70,-1.41,-0.01,-0.04,0.01
-9.40,-1.69,-1.38,0.00,-0.03,0.00
-9.41,-1.67,-1.36,0.02,-0.03,-0.02
-9.36,-1.61,-1.39,0.01,-0.02,-0.02
-9.42,-1.59,-1.35,0.01,-0.02,-0.01
-9.40,-1.59,-1.37,-0.00,-0.03,0.00
-9.43,-1.62,-1.34,0.00,-0.02,-0.00
-9.44,-1.60,-1.36,0.01,-0.02,-0.01
-9.44,-1.59,-1.30,0.03,-0.01,0.01
-9.42,-1.64,-1.32,0.03,-0.02,0.01
-9.43,-1.63,-1.34,-0.00,-0.03,0.01
-9.40,-1.63,-1.37,0.01,-0.02,0.01
-9.43,-1.65,-1.37,0.01,-0.02,0.01
-9.44,-1.65,-1.32,0.02,-0.01,0.01
-9.42,-1.64,-1.30,0.01,-0.01,0.00
-9.44,-1.61,-1.30,0.01,-0.01,0.01
-9.40,-1.60,-1.30,0.00,-0.02,0.02
-9.42,-1.62,-1.30,0.00,-0.01,0.01
-9.41,-1.57,-1.25,0.01,-0.01,0.00
-9.45,-1.58,-1.26,0.01,-0.02,0.01
-9.44,-1.59,-1.28,0.01,-0.02,0.02
-9.44,-1.56,-1.32,0.02,-0.01,0.00
-9.42,-1.54,-1.30,0.02,-0.01,0.01
-9.42,-1.55,-1.30,0.04,-0.00,0.02
-9.42,-1.64,-1.27,0.04,-0.00,0.01
-9.45,-1.60,-1.27,0.02,0.00,0.01
-9.40,-1.59,-1.28,0.04,-0.00,0.00
-9.37,-1.58,-1.30,0.02,-0.01,0.01
-9.37,-1.55,-1.33,0.00,-0.02,0.02
-9.39,-1.55,-1.31,0.04,-0.01,0.02
-9.42,-1.63,-1.30,0.03,-0.02,0.03
-9.40,-1.63,-1.30,0.02,-0.02,0.02
-9.42,-1.64,-1.30,0.03,-0.02,0.01
-9.42,-1.61,-1.31,0.02,-0.02,0.00
-9.38,-1.61,-1.30,0.03,-0.01,0.00
-9.37,-1.61,-1.28,0.01,-0.02,0.01
-9.44,-1.62,-1.23,0.02,-0.02,0.01
-9.43,-1.66,-1.24,0.00,-0.03,0.00
-9.44,-1.65,-1.26,-0.01,-0.03,-0.01
-9.43,-1.60,-1.26,0.00,-0.02,-0.03
-9.48,-1.59,-1.27,0.00,-0.03,-0.02
-9.50,-1.54,-1.33,-0.02,-0.03,-0.00
-9.43,-1.51,-1.37,-0.00,-0.01,0.01
-9.45,-1.53,-1.32,-0.01,0.00,0.03
-9.42,-1.60,-1.24,0.01,0.01,0.04
-9.40,-1.67,-1.19,0.01,0.00,0.03
-9.39,-1.66,-1.20,0.01,0.00,0.01
-9.39,-1.67,-1.18,0.05,-0.00,0.00
-9.39,-1.67,-1.21,0.02,-0.03,-0.01
-9.38,-1.61,-1.27,0.01,-0.02,-0.01
-9.41,-1.58,-1.30,-0.00,-0.03,-0.02
-9.46,-1.53,-1.33,0.01,-0.01,-0.00
-9.43,-1.58,-1.32,0.04,-0.01,0.00
-9.41,-1.60,-1.27,0.02,-0.00,0.01
-9.42,-1.59,-1.25,0.02,-0.00,0.02
-9.39,-1.65,-1.23,0.02,-0.01,0.02
-9.39,-1.68,-1.24,0.00,-0.02,0.02
-9.44,-1.63,-1.24,0.01,-0.02,0.01
-9.42,-1.66,-1.27,0.02,-0.02,0.00
-9.38,-1.63,-1.27,0.01,-0.02,-0.00
-9.43,-1.61,-1.26,0.01,-0.01,0.00
-9.41,-1.63,-1.22,0.02,-0.02,0.01
-9.42,-1.64,-1.23,0.00,-0.03,0.02
-9.40,-1.64,-1.25,-0.01,-0.03,0.01
-9.41,-1.65,-1.26,-0.01,-0.03,0.01
-9.42,-1.66,-1.24,-0.02,-0.03,0.02
-9.43,-1.68,-1.21,-0.02,-0.03,0.01
-9.43,-1.67,-1.22,-0.03,-0.03,-0.00
-9.46,-1.61,-1.23,-0.02,-0.02,-0.01
-9.42,-1.61,-1.24,-0.03,-0.02,0.00
-9.44,-1.61,-1.24,-0.03,-0.01,-0.00
-9.45,-1.58,-1.21,-0.03,-0.00,-0.00
-9.45,-1.58,-1.16,-0.00,-0.00,0.00
-9.43,-1.59,-1.17,-0.02,-0.01,0.01
-9.42,-1.58,-1.17,-0.01,-0.01,0.01
-9.44,-1.58,-1.18,-0.00,-0.02,0.01
