1.25,-8.20,-4.88,0.15,-0.01,-0.12
1.69,-8.59,-4.84,0.07,0.01,0.04
1.59,-8.73,-4.97,-0.18,0.01,0.04
1.52,-8.75,-4.87,-0.36,0.08,-0.10
1.82,-8.42,-5.15,-0.30,0.02,-0.11
1.68,-8.38,-5.31,0.07,-0.01,-0.21
1.78,-8.39,-5.44,0.20,0.02,-0.26
1.64,-8.91,-5.36,0.66,0.03,-0.39
1.72,-10.42,-4.50,1.25,0.02,-0.77
2.24,-11.56,-3.45,3.00,-0.15,-1.39
5.50,-12.58,0.48,4.37,-1.15,-2.18
7.26,-11.07,2.92,4.37,-3.13,-2.32
6.93,-7.55,2.28,4.24,-4.37,-1.23
6.28,-7.06,0.80,3.13,-4.37,-0.06
4.85,-6.72,-0.65,1.72,-4.08,0.66
4.22,-6.57,-0.20,0.91,-3.27,0.97
3.48,-6.78,-0.12,0.48,-2.43,1.13
2.91,-7.28,-0.38,-0.05,-1.89,1.23
1.18,-8.69,-1.94,-0.12,-0.91,0.84
1.94,-6.99,-1.47,-0.22,-0.24,0.60
2.47,-7.19,-0.87,0.20,0.09,0.19
2.42,-8.46,-1.41,0.35,0.28,-0.20
2.35,-9.30,-2.71,0.24,0.47,-0.40
4.29,-8.97,0.07,-0.19,0.96,-0.63
6.25,-7.47,0.16,0.45,0.62,-0.28
4.80,-8.96,-0.43,0.69,0.34,-0.25
3.68,-7.44,-1.06,0.81,0.53,-0.16
4.99,-9.00,1.10,1.34,0.65,-0.07
6.56,-9.93,1.29,0.20,0.58,-0.17
7.56,-9.67,2.99,-0.88,-0.14,-0.11
6.84,-9.62,0.06,-2.14,-0.60,0.01
6.39,-8.73,-1.19,-4.37,-0.70,0.19
5.46,-4.69,-5.05,-2.61,-1.17,0.80
4.99,-11.55,-2.20,-1.83,-1.08,0.18
0.90,-5.68,-5.33,-0.95,-1.03,0.16
2.76,-7.06,-4.37,-0.25,-0.34,-0.24
2.60,-5.35,-5.08,0.15,0.12,-0.54
2.15,-6.26,-5.25,0.86,0.42,-0.56
3.05,-6.28,-5.20,0.59,0.76,-0.47
4.28,-8.18,-4.91,0.89,0.89,-0.19
5.23,-6.86,-3.38,0.52,0.94,0.08
5.63,-8.06,-3.89,0.57,0.80,0.18
5.37,-6.51,-2.66,0.61,0.65,0.72
8.26,-9.96,-2.54,0.40,0.06,0.72
6.22,-10.44,-4.46,-1.13,-0.29,0.55
6.79,-9.93,-3.39,-3.95,-0.46,0.20
5.71,-9.57,-4.79,-2.73,-0.92,-0.67
2.69,-1.35,-7.35,-2.89,-1.28,-0.46
2.91,-6.11,-6.34,0.04,-0.69,-0.46
2.79,-5.18,-5.12,0.41,-0.38,-0.59
2.31,-3.43,-6.38,0.66,0.04,-0.60
1.41,-5.75,-6.92,0.81,0.43,-0.43
2.46,-6.93,-6.84,1.19,0.89,-0.13
3.79,-5.25,-6.12,-0.10,1.03,0.21
4.63,-5.35,-5.83,1.56,0.99,0.56
3.86,-4.68,-4.51,2.46,0.94,0.86
6.90,-10.55,-1.60,3.40,1.26,0.68
7.81,-10.94,-2.39,1.30,0.36,0.11
7.49,-10.82,-2.26,1.73,0.10,-0.51
6.79,-8.70,-0.89,1.27,-0.35,-0.87
5.87,-6.77,0.14,0.30,-0.44,-0.56
4.61,-6.61,-0.89,0.60,-0.52,-0.20
5.16,-7.32,-0.01,0.42,-0.16,0.02
4.54,-9.17,0.26,0.12,-0.07,-0.08
6.08,-7.99,1.31,-1.26,-0.03,-0.29
6.02,-6.99,-0.85,-0.69,-0.33,-0.16
5.20,-5.61,-2.00,0.53,-0.28,0.15
5.24,-8.19,-0.99,1.20,-0.26,0.17
5.51,-8.67,-0.34,0.95,-0.13,-0.07
5.83,-7.78,-1.19,0.64,-0.01,-0.09
6.06,-8.19,0.25,0.45,-0.09,-0.08
6.35,-7.47,0.44,0.84,-0.24,-0.01
6.00,-8.02,0.39,1.21,-0.32,0.12
5.83,-9.15,0.39,0.87,-0.27,0.11
5.65,-8.01,0.54,0.05,-0.10,0.01
5.32,-7.77,-0.50,0.32,0.04,0.08
4.88,-7.05,0.38,0.55,0.42,0.19
5.45,-7.90,1.00,1.11,0.55,0.18
5.70,-9.61,2.74,1.26,0.63,-0.20
6.51,-9.04,4.78,0.22,0.34,-0.33
7.16,-8.80,4.98,-1.02,-0.22,-0.36
6.22,-6.78,2.15,-1.55,-0.38,-0.18
6.17,-5.85,0.73,-1.08,-0.33,0.04
5.79,-7.15,2.05,0.16,-0.37,0.07
4.34,-6.31,0.90,0.19,-0.40,0.07
5.25,-6.70,1.66,1.33,-0.36,0.12
6.63,-7.98,2.01,1.43,-0.39,0.18
6.06,-9.03,1.36,1.66,-0.48,0.26
5.48,-8.98,2.30,0.42,-0.22,0.15
5.30,-7.86,2.31,-0.03,-0.00,0.03
5.42,-7.45,2.62,-0.37,0.04,-0.18
5.74,-7.33,2.35,-0.22,0.07,-0.22
5.94,-7.81,2.30,-0.17,0.09,-0.15
5.01,-7.22,1.90,-0.37,0.26,-0.07
6.08,-7.07,1.55,-0.03,0.40,0.09
6.79,-7.83,3.80,0.45,0.33,0.16
7.05,-9.53,2.81,0.25,-0.19,0.02
6.66,-8.94,3.24,-0.59,-0.39,-0.23
6.14,-6.95,2.03,-0.64,-0.49,-0.07
5.72,-6.22,2.03,-0.40,-0.36,0.07
4.60,-5.96,1.10,0.50,-0.11,0.27
4.40,-7.22,2.43,0.80,0.09,0.08
6.44,-7.52,2.11,0.64,0.04,0.00
5.91,-9.08,1.98,0.21,0.07,-0.18
6.00,-7.61,2.84,-0.56,0.11,-0.28
6.24,-7.21,2.43,-0.23,0.05,-0.11
5.99,-7.36,2.01,-0.22,0.01,-0.11
5.85,-7.42,2.37,-0.35,0.14,-0.23
6.35,-7.58,0.70,-0.27,0.21,-0.14
6.97,-7.81,2.15,-0.38,0.14,-0.08
6.79,-7.81,1.17,-0.07,0.03,0.15
7.69,-9.11,2.86,-0.02,-0.19,-0.18
6.57,-7.77,2.05,-0.33,-0.50,-0.23
6.11,-6.44,1.66,-0.70,-0.32,-0.18
5.40,-5.60,0.96,-0.37,-0.21,0.16
5.13,-6.59,0.74,0.70,0.14,0.29
6.72,-7.64,2.06,0.11,0.16,0.04
6.64,-8.05,1.15,0.37,0.05,-0.06
5.97,-7.94,1.07,-0.28,0.06,-0.13
6.11,-8.16,1.90,-0.53,0.16,-0.29
6.51,-6.90,1.19,-0.89,0.16,-0.35
5.96,-6.12,0.86,0.01,0.13,-0.15
7.31,-6.98,0.79,0.31,0.08,0.02
6.99,-7.52,1.68,0.30,-0.09,0.13
5.66,-7.47,1.00,-0.35,0.06,0.05
5.74,-5.91,-0.07,-0.21,0.35,0.38
6.05,-6.71,1.39,0.55,0.49,0.61
7.01,-9.20,2.29,0.76,0.20,0.40
6.34,-11.46,1.77,-0.56,0.20,-0.25
5.62,-8.74,2.19,-2.43,0.40,-0.46
6.69,-6.34,1.29,-2.07,0.32,-0.23
8.32,-7.24,2.10,-1.30,-0.05,-0.32
6.66,-7.37,-1.31,-1.01,-0.52,-0.27
5.87,-6.47,-2.13,-0.45,-0.29,-0.23
5.74,-6.45,-0.48,0.08,-0.19,-0.08
5.45,-7.28,-1.80,0.38,-0.17,-0.05
7.06,-6.62,-1.07,-0.15,-0.00,-0.14
6.63,-6.37,-1.42,0.89,-0.14,0.15
6.05,-8.46,-0.98,0.71,-0.06,0.16
6.04,-7.95,-0.76,-0.35,0.12,-0.02
6.48,-7.18,-0.74,-0.27,0.15,-0.01
6.66,-6.86,-0.72,0.22,0.09,0.13
6.08,-7.90,-1.40,0.15,0.22,0.20
5.80,-6.80,-1.26,-0.27,0.29,0.45
5.88,-6.71,-0.93,-0.62,0.58,0.65
6.26,-9.33,-0.68,-2.15,0.50,0.52
8.24,-8.06,-1.75,-2.91,0.27,0.43
8.22,-11.88,-2.42,-2.56,-0.22,-0.14
8.53,-7.04,-4.35,-3.25,-0.96,-0.67
6.37,-4.10,-4.82,-2.00,-1.34,-0.86
3.36,-3.46,-5.74,1.58,-1.52,-0.31
3.09,-8.40,-5.39,0.34,-1.05,-0.41
1.66,-3.67,-4.92,0.47,-0.37,-0.42
2.33,-4.94,-5.08,1.40,0.28,-0.17
3.54,-6.49,-5.91,1.00,0.79,-0.11
2.81,-7.63,-5.39,1.31,1.04,0.17
5.24,-7.26,-2.66,1.15,0.94,0.56
7.75,-9.05,-3.12,0.57,0.91,0.48
8.50,-7.35,-4.63,0.05,0.41,0.58
9.68,-9.89,-4.22,0.21,-0.19,0.36
11.74,-9.87,-3.87,-0.08,-1.07,0.15
8.21,-9.32,-2.08,-0.88,-2.18,0.08
3.45,-7.90,-0.08,-0.68,-3.01,0.05
-1.70,-4.29,-6.26,-1.98,-2.40,0.51
1.02,-6.30,-4.94,-1.00,-1.27,0.71
0.80,-5.65,-4.08,-0.76,-0.76,0.12
-0.54,-7.27,-5.43,0.02,-0.17,-0.71
0.80,-4.42,-7.61,-0.03,0.30,-0.86
0.98,-6.55,-6.68,0.86,0.64,-0.50
1.67,-6.80,-6.83,0.84,0.96,-0.33
3.30,-6.71,-5.83,0.67,1.01,-0.25
3.40,-7.16,-5.38,0.97,1.15,-0.12
4.89,-6.93,-5.18,0.30,0.98,0.05
4.64,-7.10,-4.55,0.57,0.86,0.18
3.70,-7.10,-5.07,1.10,1.03,0.52
6.64,-8.52,-4.06,0.92,0.78,0.36
4.44,-7.43,-5.33,0.23,0.80,0.66
6.96,-7.86,-5.41,-0.32,1.17,1.29
6.52,-10.89,-1.78,0.39,0.75,1.38
6.73,-15.77,2.85,-1.57,-0.89,0.34
4.41,-13.30,-0.86,-2.80,-2.70,-0.65
0.96,-7.80,-5.65,-3.32,-2.83,-0.95
1.27,-1.12,-6.55,-1.81,-2.62,-0.59
-1.71,0.79,-6.91,-0.32,-1.60,0.65
-1.66,-9.41,-3.48,0.09,-0.44,-0.37
-1.23,-4.54,-7.14,-0.89,0.09,-1.11
0.78,-2.93,-8.60,0.46,0.45,-0.81
1.15,-6.89,-8.20,0.17,0.27,-0.55
0.37,-4.29,-8.05,1.05,0.47,-0.06
1.40,-6.62,-7.56,0.99,0.74,0.04
2.64,-6.50,-6.74,0.85,0.80,-0.08
4.00,-6.56,-6.01,0.67,0.51,-0.15
2.97,-7.36,-6.48,0.40,0.31,-0.09
4.76,-6.65,-6.76,0.51,0.18,0.25
5.20,-8.27,-6.61,0.33,-0.01,0.04
4.07,-7.53,-4.89,0.12,-0.46,0.19
2.33,-8.92,-4.69,-0.41,-1.00,0.29
2.30,-7.21,-7.27,-0.99,-1.02,0.19
1.05,-6.01,-7.18,-0.63,-0.75,0.39
0.03,-6.80,-6.88,-0.04,-0.45,0.51
-2.10,-5.66,-9.34,-0.27,-0.20,-0.21
-0.33,-4.52,-9.00,-0.56,0.04,-0.28
-0.28,-3.99,-8.53,0.05,-0.03,-0.26
0.15,-5.26,-8.71,-0.19,-0.02,-0.32
-1.26,-3.50,-9.53,0.29,0.06,0.03
-0.43,-4.90,-9.77,-0.11,0.45,0.07
0.74,-4.97,-9.90,0.13,0.69,0.25
0.41,-5.13,-6.04,0.14,0.54,0.31
1.29,-5.61,-6.27,-0.71,-0.09,-0.15
1.17,-4.59,-4.96,-0.39,-0.43,-0.22
-0.97,-1.26,-10.54,-0.27,-0.80,-0.31
-0.78,-5.55,-10.45,0.54,0.05,0.06
0.73,-4.07,-8.61,0.35,0.07,0.04
0.47,-5.45,-8.74,0.26,-0.02,-0.13
0.06,-4.94,-9.32,-0.10,-0.16,-0.24
-0.42,-4.52,-9.16,-0.20,-0.10,-0.08
-0.73,-4.57,-9.34,-0.09,0.03,0.21
0.08,-4.34,-9.46,-0.58,0.22,0.13
-1.99,-2.95,-10.01,0.89,0.37,0.78
0.35,-4.56,-5.90,0.65,0.50,0.89
0.97,-3.58,-7.33,-0.57,0.33,0.50
-0.97,-2.28,-9.97,-0.14,0.78,0.55
-0.99,-5.87,-6.93,1.26,1.10,0.52
0.75,-8.64,-4.39,0.15,0.74,0.01
2.33,-5.94,-8.18,-0.92,0.50,-0.52
4.15,-1.26,-11.46,0.23,0.06,-0.34
3.73,-10.81,-9.39,0.95,0.05,-0.86
2.09,-2.12,-9.19,-0.80,-0.46,-0.78
-0.17,-6.08,-8.53,-0.07,-0.40,-0.48
-1.21,-2.23,-7.85,0.57,0.04,-0.03
0.61,-5.27,-7.75,0.94,0.52,0.06
2.24,-6.08,-7.49,1.09,0.57,0.01
2.69,-6.08,-8.23,0.19,0.37,-0.07
1.87,-7.12,-8.27,0.22,0.35,-0.02
2.18,-5.24,-6.74,0.10,0.39,0.13
1.74,-5.70,-7.24,-0.10,0.48,0.16
2.20,-4.67,-7.22,0.68,0.76,0.26
2.30,-6.84,-5.68,0.51,0.76,0.24
3.31,-6.27,-4.87,-0.20,0.66,0.27
4.70,-6.80,-6.20,-0.53,0.43,0.02
3.58,-5.41,-8.34,-1.10,0.44,-0.02
1.88,-6.17,-9.04,-1.02,0.94,0.32
5.12,-5.60,-6.12,-0.22,1.07,0.40
7.60,-8.63,-5.46,0.73,0.25,-0.31
4.81,-4.53,-9.33,-0.01,0.02,-0.58
4.03,-5.53,-7.01,0.49,0.20,-0.48
1.80,-5.44,-6.65,1.36,0.38,-0.09
2.93,-5.95,-6.18,0.09,0.74,-0.03
4.19,-5.32,-5.12,0.86,0.87,0.25
3.99,-5.13,-5.20,0.89,0.90,0.31
4.02,-7.69,-2.81,2.11,1.02,0.54
4.50,-8.42,-4.64,1.80,1.09,0.44
10.37,-10.49,-0.28,1.64,0.96,-1.35
11.12,-6.62,-0.37,0.77,0.01,0.41
9.40,-9.61,-1.20,2.69,-1.22,0.04
6.76,-10.65,-1.00,1.53,-1.68,-0.28
6.32,-6.43,0.51,0.61,-1.83,0.14
3.28,-8.43,-2.13,0.97,-1.81,0.39
0.84,-6.31,-2.24,-0.43,-0.19,0.69
2.37,-7.29,-1.70,0.01,0.44,0.49
3.89,-8.92,-0.25,0.05,0.65,0.00
5.30,-7.54,-1.49,-0.71,0.70,-0.56
3.90,-6.76,-1.37,0.31,0.69,-0.51
5.46,-8.51,-0.02,0.59,0.79,-0.43
6.37,-8.94,-0.34,0.15,0.66,-0.41
6.72,-8.16,-0.02,-0.24,0.69,-0.40
8.61,-8.16,1.33,-0.19,0.19,-0.19
7.10,-8.13,0.18,0.29,-0.31,-0.00
6.86,-9.22,0.48,0.19,-0.31,-0.06
6.41,-8.10,0.70,-0.64,-0.44,0.03
5.81,-6.09,-0.86,-1.07,-0.46,0.14
4.27,-6.09,-2.27,0.65,-0.18,0.19
4.74,-7.30,-0.46,0.67,0.06,0.16
5.85,-8.46,-0.64,0.88,0.08,-0.05
6.18,-8.62,-0.14,0.62,0.01,-0.13
6.34,-7.68,-0.46,0.17,-0.02,-0.13
6.39,-7.77,0.46,0.72,-0.16,0.01
5.62,-8.35,-0.50,0.23,-0.03,0.00
5.85,-8.30,0.89,-0.44,0.05,-0.19
5.06,-7.42,0.37,0.05,0.05,-0.08
5.53,-9.01,0.46,0.01,0.23,-0.05
4.35,-8.90,0.61,-1.74,0.47,-0.12
3.45,-9.68,-1.15,-3.31,0.95,0.12
3.71,-8.45,-3.40,-4.08,1.42,0.68
5.19,-10.35,-4.61,-1.79,2.03,1.24
6.51,-15.36,-4.20,-1.91,2.29,1.30
9.00,-17.30,-1.90,-3.45,2.32,0.62
9.83,-13.97,-0.56,-4.30,1.99,0.03
9.36,-10.04,0.93,-3.74,1.43,-0.22
8.47,-6.76,3.14,-3.00,0.67,-0.35
6.62,-3.79,1.88,-3.51,-0.05,-0.57
5.20,-0.94,-0.13,-3.60,-0.43,-0.70
3.50,1.63,-1.65,-3.32,-0.66,-0.74
2.36,2.50,-2.52,-3.10,-0.90,-0.96
2.37,5.71,-2.86,-3.29,-1.02,-0.94
2.53,10.20,-12.36,-2.57,-0.42,-0.47
4.19,8.12,-5.76,0.86,0.20,0.33
4.89,1.71,-7.98,1.39,0.13,0.81
5.91,0.35,-7.84,0.39,0.35,0.59
6.18,1.60,-7.78,-0.28,0.42,0.28
6.54,2.58,-7.40,-0.22,0.43,0.01
6.43,2.76,-7.26,0.06,0.43,-0.12
6.52,2.49,-7.31,0.07,0.48,-0.11
7.15,2.48,-7.11,0.02,0.43,-0.05
7.35,2.49,-6.96,-0.00,0.36,-0.01
7.06,2.42,-6.80,0.21,0.29,0.05
7.35,2.29,-6.65,0.26,0.27,0.07
7.43,1.67,-6.63,0.12,0.24,-0.01
7.65,2.05,-6.61,-0.01,0.22,-0.02
7.69,2.00,-6.54,0.10,0.22,-0.02
7.70,1.91,-6.49,0.10,0.17,-0.04
7.43,2.19,-6.43,0.20,0.11,0.04
7.44,1.72,-6.34,0.27,0.12,0.06
7.57,1.73,-6.55,0.15,0.12,0.04
8.03,1.01,-6.77,0.10,0.10,0.08
9.22,1.70,-6.80,0.05,-0.02,0.04
8.65,1.76,-7.46,-0.24,-0.26,-0.09
8.58,3.50,-7.31,-0.12,-0.36,0.06
5.47,3.17,-6.30,0.51,-0.46,0.32
3.66,2.39,-6.28,0.31,0.10,0.41
3.46,2.10,-6.02,0.86,0.55,0.70
4.04,0.54,-4.25,0.96,0.82,0.96
5.31,-0.22,-3.73,0.99,0.74,1.34
5.87,-1.05,-3.34,1.12,0.68,1.64
6.40,-1.21,-3.56,1.22,0.85,2.03
6.25,-1.58,-3.74,1.98,1.42,2.54
5.44,-1.92,-1.89,2.40,2.12,3.28
3.00,-2.54,1.61,3.02,2.57,4.37
-0.68,-5.77,6.50,4.37,2.47,4.37
-4.05,-11.44,8.32,4.15,2.49,4.37
-4.16,-14.21,6.84,0.02,2.32,4.37
-4.04,-11.25,5.23,0.18,1.35,4.37
-5.77,-13.49,4.28,-1.56,1.13,3.65
-7.21,-9.87,2.53,-1.70,0.54,2.89
-9.06,-9.10,1.03,-0.56,0.92,2.17
-10.09,-6.59,0.48,-0.13,0.97,1.96
-10.35,-5.71,0.46,0.24,1.00,1.96
-11.59,-6.00,0.20,-0.51,0.68,1.63
-10.75,-5.12,0.18,-1.43,0.25,0.67
-10.21,-3.32,-0.24,-0.93,-0.16,-0.35
-9.38,-3.02,-0.54,0.17,-0.18,-0.83
-8.73,-2.88,-0.34,0.78,0.04,-0.75
-8.27,-2.98,0.09,0.75,0.29,-0.38
-8.79,-3.11,0.24,0.56,0.37,-0.06
-9.16,-3.29,0.16,0.47,0.41,0.06
-9.03,-3.32,0.23,0.40,0.23,0.06
-8.98,-3.37,0.37,0.25,0.13,0.08
-8.87,-3.42,0.42,0.14,0.08,0.16
-8.83,-3.54,0.35,0.05,0.12,0.25
-8.79,-3.70,0.23,0.04,0.02,0.31
-9.06,-4.05,0.10,-0.17,-0.04,0.28
-8.96,-3.98,0.03,-0.25,-0.09,0.15
-8.97,-3.96,-0.12,-0.24,-0.15,0.03
-8.73,-3.91,-0.08,-0.24,-0.17,-0.07
-8.83,-3.80,-0.11,-0.31,-0.11,-0.13
-9.00,-3.77,-0.11,-0.35,-0.13,-0.17
-8.99,-3.92,-0.30,-0.39,-0.03,-0.19
-8.60,-3.83,-0.30,-0.63,0.00,-0.23
-8.74,-3.72,-0.25,-0.67,0.06,-0.20
-8.62,-3.63,-0.20,-0.89,0.12,-0.13
-8.80,-3.29,-0.16,-0.85,0.03,-0.04
-9.00,-3.33,-0.06,-0.66,-0.07,-0.02
-9.22,-3.22,-0.08,-0.52,-0.37,-0.01
-9.74,-3.58,-0.24,-0.60,-0.54,0.16
-9.52,-4.18,-0.65,-1.15,-0.64,0.35
-9.39,-4.75,-0.59,-2.25,-0.75,0.20
-9.57,-4.06,-0.78,-2.43,-0.84,-0.37
-9.62,-4.37,-1.01,-1.77,-0.80,-0.80
-9.37,-4.05,-1.71,-2.42,-0.37,-0.84
-8.30,-3.03,-2.69,-1.92,-0.09,-0.97
-8.30,-4.37,-1.31,-0.54,-0.16,-1.07
-8.29,-6.09,-0.69,-0.17,-0.37,-1.17
-8.42,-7.32,-1.41,-1.05,-0.55,-1.31
-7.67,-7.50,-1.56,-1.89,-0.40,-1.55
-6.81,-7.44,-1.28,-1.65,-0.59,-1.70
-5.88,-7.76,-1.53,-1.35,-1.00,-1.76
-5.29,-8.37,-0.74,-1.74,-1.39,-1.69
-4.80,-8.44,-0.40,-2.35,-1.85,-1.60
-4.72,-9.16,-0.56,-2.62,-2.25,-1.59
-4.66,-9.15,-0.99,-3.05,-2.32,-1.70
-4.58,-9.13,-1.19,-2.79,-2.24,-1.82
-4.05,-9.13,-1.55,-2.52,-2.30,-1.87
-4.25,-8.77,-1.29,-2.67,-2.42,-1.93
-4.40,-8.03,-1.63,-2.41,-2.57,-1.90
-5.22,-7.56,-1.76,-2.51,-2.44,-1.81
-6.16,-6.54,-2.46,-2.40,-2.00,-1.66
-7.13,-5.43,-2.66,-2.02,-1.31,-1.34
-8.12,-4.44,-3.65,-0.75,-0.84,-0.90
-9.67,-4.69,-4.51,-0.24,-0.34,-0.37
-10.44,-4.19,-5.05,0.17,0.43,0.08
-9.95,-4.38,-4.95,0.83,1.15,0.49
-9.01,-5.47,-4.15,1.39,1.96,0.89
-7.79,-6.95,-2.66,1.87,2.87,1.08
-6.67,-8.34,-0.90,1.86,3.76,1.17
-5.23,-9.17,1.00,1.37,4.37,1.50
-3.80,-9.94,1.96,0.88,4.37,2.09
-2.69,-10.71,2.30,-0.36,4.37,3.15
-2.99,-10.39,2.50,-1.13,4.37,4.37
-4.57,-12.32,2.42,0.84,4.37,4.37
-4.13,-15.48,2.52,1.38,4.37,4.37
1.05,-14.60,0.82,2.12,3.94,2.91
5.22,-14.51,0.39,1.60,3.46,2.14
9.11,-14.56,0.93,1.32,1.64,0.96
8.15,-13.50,0.41,-0.03,-0.68,-0.27
4.64,-12.05,-0.16,-0.90,-2.45,-1.20
1.00,-11.55,-0.22,-0.88,-3.66,-1.74
-2.01,-11.75,0.17,-0.79,-4.37,-1.97
-4.57,-13.28,0.22,-1.59,-4.37,-2.29
-6.08,-13.56,0.21,-2.43,-4.37,-2.78
-6.12,-11.68,-0.44,-2.25,-4.36,-3.09
-5.59,-10.01,-1.26,-1.78,-3.73,-2.98
-5.34,-8.14,-2.35,-2.04,-2.85,-2.61
-4.30,-5.73,-2.81,-1.57,-1.65,-2.20
-3.38,-4.05,-2.97,-0.21,-0.95,-1.57
-3.58,-3.57,-2.86,0.90,-0.75,-0.59
-3.64,-3.08,-2.37,1.22,-0.65,0.65
-4.10,-2.27,-2.45,1.75,-0.90,2.16
-5.86,-2.15,-1.67,2.16,-1.33,3.83
-10.10,-2.85,-1.73,2.30,-1.43,4.37
-18.33,-5.50,-2.58,1.04,-1.16,4.37
-18.21,-8.54,-1.71,-3.86,-0.30,4.37
-11.93,-2.35,-2.68,-3.56,-0.68,1.45
-11.86,-0.70,-2.90,0.51,-0.87,-0.70
-10.32,-1.50,-3.40,3.35,0.03,-1.00
-8.17,-2.70,-2.18,3.25,0.59,-0.47
-7.05,-2.70,-0.82,2.36,0.72,0.21
-7.87,-2.87,-0.67,1.74,0.52,0.73
-9.55,-4.05,-0.96,0.59,0.28,0.93
-10.60,-4.19,-1.39,-1.46,0.01,0.61
-10.88,-2.93,-1.41,-3.05,-0.18,-0.18
-10.69,-1.52,-1.38,-3.00,-0.04,-0.92
-10.12,-0.59,-1.59,-1.81,0.24,-1.21
-9.42,-0.38,-1.83,-0.43,0.45,-1.08
-8.80,-0.85,-1.85,0.68,0.46,-0.76
-8.74,-1.44,-1.60,1.05,0.35,-0.42
-8.92,-1.73,-1.45,0.66,0.23,-0.20
-8.96,-1.64,-1.57,0.08,0.09,-0.10
-8.61,-1.45,-1.69,-0.26,-0.06,0.01
-8.32,-1.36,-1.70,-0.16,-0.20,0.18
-8.66,-1.64,-1.68,0.06,-0.34,0.38
-9.57,-1.81,-1.85,0.19,-0.35,0.56
-10.16,-1.84,-1.91,0.58,-0.32,0.57
-10.33,-2.08,-1.79,1.57,-0.30,0.29
-10.19,-2.85,-1.75,1.56,-0.26,0.07
-9.96,-3.52,-2.27,0.27,-0.19,0.11
-9.80,-3.32,-2.33,-1.16,-0.07,0.14
-9.56,-2.28,-1.88,-1.90,0.12,-0.02
-9.12,-1.34,-1.38,-1.61,0.22,-0.19
-8.84,-1.01,-1.54,-0.72,0.24,-0.17
-8.76,-1.46,-1.60,-0.01,0.26,-0.04
-8.90,-1.76,-1.62,-0.07,0.33,0.06
-9.22,-1.57,-1.50,-0.12,0.39,0.07
-9.36,-1.35,-1.58,0.21,0.39,-0.00
-9.02,-1.45,-1.51,0.62,0.32,-0.13
-8.82,-1.62,-1.44,0.70,0.18,-0.21
-8.82,-1.76,-1.54,0.47,0.01,-0.14
-8.86,-1.75,-1.68,0.17,-0.14,0.02
-8.86,-1.68,-1.84,0.05,-0.24,0.13
-8.90,-1.66,-1.99,0.06,-0.31,0.21
-9.16,-1.64,-2.16,0.12,-0.30,0.32
-9.39,-1.56,-2.18,0.31,-0.28,0.41
-9.69,-1.70,-2.26,0.59,-0.32,0.46
-10.44,-2.06,-2.68,0.64,-0.27,0.40
-10.07,-2.16,-2.76,0.18,-0.12,0.19
-9.62,-1.93,-2.64,-0.45,-0.04,0.01
-9.56,-1.57,-2.50,-0.71,0.08,0.04
-9.21,-1.35,-2.34,-0.58,0.28,0.15
-9.04,-1.20,-2.02,-0.11,0.45,0.20
-9.30,-1.27,-1.71,0.56,0.56,0.13
-8.88,-1.44,-1.40,1.11,0.59,-0.07
-8.54,-1.66,-1.14,1.43,0.47,-0.31
-8.94,-1.74,-0.85,1.55,0.22,-0.48
-9.34,-2.12,-1.03,1.38,0.06,-0.56
-9.08,-1.98,-1.01,0.91,-0.07,-0.62
-8.91,-1.61,-0.99,0.90,-0.32,-0.65
-9.10,-1.80,-1.33,0.96,-0.51,-0.44
-9.08,-2.12,-2.40,0.63,-0.55,-0.01
-10.02,-2.89,-6.22,2.60,-0.12,-0.06
-8.95,-4.36,-2.46,2.87,0.42,0.04
-9.21,-3.97,-0.71,1.04,0.48,0.48
-8.86,-3.42,0.08,-1.11,0.46,0.93
-9.01,-2.50,0.11,-1.87,0.21,1.12
-8.83,-2.11,-0.26,-1.25,-0.04,0.99
-9.82,-2.32,-0.89,0.40,-0.22,0.59
-10.07,-3.18,-1.33,0.95,-0.02,0.16
-9.33,-3.32,-2.10,0.56,-0.00,-0.13
-9.39,-2.58,-2.20,-0.21,0.00,-0.23
-9.01,-2.44,-1.97,-0.59,0.02,-0.25
-9.22,-2.44,-1.53,-0.81,0.01,-0.25
-9.65,-2.43,-1.34,-0.88,0.05,-0.26
-9.79,-2.28,-1.43,-0.74,0.08,-0.32
-9.76,-2.20,-1.67,-0.45,0.11,-0.44
-9.54,-2.46,-1.70,-0.20,0.12,-0.66
-9.15,-2.50,-1.67,-0.15,0.08,-0.80
-8.97,-2.59,-1.81,-0.05,0.06,-0.76
-8.81,-2.86,-1.75,0.04,0.05,-0.58
-8.74,-3.38,-1.66,-0.10,0.08,-0.44
-8.83,-3.49,-1.65,-0.22,0.11,-0.47
-8.65,-3.89,-1.03,0.19,0.11,-0.57
-8.65,-4.63,-1.49,0.65,0.22,-0.75
-8.18,-4.84,-2.22,1.48,0.34,-0.75
-7.63,-5.43,-1.27,0.93,0.07,-0.70
-7.45,-4.86,-1.48,0.63,-0.20,-0.48
-7.64,-6.12,-1.28,0.31,-0.29,-0.44
-7.27,-5.17,-1.13,0.00,-0.26,-0.18
-7.46,-5.45,-1.29,-0.44,-0.23,0.05
-7.75,-5.96,-1.20,-0.19,-0.28,0.02
-7.82,-6.34,-1.35,0.30,-0.16,-0.17
-7.62,-6.71,-1.21,0.74,-0.12,-0.30
-8.01,-7.56,0.20,1.48,-0.19,-0.58
-8.15,-9.46,0.72,2.27,-0.45,-1.24
-7.44,-10.47,2.85,0.84,-1.12,-2.01
-6.10,-9.70,4.19,0.60,-1.76,-2.53
-3.90,-8.94,3.08,0.12,-1.89,-2.60
-2.38,-7.99,2.86,-0.03,-1.83,-2.24
-2.20,-7.40,2.18,-0.32,-1.64,-1.73
-2.66,-8.34,0.75,-0.06,-1.46,-1.33
-1.87,-8.84,0.99,-1.34,-0.46,-1.20
0.21,-8.28,3.42,-0.71,-0.81,-0.53
0.81,-7.15,1.44,-0.59,-1.20,-0.02
1.47,-10.42,3.32,-0.93,-1.27,-0.12
-0.29,-6.63,-1.40,-0.84,-0.58,-0.29
0.79,-9.33,0.81,0.83,-0.48,-0.24
0.16,-8.33,0.61,-0.16,-0.22,0.07
0.89,-9.27,1.04,0.20,-0.11,0.14
1.95,-9.31,0.67,0.67,0.13,0.06
0.88,-11.17,1.36,0.08,0.19,-0.25
0.61,-8.64,1.27,0.53,0.34,-0.30
2.52,-9.26,7.29,-0.30,-0.46,-0.13
1.83,-9.97,0.88,-1.72,-0.98,-0.21
1.08,-12.91,-2.18,-1.14,-0.67,-0.42
0.88,-9.18,-1.72,-1.80,-0.35,-0.37
1.66,-9.34,-1.18,-1.20,-0.60,-0.22
1.81,-9.82,-1.50,-0.19,-0.32,-0.35
2.19,-8.29,-2.22,-0.31,-0.11,-0.40
2.48,-8.65,-2.08,0.18,-0.07,-0.27
2.36,-8.99,-1.67,0.19,-0.06,-0.11
1.77,-9.35,-4.17,0.10,0.17,-0.04
1.84,-10.51,-4.84,0.02,1.06,-0.28
4.15,-10.87,-2.23,-1.74,1.79,-0.66
3.84,-6.53,0.66,-1.68,1.71,-0.39
3.80,-7.47,0.91,-0.83,0.50,0.20
2.10,-5.40,-1.33,1.53,0.13,0.66
2.90,-10.38,1.83,1.98,-0.12,0.76
3.34,-9.54,4.25,1.10,-0.75,0.84
3.44,-16.64,1.56,-1.20,-1.21,0.17
-0.50,-7.31,-10.87,-2.69,0.19,-0.25
2.54,-13.88,-4.88,-4.37,0.79,-0.85
6.42,-10.24,-1.63,-4.37,0.45,-1.60
2.53,2.93,-5.15,-4.37,0.24,-1.13
3.91,1.22,-8.81,-1.52,0.13,0.07
3.65,0.37,-7.47,-0.39,-0.44,0.27
3.60,4.16,-10.11,1.59,-0.38,0.97
1.59,0.88,-7.94,3.78,-0.12,1.72
1.77,-3.05,-5.51,4.37,-0.05,1.80
1.03,-6.67,-2.83,4.37,0.20,1.33
3.75,-4.23,5.46,4.37,0.01,0.95
0.11,-15.52,11.11,4.37,-0.95,0.10
1.50,-11.25,3.08,1.93,-0.23,-0.50
0.72,-7.51,4.08,1.35,0.36,-0.20
1.80,-5.65,7.45,1.55,0.54,0.02
2.56,-1.15,7.32,2.13,0.36,0.60
1.36,-1.21,11.05,4.37,-0.23,1.26
-0.18,-2.41,13.59,4.37,-0.46,1.97
-0.67,-8.98,14.60,4.37,-0.65,1.45
0.62,-10.46,14.08,0.99,-0.91,0.02
2.00,-2.81,10.82,-1.51,-0.98,-0.37
3.17,-2.83,11.20,-4.37,-1.10,-0.34
5.74,-6.04,16.00,-4.37,-2.07,-0.23
3.69,-2.46,3.28,-4.37,-2.12,-0.73
2.74,-1.95,-5.28,-4.37,0.52,-0.53
6.11,-4.82,-7.30,-4.37,1.47,-0.37
6.09,2.27,-6.17,-4.37,1.10,0.48
3.47,4.23,-6.44,-0.52,0.33,1.78
2.82,5.44,1.36,4.37,-1.25,1.85
2.73,-4.33,12.30,4.37,-0.67,1.53
2.04,-11.52,16.89,4.37,-0.28,1.14
2.04,-13.11,9.98,3.30,0.30,0.08
4.04,-7.74,6.74,2.27,0.13,0.19
3.50,-3.39,8.58,3.18,-0.09,1.17
3.04,-3.87,8.69,2.22,0.03,1.66
2.93,-5.41,10.31,-0.10,-0.03,1.29
3.40,-7.95,10.55,-2.87,-0.66,0.89
4.10,-10.39,9.24,-4.37,-0.98,0.23
4.70,-8.55,6.03,-4.37,-1.30,-0.43
2.50,-7.01,-1.22,-4.37,-0.82,-0.62
2.45,-4.45,-4.75,-3.50,-0.00,-0.27
2.64,-3.99,-3.19,-0.47,0.15,0.50
0.76,-7.79,-2.14,-0.53,0.37,0.78
0.67,-8.15,-2.55,0.54,0.74,0.77
0.93,-7.32,-1.05,1.91,0.86,0.97
2.09,-9.68,0.70,1.38,0.73,1.06
2.00,-10.40,0.25,0.06,0.36,1.35
1.35,-10.19,-0.93,0.80,0.40,1.08
1.63,-9.83,0.92,1.94,0.25,0.80
0.26,-10.51,0.74,1.45,0.20,0.92
-0.37,-10.32,1.01,1.15,0.34,0.81
-0.71,-10.16,1.85,0.97,0.34,0.73
-0.80,-9.44,1.62,-0.11,0.14,0.93
-0.79,-7.82,0.10,-0.00,0.20,1.44
-7.28,-3.92,-2.13,-4.37,-0.55,3.73
-11.19,-2.00,-3.72,-3.20,-1.83,3.97
-13.62,-2.42,-4.80,-0.97,-1.62,3.12
-12.21,-2.69,-2.91,-0.94,-0.92,1.76
-10.63,-1.55,-1.84,-1.69,-0.42,0.45
-9.51,-0.55,-1.79,-1.08,0.06,-0.35
-8.57,-0.25,-2.02,0.42,0.43,-0.78
-8.50,-0.36,-2.10,1.80,0.40,-0.76
-9.26,0.17,-2.67,1.75,0.46,-0.27
-9.42,0.78,-3.40,2.20,0.58,0.01
-8.97,-0.61,-3.30,2.47,0.10,-0.05
-8.89,-1.80,-2.28,1.34,-0.15,0.04
-8.92,-2.03,-1.77,-0.25,-0.28,0.23
-9.71,-1.96,-1.68,-0.91,-0.35,0.31
-9.98,-1.79,-1.77,-1.08,-0.25,0.22
-10.05,-1.17,-1.93,-1.38,-0.13,-0.02
-9.69,0.06,-2.05,-1.42,0.15,-0.22
-9.12,1.00,-2.29,-1.01,0.37,-0.17
-9.43,1.15,-2.58,0.49,0.38,-0.02
-9.67,0.26,-2.05,2.41,0.39,-0.04
-9.10,-0.99,-1.28,3.10,0.30,-0.07
-8.77,-1.92,-0.92,2.30,0.08,0.11
-8.77,-2.06,-1.49,1.04,-0.11,0.42
-9.42,-2.18,-2.38,0.78,-0.31,0.56
-9.82,-2.54,-2.85,0.54,-0.28,0.54
-10.05,-2.04,-2.73,-0.88,-0.24,0.52
-10.14,-0.84,-2.40,-1.85,-0.09,0.31
-9.63,0.26,-2.29,-1.67,0.17,0.16
-9.13,1.24,-2.49,-0.19,0.40,0.07
-8.76,0.88,-2.28,1.96,0.47,0.01
-8.88,-0.45,-1.80,2.71,0.42,0.06
-8.86,-1.04,-2.89,1.74,0.35,0.21
-8.44,-0.39,-2.38,1.26,0.51,0.40
-7.92,-0.55,-2.69,2.13,0.10,0.36
-8.50,-1.65,-2.86,2.18,-0.28,0.25
-9.82,-2.53,-2.59,0.82,-0.33,0.23
-9.59,-2.11,-2.97,-0.33,-0.13,0.06
-9.00,-1.28,-2.57,-0.55,-0.27,-0.09
-9.53,-1.06,-2.97,-0.33,-0.24,-0.06
-9.41,-0.56,-3.17,0.28,-0.04,0.01
-9.41,-1.37,-1.90,0.20,-0.18,-0.05
-9.35,-0.99,-1.34,-0.35,-0.21,-0.16
-9.42,-0.42,-0.79,-0.29,-0.07,-0.12
-9.43,-0.65,-0.22,1.05,0.04,-0.02
-9.52,-0.94,0.58,2.61,-0.16,0.16
-9.61,-1.00,1.63,3.04,-0.43,0.41
-10.49,-1.66,1.71,3.11,-0.51,0.35
-10.50,-2.30,-0.15,3.01,-0.14,0.04
-10.52,-1.57,-0.29,2.07,-0.11,0.24
-10.24,-1.88,0.48,1.66,-0.37,0.24
-10.09,-1.75,0.93,1.40,-0.45,0.04
-9.10,-2.26,1.56,1.87,-0.39,-0.35
-8.51,-2.76,1.67,1.49,-0.26,-0.48
-8.54,-2.55,2.68,1.34,-0.15,-0.44
-8.93,-2.44,3.07,0.96,-0.16,-0.29
-9.55,-2.48,1.37,0.18,-0.34,0.01
-11.01,-2.57,0.19,0.28,-0.33,-0.04
-11.70,-2.73,1.38,-0.18,-0.57,-0.14
-11.52,-2.61,3.68,-0.82,-0.82,-0.29
-10.79,-2.24,3.89,-0.81,-0.91,-0.32
-9.21,-1.67,5.08,0.66,-1.11,-0.45
-8.25,-3.28,3.95,-0.13,-0.99,-0.30
-6.90,-2.10,4.50,0.90,-0.96,-0.61
-5.41,-3.18,1.56,-0.81,-0.08,-0.94
-4.41,-3.22,2.93,-4.29,0.33,-0.50
-7.68,-0.52,3.93,-2.36,-0.39,0.13
-10.83,-6.17,6.37,3.20,-0.60,0.12
-8.20,-7.17,3.73,0.67,-0.14,0.02
-7.26,-5.99,1.73,-0.71,0.03,0.03
-6.90,-3.24,1.97,-2.04,0.35,-0.04
-7.58,-3.54,3.76,-1.01,0.28,-0.00
-6.79,-2.28,3.56,-1.16,-0.09,0.30
-6.77,-2.97,4.50,-0.04,-0.29,0.29
-7.11,-1.75,3.20,-0.00,-0.49,0.64
-7.32,-5.99,5.93,2.06,-0.68,0.04
-9.62,-8.92,4.29,0.71,-0.48,-0.47
-10.78,-4.58,0.34,0.26,0.20,-0.63
-10.98,-6.10,3.44,0.33,0.32,-0.45
-10.73,-4.70,2.23,0.05,0.04,-0.21
-8.32,-5.03,3.60,-0.23,-0.28,0.20
-6.68,-4.47,4.16,-0.30,-0.54,0.33
-6.54,-3.53,2.91,-0.28,-0.52,0.32
-3.17,-3.28,1.48,-1.17,0.07,0.19
-1.28,-0.37,2.50,-0.46,-0.08,0.32
-6.99,-5.81,1.46,1.52,-0.15,0.40
-10.19,-7.27,4.69,-0.17,1.13,-0.63
-6.44,-7.27,5.57,-0.05,0.91,-1.44
-7.45,-5.36,5.15,-2.06,-0.07,-1.04
-6.21,-3.35,4.24,-2.00,-0.95,-0.52
-10.97,-4.90,0.36,-1.76,-0.57,-0.27
-8.12,-7.36,4.07,-0.76,-0.18,-0.42
-7.79,-5.78,1.30,-1.95,-0.35,-0.17
-8.36,-7.04,0.60,-1.20,-0.33,-0.46
-7.33,-6.94,0.57,-0.77,0.03,-0.31
-6.41,-8.08,0.84,-0.37,0.18,-0.32
-7.38,-7.47,-0.68,0.69,0.57,-0.58
-7.80,-8.83,0.33,2.31,0.79,-0.91
-6.13,-6.46,0.43,1.55,0.78,-0.81
-5.98,-6.07,2.06,2.33,0.54,-0.54
-4.07,-6.77,0.14,1.65,1.10,-0.04
-4.02,-4.54,4.05,0.66,0.43,0.31
-7.15,-3.70,1.94,1.79,0.10,1.01
-8.01,-6.15,5.36,2.46,0.68,1.05
-8.14,-10.02,7.44,1.64,0.58,1.05
-7.43,-7.18,5.27,-2.60,-0.27,1.08
-7.57,-8.12,3.18,-0.75,-0.84,0.01
-5.20,-7.10,1.17,-1.76,-0.19,-0.69
-3.01,-1.34,-1.15,-0.23,0.67,-0.72
-4.50,1.07,3.42,4.37,0.91,0.19
-7.41,2.07,5.14,2.51,0.84,1.59
-13.26,0.62,5.32,2.64,1.10,2.08
-14.90,-2.32,8.73,2.83,1.12,1.11
-12.79,-1.67,6.88,2.70,0.06,0.59
-12.49,-1.64,3.00,2.74,0.67,0.12
-10.52,1.78,3.52,1.98,1.40,1.09
-7.71,-2.48,5.31,1.13,1.98,1.49
-4.51,-3.08,6.11,-0.52,1.80,1.34
-1.68,-8.31,5.67,-1.59,1.03,-0.08
-4.89,-2.87,4.32,-2.52,0.44,-0.73
-7.98,-3.78,5.98,0.21,0.23,-1.39
-15.34,-2.17,7.50,-1.92,-1.09,-1.57
-14.88,0.71,1.78,-1.02,-1.40,-1.76
-13.65,-3.12,1.09,-1.14,-1.45,-1.92
-11.18,-1.76,3.30,-4.37,-1.42,-1.24
-8.38,0.23,3.42,-4.37,-1.49,-1.04
-7.49,0.61,3.08,-3.36,-1.27,-0.15
-8.92,-0.08,2.50,-1.42,-0.67,0.68
-10.74,-2.39,1.84,-0.36,0.12,1.13
-10.82,-2.59,1.36,-0.51,0.74,1.18
-9.70,-2.55,0.29,0.01,0.46,1.16
-9.25,-3.58,-0.52,0.85,0.07,0.93
-9.97,-4.81,-0.14,0.41,0.18,0.45
-9.86,-5.70,0.63,-0.45,0.24,-0.20
-11.23,-7.16,0.06,-0.63,0.46,-1.03
-10.82,-8.48,0.72,-0.38,0.73,-2.26
-9.78,-10.83,0.89,0.81,0.41,-3.54
-8.08,-12.82,3.19,0.13,-0.32,-4.37
-6.07,-13.57,4.37,0.30,-1.55,-4.37
-4.11,-13.18,5.42,-0.85,-3.04,-4.37
-3.31,-9.90,5.00,-1.58,-3.93,-4.37
-2.15,-5.41,2.70,-0.80,-4.27,-4.37
-0.06,-3.48,1.83,-0.09,-4.14,-3.83
0.76,-3.23,-1.25,0.82,-3.20,-1.98
1.61,-3.79,-3.33,-0.19,-2.03,-0.36
2.76,-7.53,-3.09,0.41,-1.29,0.26
3.10,-8.59,-4.85,-1.22,-0.36,0.21
4.25,-8.00,-5.06,-0.52,0.21,0.04
5.62,-5.78,-4.91,-0.28,0.42,-0.00
5.44,-5.44,-4.69,0.05,0.36,0.13
4.54,-6.31,-3.62,0.93,0.18,0.32
5.38,-8.27,-4.96,0.39,0.30,0.08
5.13,-7.21,-4.13,-0.00,0.46,-0.08
4.74,-6.87,-4.67,-0.18,0.65,0.02
6.35,-5.82,-4.19,1.05,0.49,0.39
8.61,-7.96,-0.69,0.41,-0.12,0.21
5.65,-6.53,-2.81,1.44,-0.54,0.39
6.96,-11.75,-3.31,0.68,-0.63,-0.20
7.82,-7.87,-3.11,-3.03,-0.44,-0.32
6.12,-4.50,-4.76,-2.71,-0.54,-0.32
4.39,-5.60,-4.94,-0.92,-0.50,-0.11
3.53,-8.18,-4.62,-0.86,-0.20,-0.30
2.44,-5.27,-5.56,-0.63,0.23,-0.19
2.68,-4.87,-5.88,1.08,0.72,0.26
6.14,-6.34,-4.53,2.25,0.85,0.46
6.27,-4.61,-4.27,2.73,0.65,0.60
6.85,-9.23,-1.36,3.18,0.34,0.81
6.52,-9.08,-1.24,0.29,-0.13,0.52
6.25,-8.12,-1.47,-0.12,-0.56,0.48
5.81,-11.32,-2.24,-1.98,-0.49,-0.21
5.31,-6.91,-3.20,-3.07,-0.47,-0.42
3.45,-6.24,-4.88,-1.30,-0.17,-0.36
2.41,-7.12,-5.60,-1.49,0.17,-0.33
3.61,-4.65,-4.75,-0.10,0.56,-0.04
4.85,-6.88,-4.54,1.28,0.69,0.15
5.97,-5.88,-4.57,0.99,0.64,0.15
3.22,-5.38,-5.21,2.11,0.81,0.62
4.36,-6.52,-1.18,3.22,0.94,1.18
5.82,-11.36,-0.48,2.04,1.09,0.83
8.88,-9.45,1.09,0.44,0.80,0.44
7.60,-9.84,0.14,-0.19,-0.11,0.10
6.39,-9.11,0.46,-0.36,-0.61,-0.21
4.72,-8.85,0.18,-0.26,-0.86,-0.31
4.36,-8.88,-0.90,-0.07,-0.94,-0.38
4.76,-6.40,-1.82,0.13,-0.62,-0.11
5.69,-8.72,-1.99,-0.77,-0.61,0.17
2.94,-6.75,-1.78,0.21,-0.05,0.05
2.43,-6.39,-1.96,0.49,0.36,0.30
3.52,-7.70,0.07,1.36,0.78,0.57
4.47,-11.05,0.26,1.64,0.81,0.17
5.95,-9.04,1.27,1.07,0.71,-0.08
6.35,-9.95,3.20,0.93,0.11,-0.19
6.11,-9.66,2.21,0.20,-0.50,-0.26
6.01,-9.36,2.32,-0.34,-0.79,-0.37
5.04,-8.66,0.49,-0.67,-0.89,-0.29
5.55,-6.98,1.30,-0.78,-0.93,-0.22
6.72,-5.30,0.28,-3.95,-1.30,0.37
3.19,-8.18,-5.41,-1.39,-0.90,0.20
8.35,-10.40,-3.74,-2.19,-0.76,-0.24
9.59,-9.32,-3.25,-1.97,-1.25,-0.75
5.12,-6.02,-4.28,-1.25,-2.24,-0.65
3.64,-7.92,-5.49,1.11,1.48,-0.15
5.62,-7.97,-4.99,1.40,1.17,0.20
7.49,-8.78,-4.57,1.29,1.03,0.56
10.18,-10.69,-3.13,0.28,0.13,0.52
11.01,-9.32,-4.44,0.25,-1.14,0.58
9.08,-9.21,-1.56,-1.16,-2.07,0.56
5.00,-6.29,-0.53,-1.24,-3.11,0.81
-0.47,-9.83,-5.62,-3.51,-3.01,0.34
-1.44,-2.18,-5.22,-2.38,-1.42,0.38
-1.78,-5.02,-5.01,-0.50,-0.85,-0.01
-1.84,-4.53,-7.26,0.52,0.04,-0.46
-0.12,-6.32,-7.60,0.90,0.55,-0.45
0.72,-6.50,-7.73,0.07,0.75,-0.42
1.58,-5.58,-7.18,1.18,1.02,-0.25
2.48,-5.73,-5.80,0.50,1.07,-0.29
2.88,-6.94,-6.49,0.67,1.18,-0.13
6.65,-7.67,-6.69,0.14,0.66,-0.06
6.67,-9.19,-7.58,-0.21,0.03,0.19
6.18,-8.41,-5.77,-0.67,-0.96,0.55
5.12,-6.16,-6.82,-1.04,-1.61,0.74
2.81,-4.75,-5.99,0.05,-1.85,0.86
-0.54,-6.72,-4.24,-0.56,-1.84,0.43
-3.84,-4.14,-5.08,-0.73,-1.33,-0.02
-2.92,-4.11,-7.41,0.19,-0.33,-0.39
0.07,-6.65,-8.44,0.94,0.11,-0.44
1.43,-9.12,-7.85,-0.15,0.02,-0.57
0.53,-5.77,-8.05,-0.79,-0.25,-0.36
-0.93,-7.22,-7.89,-0.39,-0.23,-0.06
0.49,-6.10,-7.89,-0.61,0.16,0.03
0.25,-5.73,-7.69,-0.86,-0.16,-0.07
-1.97,-3.38,-7.17,0.36,0.38,-0.10
0.41,-6.55,-7.99,0.80,0.74,-0.25
1.52,-5.40,-7.86,0.78,0.56,-0.23
1.35,-7.93,-8.78,0.41,0.49,-0.05
2.79,-6.37,-7.62,-0.68,0.20,-0.02
3.16,-6.53,-7.53,-0.80,-0.06,0.00
2.43,-3.88,-7.24,-0.17,-0.57,0.26
1.55,-6.56,-7.10,0.37,-0.81,0.28
0.21,-6.82,-7.29,-0.12,-1.01,0.22
-0.74,-5.43,-6.45,-0.40,-0.75,-0.02
-1.59,-4.43,-9.55,-0.76,-0.23,-0.07
-0.27,-6.37,-7.42,0.56,0.00,-0.36
0.18,-6.02,-8.46,-0.22,-0.06,-0.61
-0.05,-5.66,-9.04,-0.15,-0.25,-0.47
0.35,-4.20,-9.00,-0.18,-0.15,-0.27
0.38,-3.30,-7.29,0.26,-0.23,0.09
-1.51,-4.97,-7.58,0.79,-0.36,0.58
-0.79,-8.80,-7.38,-0.04,-0.25,0.39
-0.82,-4.12,-8.77,-0.85,-0.06,0.36
-1.03,-5.99,-8.70,0.42,0.12,0.43
-0.39,-8.29,-8.04,-0.30,0.24,-0.02
-0.76,-2.61,-9.00,-0.54,0.17,0.18
0.35,-6.50,-7.51,0.04,0.24,0.03
0.35,-4.16,-7.77,0.48,0.16,-0.10
0.24,-6.05,-8.24,-0.41,0.16,-0.41
-0.28,-4.42,-9.03,0.25,-0.08,-0.09
-1.06,-4.18,-8.88,0.31,-0.14,0.09
-1.08,-7.77,-7.95,0.02,0.39,-0.08
-1.41,-3.00,-7.72,-0.66,0.47,0.26
-1.37,-2.64,-8.98,1.46,0.61,0.73
-2.87,-6.28,-5.64,1.94,1.59,0.68
2.27,-7.92,-5.66,0.99,1.86,-0.02
3.25,-8.00,-6.13,0.12,1.88,-0.40
6.74,-6.59,-5.35,0.21,1.04,-0.36
6.45,-7.60,-5.77,-0.54,-0.13,-0.50
3.01,-6.79,-7.62,0.61,-0.50,-0.57
0.95,-6.62,-7.15,0.81,-0.43,-0.53
-1.04,-5.44,-6.49,0.82,0.35,-0.37
-0.10,-6.27,-5.96,1.12,1.32,-0.25
3.95,-6.96,-3.56,1.58,1.56,-0.15
4.02,-10.05,-4.23,0.78,1.56,-0.41
5.11,-6.03,-1.48,0.38,1.38,-0.14
4.37,-8.42,-4.25,1.88,1.10,0.19
6.25,-9.93,-1.84,1.74,1.38,-0.05
10.26,-9.72,0.59,0.84,0.56,-0.11
8.99,-9.74,-0.23,-0.37,-0.74,-0.05
5.12,-10.17,-0.71,-2.06,-1.06,-0.14
2.94,-7.61,-2.66,-3.30,-0.83,-0.67
1.49,-2.63,-5.01,0.08,-0.13,0.04
3.00,-9.73,-3.29,0.25,0.47,-0.08
3.07,-4.81,-2.87,-1.19,0.98,-0.02
6.17,-5.32,-4.77,1.99,1.07,0.51
6.37,-9.66,-1.73,1.55,1.15,0.11
7.18,-8.73,-2.15,0.17,0.76,0.13
4.49,-8.58,-2.51,-1.27,1.04,0.34
9.75,-11.43,2.32,-1.17,0.47,-0.15
8.88,-7.46,-2.12,-3.26,-0.68,-0.70
6.54,-5.04,-4.47,-2.41,-0.89,-0.77
4.10,-4.80,-5.37,-1.02,-0.90,-0.28
2.84,-7.08,-5.25,0.32,-0.31,-0.18
3.82,-5.10,-5.06,1.04,0.21,-0.03
5.51,-7.26,-5.00,0.49,0.56,-0.26
6.91,-3.48,-4.51,1.69,0.59,0.00
5.45,-5.42,-2.90,3.33,0.51,0.51
7.86,-9.34,-1.95,1.81,-0.04,0.74
7.57,-10.69,-0.31,-1.02,-0.24,0.41
7.44,-8.06,-3.04,-3.24,-0.53,-0.18
6.28,-7.87,-3.36,-3.34,-0.74,-0.67
3.48,-2.39,-7.57,-1.22,-0.50,-0.20
5.37,-6.77,-4.70,-0.14,-0.26,-0.23
3.81,-5.36,-5.79,-0.08,-0.18,-0.21
3.19,-4.81,-6.07,0.40,0.15,0.05
4.40,-6.76,-4.70,0.96,0.48,-0.02
5.60,-4.30,-4.36,1.58,0.60,0.17
5.10,-6.72,-3.57,2.55,0.65,0.47
5.42,-9.18,-3.62,1.59,0.59,0.41
6.67,-10.21,-3.35,0.29,0.89,-0.04
4.21,-5.96,-1.54,0.55,0.85,-0.11
9.29,-8.15,0.20,0.41,0.59,-0.49
9.52,-7.58,-0.53,-0.57,0.43,-0.13
10.01,-8.58,-0.22,-2.88,-0.41,-0.18
6.76,-7.12,-4.93,-2.62,-1.02,-0.57
6.12,-5.10,-4.58,-2.29,-1.02,-0.64
3.62,-4.62,-6.11,-0.62,-0.52,-0.33
4.14,-5.67,-5.09,0.11,0.04,-0.21
4.82,-4.95,-5.03,0.53,0.35,-0.14
5.64,-4.13,-4.62,1.54,0.50,0.13
5.72,-4.77,-5.40,2.94,0.57,0.61
7.04,-7.92,-1.09,2.81,0.95,0.51
10.37,-6.55,-1.13,1.99,0.00,0.44
9.17,-10.82,0.04,2.24,-0.71,0.25
7.67,-9.02,-0.45,0.47,-1.13,-0.05
6.71,-7.38,-0.12,1.89,-1.32,0.02
6.11,-8.14,0.34,0.58,-1.52,0.17
4.35,-6.81,-0.56,0.51,-1.21,0.35
3.80,-7.02,-0.91,0.43,-0.80,0.34
2.74,-7.10,-0.56,0.23,-0.27,0.31
3.52,-8.57,-1.12,0.33,0.24,0.15
4.25,-8.55,-0.98,-0.25,0.66,-0.10
4.31,-7.84,-1.04,-0.22,0.90,-0.30
7.13,-8.03,0.33,1.02,0.85,-0.47
9.14,-8.61,1.76,-0.26,0.04,-0.34
7.88,-7.74,1.18,-0.04,-0.53,-0.10
8.01,-7.62,0.45,-0.00,-1.09,0.16
7.34,-8.81,0.50,1.40,-1.55,0.36
3.56,-7.61,-2.26,0.38,-1.31,0.32
2.48,-6.99,-1.16,0.84,-0.32,0.35
3.26,-7.69,-0.24,0.39,0.43,0.18
4.76,-8.12,0.52,0.07,0.48,-0.12
5.11,-7.74,-0.23,0.29,0.64,-0.39
4.70,-7.74,1.06,0.95,0.72,-0.47
6.61,-7.95,1.49,0.26,0.65,-0.32
7.15,-8.09,1.39,0.31,0.51,-0.15
7.88,-8.95,1.70,0.06,0.32,-0.12
7.88,-9.04,2.91,-0.35,-0.21,-0.21
6.35,-7.71,1.43,-0.54,-0.42,-0.17
5.47,-7.07,1.37,-0.53,-0.30,-0.05
6.13,-7.25,1.96,-0.76,-0.32,0.09
6.11,-7.47,1.04,-0.72,-0.48,-0.03
5.03,-7.38,-0.77,-0.54,-0.36,-0.00
5.38,-6.68,-0.26,-0.06,-0.19,0.03
6.12,-6.89,-0.09,0.70,-0.13,0.09
5.79,-7.76,0.19,0.84,-0.08,0.10
5.93,-8.02,0.17,0.44,-0.06,-0.10
6.01,-8.44,0.87,0.56,-0.08,-0.13
5.67,-8.35,0.01,0.18,0.00,-0.20
5.81,-8.51,1.63,-0.52,0.02,-0.33
4.29,-8.11,0.02,-1.42,0.23,-0.32
4.88,-10.54,0.05,-4.07,0.79,-0.56
4.88,-8.47,1.22,-4.37,1.36,-0.42
7.58,-4.45,-2.70,-4.37,1.31,-0.15
11.16,-3.06,-6.60,-4.37,1.19,-0.18
12.33,-0.26,-6.74,-4.37,0.76,-0.71
12.03,1.03,-5.13,-4.23,0.15,-1.78
10.13,3.45,-2.34,-4.37,-0.65,-2.77
7.08,7.69,-1.50,-4.37,-0.76,-2.78
5.56,5.96,-3.93,-1.09,-0.59,-2.41
4.95,6.01,-1.94,-0.50,-0.78,-2.29
4.29,10.03,-2.70,0.01,-0.94,-2.09
2.24,7.64,-2.93,1.21,0.06,-1.91
1.47,8.99,-2.03,0.65,-0.49,-1.48
-0.92,7.32,-2.44,2.10,-0.18,-0.89
-1.50,8.52,-4.16,1.48,-0.04,-0.27
-1.25,5.28,-4.98,1.85,0.52,0.10
0.59,6.44,-6.07,-0.05,0.72,0.18
1.31,7.09,-6.62,-0.13,0.76,0.21
2.38,7.78,-6.51,-0.38,0.46,0.25
2.00,7.42,-6.11,-0.51,0.25,0.31
2.41,7.75,-5.68,-0.51,0.16,0.26
2.33,7.98,-5.57,-0.46,0.01,0.24
2.31,8.10,-5.75,-0.40,-0.16,0.17
3.09,8.75,-5.41,-0.31,-0.18,-0.04
2.62,8.42,-5.67,-0.08,-0.26,-0.14
1.87,8.06,-5.66,0.16,-0.37,-0.13
1.91,7.18,-5.94,-0.16,-0.35,-0.17
1.69,8.40,-5.52,0.05,-0.40,-0.03
2.70,8.31,-5.36,-0.37,-0.36,-0.21
1.27,9.07,-4.50,0.55,-0.29,-0.03
0.74,7.76,-4.28,0.46,-0.33,0.10
0.44,7.63,-3.85,-0.04,-0.10,0.32
0.97,7.18,-5.67,-0.52,0.28,0.48
1.08,8.17,-4.93,-0.76,0.31,0.63
1.33,7.71,-4.47,-1.03,0.34,0.67
0.14,7.39,-4.86,-1.11,0.29,0.97
1.81,8.01,-4.95,0.14,0.62,1.50
2.66,9.11,-4.46,1.54,0.53,2.47
2.03,6.70,-4.79,3.12,1.26,3.20
4.21,3.88,-2.00,3.22,1.75,4.26
6.05,1.83,-2.30,1.12,1.98,4.37
5.14,-0.14,-2.46,0.65,1.78,4.37
-12.39,-9.60,0.57,0.27,1.19,4.37
-17.64,-9.85,0.05,-2.23,1.00,4.37
-15.12,-6.69,-0.91,-2.34,0.77,4.37
-12.38,-5.71,-2.39,-0.40,-0.38,2.76
-11.55,-5.83,-3.06,-0.49,-0.64,1.35
-9.70,-4.78,-3.24,-0.94,-0.37,0.76
-8.33,-4.11,-3.35,-1.19,-0.09,0.67
-9.15,-3.21,-3.21,-1.33,0.16,0.59
-9.37,-1.79,-2.53,-0.41,0.60,0.15
-8.91,-0.75,-2.08,1.12,0.67,-0.52
-9.39,-0.68,-1.99,2.05,0.28,-0.98
-10.62,-0.77,-1.71,1.88,0.30,-1.09
-9.22,-0.56,-2.06,0.78,0.24,-0.87
-9.18,-0.36,-2.39,-0.31,-0.06,-0.53
-8.87,-0.05,-2.28,-0.97,-0.11,-0.11
-9.40,-0.21,-2.26,-1.06,-0.16,0.26
-9.24,-0.32,-2.63,-0.83,-0.08,0.43
-9.42,-0.44,-2.64,-0.31,-0.09,0.51
-9.38,-0.73,-2.60,0.16,-0.03,0.48
-9.07,-0.79,-2.79,0.30,0.07,0.42
-8.89,-0.54,-3.10,0.29,0.12,0.44
-8.95,-0.17,-3.07,0.51,0.19,0.49
-9.27,0.03,-2.97,0.85,0.30,0.44
-9.21,-0.20,-3.03,1.21,0.31,0.35
-9.00,-0.37,-2.79,1.25,0.33,0.29
-9.14,-0.49,-2.77,1.11,0.21,0.25
-8.89,-0.75,-2.88,0.75,0.18,0.24
-8.93,-0.81,-3.00,0.28,0.02,0.29
-9.00,-0.62,-2.94,0.07,-0.02,0.27
-9.48,-0.69,-3.11,0.13,-0.08,0.20
-9.42,-0.64,-3.29,0.13,-0.10,0.11
-9.74,-0.56,-3.58,-0.02,-0.02,0.06
-9.05,-0.19,-3.82,-0.04,-0.01,0.04
-9.18,-0.30,-3.74,0.03,0.05,0.09
-8.96,-0.31,-3.66,-0.06,0.13,0.09
-9.01,-0.40,-3.49,0.00,0.11,0.04
-8.93,-0.41,-3.41,-0.03,0.12,-0.03
-8.81,-0.31,-3.27,-0.05,0.11,-0.08
-8.80,-0.14,-3.14,-0.02,0.04,-0.11
-8.81,-0.18,-3.07,0.04,-0.01,-0.13
-9.02,-0.23,-3.23,-0.12,-0.09,-0.14
-9.01,-0.04,-3.46,-0.35,-0.15,-0.12
-8.95,0.26,-3.66,-0.37,-0.11,-0.07
-9.16,0.20,-3.81,-0.29,-0.09,-0.02
-9.04,0.11,-3.80,-0.20,-0.02,0.01
-9.24,0.01,-3.74,-0.16,0.04,-0.00
-9.09,-0.20,-3.62,-0.12,0.11,0.00
-8.96,-0.11,-3.27,-0.13,0.18,-0.07
-8.87,0.01,-3.11,0.08,0.13,-0.13
-8.82,-0.11,-2.99,0.11,0.06,-0.15
-8.88,-0.15,-3.28,-0.06,-0.01,-0.17
-8.85,-0.24,-3.51,-0.15,-0.08,-0.14
-9.04,-0.14,-3.62,-0.26,-0.02,-0.13
-9.03,0.01,-3.58,-0.13,-0.02,-0.12
-8.98,-0.06,-3.49,-0.08,0.01,-0.13
-8.91,0.01,-3.41,0.02,-0.03,-0.07
-8.80,-0.35,-3.53,-0.08,-0.05,-0.05
-9.01,-0.85,-3.92,-0.25,-0.08,-0.06
-9.15,-1.57,-4.31,-0.45,-0.08,-0.23
-9.76,-2.26,-4.99,-0.06,0.13,-0.79
-9.76,-4.14,-5.39,0.55,0.41,-1.58
-9.89,-5.70,-5.14,0.60,0.57,-2.39
-10.88,-7.59,-5.43,0.57,0.68,-3.29
-10.80,-9.03,-5.54,0.64,0.88,-4.23
-9.85,-11.18,-6.08,0.25,0.75,-4.37
-8.51,-12.05,-5.96,-0.52,0.78,-4.37
-6.13,-12.50,-5.95,-0.60,0.73,-4.37
-3.48,-11.60,-5.65,-1.03,0.62,-4.37
-0.67,-8.84,-5.24,-1.16,0.48,-4.37
2.28,-5.90,-3.34,-0.79,0.25,-4.37
3.54,-3.07,-1.69,-0.67,-0.20,-4.37
2.94,-0.85,-1.49,-0.21,-0.47,-3.90
2.99,0.95,-1.52,-0.41,-0.64,-3.26
2.95,2.27,-2.42,-0.35,-0.94,-2.66
2.21,3.24,-4.06,-0.15,-1.22,-2.14
2.09,3.70,-6.02,-0.39,-1.31,-1.71
1.69,5.04,-6.68,-0.38,-1.26,-1.30
1.81,4.75,-8.96,0.09,-1.19,-0.91
0.91,5.39,-9.72,0.37,0.05,-0.33
3.74,3.84,-8.09,0.79,0.58,-0.15
4.23,2.89,-7.74,0.17,0.46,-0.27
4.48,4.66,-7.89,-0.29,0.43,-0.34
4.41,5.96,-7.80,0.56,0.45,-0.07
4.76,4.15,-7.69,0.91,0.41,0.27
5.40,2.99,-7.86,0.62,0.28,0.42
5.77,2.45,-8.15,0.29,0.14,0.40
5.69,2.11,-8.11,0.19,0.10,0.17
5.63,2.91,-8.08,0.24,0.10,0.05
5.60,2.52,-7.95,0.32,0.07,0.03
5.68,2.28,-7.94,0.12,0.02,0.01
5.59,2.18,-7.93,-0.07,-0.01,-0.02
5.34,2.79,-7.92,-0.02,0.07,-0.17
5.26,2.56,-7.84,0.06,0.13,-0.28
5.45,2.78,-8.00,-0.06,0.08,-0.20
5.54,2.70,-7.99,-0.20,0.02,-0.06
5.55,3.43,-8.05,-0.09,-0.01,0.00
5.71,3.06,-8.06,-0.04,-0.05,0.03
5.87,3.21,-8.37,0.07,-0.11,0.15
6.15,3.52,-9.05,-0.30,-0.19,0.18
4.95,6.63,-9.08,-0.20,-0.03,0.12
3.18,6.07,-7.98,1.59,0.59,0.29
2.11,2.46,-7.21,1.78,1.21,0.88
2.73,0.81,-6.64,1.23,1.22,1.85
2.94,-0.94,-5.23,0.66,0.99,2.69
2.19,-2.74,-4.93,-0.01,0.67,3.45
2.21,-3.83,-4.61,-0.72,0.39,3.71
1.76,-5.32,-3.99,-0.44,0.17,3.67
1.39,-7.06,-3.95,0.87,0.22,3.46
1.05,-9.81,-4.03,1.80,0.73,3.17
0.94,-11.65,-4.02,0.89,1.57,2.97
0.91,-13.04,-3.94,-0.83,2.58,2.80
0.55,-10.06,-2.87,-0.18,3.16,3.44
-1.10,-11.86,0.12,1.75,3.53,3.72
-0.67,-14.60,2.60,1.90,3.89,3.36
0.74,-17.23,3.08,1.05,3.99,2.30
4.92,-15.15,2.06,-0.06,4.01,1.20
11.42,-14.45,1.20,1.09,2.69,0.31
14.68,-12.63,2.05,-0.80,0.34,-0.55
12.17,-11.12,2.59,-1.04,-2.13,-1.20
7.95,-11.37,3.74,-1.84,-3.49,-2.05
4.85,-11.81,4.55,-1.02,-4.12,-2.77
3.11,-14.49,5.47,-0.66,-4.37,-3.37
1.72,-14.73,5.07,-0.38,-4.37,-3.97
1.52,-16.21,4.57,0.30,-4.37,-4.34
0.60,-16.82,3.80,0.46,-4.37,-4.37
0.26,-16.62,3.10,0.39,-4.37,-4.37
-0.44,-16.45,1.84,0.16,-4.37,-4.37
-1.17,-15.37,0.14,-0.10,-4.37,-4.37
-1.58,-14.37,-1.45,-0.10,-4.37,-4.37
-2.26,-12.98,-2.85,-0.11,-4.11,-4.37
-3.69,-11.62,-4.19,-0.51,-3.44,-4.04
-4.80,-9.54,-5.55,-0.24,-2.58,-3.47
-5.90,-8.40,-6.24,-0.11,-1.94,-2.64
-7.88,-7.41,-7.37,-0.31,-1.41,-1.69
-9.08,-6.12,-7.92,-0.48,-0.73,-0.77
-8.75,-4.29,-8.10,-0.67,0.07,0.35
-7.42,-3.38,-7.52,-0.01,0.98,1.53
-5.33,-4.57,-6.35,0.64,1.92,2.65
-2.78,-5.84,-4.89,0.48,2.74,3.48
-0.24,-7.76,-3.97,0.78,3.17,3.88
0.44,-8.74,-3.21,0.71,3.44,3.64
1.52,-8.80,-2.78,0.75,3.68,3.33
1.79,-8.19,-2.22,1.24,3.79,3.23
2.54,-9.07,-1.53,1.57,3.80,3.27
2.55,-9.26,-0.99,1.77,3.82,3.35
2.00,-8.91,0.53,1.19,3.44,3.72
1.24,-8.10,0.74,1.84,2.94,4.24
-1.19,-8.77,1.83,1.81,2.21,4.37
-4.58,-11.01,0.52,1.63,1.28,4.37
-7.38,-10.65,-0.27,1.18,0.70,4.37
-11.45,-10.92,-1.70,3.73,0.41,4.37
-11.63,-12.99,-0.01,2.70,0.98,3.44
-9.41,-10.07,-0.06,0.82,0.44,2.60
-9.00,-8.93,-0.90,0.64,-0.09,1.88
-8.32,-7.63,-0.84,-0.28,-0.00,1.31
-8.35,-6.02,0.08,-1.52,-0.14,0.74
-9.59,-4.23,0.64,-2.18,-0.22,0.21
-9.65,-2.71,0.59,-2.32,-0.25,-0.33
-9.92,-1.43,0.43,-1.88,-0.20,-0.77
-9.30,-1.06,0.04,-1.37,-0.21,-0.90
-9.14,-1.17,0.19,-1.20,-0.24,-0.57
-8.84,-1.83,0.20,-1.40,-0.45,-0.23
-9.24,-1.66,0.42,-1.99,-0.54,-0.24
-9.75,-1.45,-0.12,-2.58,-0.48,-0.29
-9.83,-1.03,-0.86,-2.58,-0.25,-0.27
-9.75,-0.62,-1.09,-1.91,-0.03,-0.17
-9.72,-0.79,-0.72,-0.82,0.13,-0.09
-9.75,-1.15,-0.68,0.10,0.15,-0.06
-9.40,-1.54,-0.63,0.60,0.13,-0.05
-8.93,-1.88,-0.59,0.59,-0.02,0.03
-8.94,-2.08,-0.71,0.26,-0.16,0.19
-9.03,-2.16,-0.80,-0.12,-0.24,0.40
-9.15,-2.29,-1.03,-0.34,-0.29,0.57
-9.37,-2.27,-1.15,-0.40,-0.29,0.57
-9.77,-2.12,-1.42,-0.14,-0.23,0.41
-9.91,-2.26,-1.77,0.44,-0.06,0.12
-9.75,-2.54,-1.62,0.48,0.02,-0.08
-9.55,-2.34,-1.30,-0.01,0.06,-0.14
-9.39,-2.10,-1.12,-0.33,0.10,-0.16
-9.39,-1.91,-0.94,-0.22,0.10,-0.19
-9.41,-1.96,-0.89,-0.02,0.10,-0.21
-9.43,-1.99,-0.85,0.01,0.05,-0.23
-9.42,-1.92,-0.84,-0.07,0.00,-0.25
-9.41,-1.83,-0.91,-0.15,-0.05,-0.24
-9.40,-1.76,-0.99,-0.19,-0.07,-0.18
-9.28,-1.66,-1.05,-0.16,-0.06,-0.09
-9.35,-1.62,-1.22,-0.06,-0.05,0.02
-9.40,-1.76,-1.38,0.26,-0.01,0.07
-9.39,-2.10,-1.33,0.45,0.06,0.08
-9.32,-2.21,-1.16,0.23,0.08,0.12
-9.28,-2.13,-1.14,0.09,0.07,0.16
-9.27,-2.09,-1.11,0.09,0.06,0.17
-9.32,-2.10,-1.07,0.14,0.03,0.16
-9.32,-2.15,-1.08,0.08,0.00,0.14
-9.34,-2.11,-1.10,0.02,-0.01,0.10
-9.47,-2.05,-1.20,0.05,-0.01,0.03
-9.45,-2.03,-1.30,0.12,0.01,-0.01
-9.35,-2.00,-1.35,0.05,0.02,-0.00
-9.33,-1.95,-1.36,-0.01,-0.00,0.02
-9.38,-1.95,-1.26,-0.08,-0.01,0.03
-9.35,-1.85,-1.07,-0.03,-0.05,-0.01
-9.37,-1.81,-1.08,0.00,-0.06,-0.03
-9.46,-1.80,-1.16,0.00,-0.08,-0.02
-9.51,-1.77,-1.29,-0.09,-0.06,0.01
-9.44,-1.73,-1.31,-0.14,-0.05,0.01
-9.45,-1.73,-1.16,0.01,-0.04,-0.02
-9.34,-1.79,-1.02,0.07,-0.02,-0.04
-9.25,-1.74,-0.88,0.11,-0.04,-0.04
-9.07,-1.77,-0.77,0.09,-0.11,-0.03
-9.10,-1.80,-0.70,0.00,-0.18,0.01
-9.20,-1.74,-0.86,-0.19,-0.22,0.05
-9.35,-1.74,-0.98,-0.11,-0.16,0.05
-9.56,-1.64,-0.76,0.11,-0.05,0.05
-9.65,-1.74,-0.55,0.38,-0.06,0.04
-9.74,-2.05,-0.72,0.33,-0.07,0.01
-9.86,-1.80,-0.86,0.04,-0.04,0.02
-9.45,-1.60,-1.05,0.21,0.01,-0.02
-9.53,-1.77,-0.83,0.32,-0.06,0.02
-9.58,-1.92,-0.70,0.28,-0.05,0.05
-9.38,-2.12,-0.62,0.14,-0.02,0.02
-9.32,-1.98,-0.48,0.06,-0.02,0.00
-9.22,-1.87,-0.45,0.07,-0.04,-0.00
-9.34,-1.85,-0.46,0.11,-0.03,0.02
-9.39,-1.87,-0.43,0.04,-0.06,0.03
-9.53,-1.81,-0.55,-0.01,-0.05,0.03
-9.55,-1.67,-0.45,-0.05,-0.06,0.02
-9.58,-1.60,-0.48,0.01,-0.02,0.01
-9.66,-1.78,-0.65,0.00,0.04,0.07
-9.61,-2.02,-0.32,-0.80,0.10,0.02
-9.48,-1.56,-0.47,-0.26,0.17,-0.03
-9.11,-1.19,-0.41,0.17,0.03,-0.02
-9.20,-1.02,-0.37,0.67,-0.09,0.06
-9.35,-1.47,-0.40,0.78,-0.23,0.19
-9.65,-2.18,-0.62,0.15,-0.14,0.15
-9.77,-2.11,-0.50,-0.25,-0.08,0.06
-9.58,-1.64,-0.37,-0.16,-0.04,-0.00
-8.84,-1.22,0.19,-0.04,-0.05,-0.04
-8.51,-0.70,0.54,0.06,-0.30,0.06
-8.73,-1.05,0.74,0.27,-0.44,0.17
-9.41,-2.16,0.65,-0.36,-0.58,0.28
-9.66,-1.69,-0.08,-0.70,-0.35,0.26
-9.49,-1.17,0.08,-0.06,-0.39,0.15
-9.29,-1.01,0.31,0.31,-0.36,0.03
-9.07,-0.91,0.97,0.38,-0.41,0.00
-8.93,-0.64,1.09,0.49,-0.47,0.03
-9.30,-1.15,1.49,0.44,-0.56,0.13
-9.38,-1.13,1.29,0.28,-0.46,0.17
-9.52,-1.30,2.01,0.24,-0.43,0.20
-9.87,-0.93,2.42,-0.07,-0.32,0.27
-10.01,-0.71,2.41,0.29,-0.24,0.19
-9.96,-0.63,2.39,0.15,-0.22,0.04
-9.50,-0.18,2.50,0.07,-0.35,-0.02
-8.19,-0.16,2.66,-0.10,-0.39,-0.00
-8.06,-0.41,3.30,-0.08,-0.48,0.14
-8.50,-0.18,3.43,-0.13,-0.47,0.16
-9.09,0.27,3.30,-0.34,-0.46,0.17
-9.03,0.28,3.73,0.07,-0.49,0.12
-9.49,0.24,3.74,-0.06,-0.50,0.07
-9.12,0.31,3.44,0.26,-0.45,0.05
-9.31,-0.63,3.61,0.18,-0.45,0.04
-9.25,-0.89,4.14,0.28,-0.50,0.00
-8.92,-0.37,5.34,-0.20,-0.68,-0.08
-9.11,-0.89,5.15,-0.13,-0.65,-0.07
-9.08,0.03,4.77,-0.16,-0.50,-0.00
-9.56,-0.49,4.69,0.21,-0.40,0.18
-9.28,-0.86,5.02,0.09,-0.26,0.13
-8.52,-0.68,5.41,0.07,-0.12,0.15
-8.00,-0.20,5.64,0.10,0.01,0.15
-7.49,0.64,5.72,-0.05,-0.01,0.15
-7.23,0.64,5.86,-0.00,-0.09,0.13
-7.39,0.59,6.08,0.01,-0.14,-0.01
-7.59,0.51,5.59,0.13,-0.17,-0.03
-8.15,0.22,5.55,0.27,-0.20,0.01
-8.32,-0.29,5.71,0.08,-0.18,0.05
-8.61,-0.31,5.59,-0.09,-0.09,0.10
-8.30,0.20,5.54,-0.13,0.10,0.13
-7.91,0.42,5.74,-0.20,0.18,0.17
-7.55,0.70,5.80,-0.22,0.16,0.17
-7.29,0.71,5.84,-0.21,0.05,0.17
-7.33,0.68,5.87,-0.17,-0.05,0.15
-7.48,0.38,5.78,-0.09,-0.12,0.17
-8.19,-0.01,5.81,-0.10,-0.12,0.15
-8.54,0.14,5.60,-0.10,-0.06,0.08
-8.30,0.06,5.56,-0.07,0.03,0.05
-8.08,0.16,5.73,-0.02,0.11,0.03
-7.66,0.58,5.70,0.02,0.12,-0.01
-7.51,0.57,5.88,0.03,0.03,-0.00
-7.48,0.71,5.84,0.02,-0.05,-0.03
-7.60,0.51,5.80,0.07,-0.13,-0.05
-7.97,0.32,5.67,0.16,-0.16,-0.05
-8.30,0.17,5.69,0.24,-0.14,-0.04
-8.26,0.07,5.76,0.21,-0.06,-0.03
-8.10,0.29,5.79,0.10,0.06,-0.06
-7.78,0.48,5.76,0.10,0.10,-0.08
-7.58,0.68,5.87,0.06,0.07,-0.08
-7.44,0.52,5.90,-0.01,-0.02,-0.09
-7.57,1.01,5.83,0.09,-0.11,-0.10
-8.02,0.15,5.73,0.25,-0.14,-0.07
-8.06,-0.03,5.79,0.18,-0.11,-0.10
-8.01,-0.11,5.84,0.05,-0.01,-0.07
-8.10,0.11,5.77,-0.05,0.06,-0.03
-7.98,0.33,5.73,-0.03,0.06,-0.01
-7.71,0.40,5.81,0.01,0.04,-0.01
-7.65,0.31,5.83,-0.00,0.01,-0.01
-7.82,0.45,5.82,0.03,-0.03,-0.00
-7.91,0.50,5.71,0.10,-0.05,-0.01
-7.92,0.35,5.63,0.13,-0.05,0.03
-8.04,0.43,5.67,0.17,-0.04,0.06
-7.93,0.45,5.47,0.15,-0.05,0.14
-7.95,0.42,5.49,0.15,-0.04,0.15
-7.97,0.30,5.71,0.11,-0.04,0.13
-7.86,0.55,5.61,0.08,-0.04,0.12
-7.79,0.87,5.68,0.06,-0.03,0.14
-7.84,1.22,5.77,0.07,-0.06,0.16
-7.67,1.29,5.55,0.12,-0.03,0.19
-7.82,0.89,6.08,0.19,-0.01,0.22
-7.59,1.00,6.18,-0.06,-0.01,0.15
-7.53,0.93,5.86,-0.21,-0.02,0.10
-7.58,1.09,5.97,-0.07,-0.06,0.04
-7.61,1.01,6.07,0.02,-0.07,0.02
-7.69,1.16,6.03,0.03,-0.06,-0.01
-7.66,1.10,5.98,0.07,-0.03,-0.03
-7.59,0.92,6.10,0.06,-0.02,-0.07
-7.73,0.97,5.97,0.01,-0.02,-0.10
-7.78,1.18,5.83,0.06,0.01,-0.10
-7.73,0.96,5.85,0.10,0.01,-0.08
-7.69,0.98,5.79,0.10,-0.01,-0.06
-7.67,1.00,5.87,0.10,-0.04,-0.05
-7.75,1.00,5.85,0.13,-0.06,-0.02
-7.74,1.03,5.84,0.07,-0.06,0.00
-7.65,1.08,5.96,0.07,-0.03,0.02
-7.78,1.14,5.93,0.04,-0.02,0.04
-7.66,1.13,5.92,0.07,-0.00,0.05
-7.58,1.09,5.94,-0.01,-0.03,0.06
-7.60,1.15,5.97,-0.01,-0.02,0.07
-7.64,1.17,5.88,-0.03,-0.01,0.08
-7.66,1.27,5.92,-0.06,-0.02,0.06
-7.62,1.18,5.91,-0.10,-0.03,0.06
-7.68,1.24,6.02,-0.12,-0.02,0.04
-7.58,1.04,6.05,-0.10,0.04,0.02
-7.65,1.02,5.99,-0.12,0.04,0.04
-7.77,1.09,5.93,-0.07,0.04,0.05
-7.77,1.12,5.88,-0.02,0.04,0.08
-7.65,0.65,6.01,-0.06,0.00,0.02
-7.35,0.91,6.09,-0.05,-0.04,-0.01
-7.63,0.89,6.10,-0.04,-0.04,-0.08
-7.71,0.91,5.83,0.00,-0.01,-0.13
-7.76,0.58,5.91,-0.07,-0.04,-0.14
-7.74,0.44,5.81,-0.17,-0.03,-0.19
-7.76,0.63,5.86,-0.33,-0.01,-0.17
-7.78,1.86,5.85,-0.13,-0.03,-0.02
-7.65,1.08,6.07,-0.01,-0.06,0.05
-7.40,0.60,6.06,-0.06,-0.07,0.04
-7.50,0.90,6.09,-0.03,-0.07,0.03
-7.66,0.64,6.09,-0.03,-0.06,0.03
-7.78,0.58,6.10,-0.03,-0.02,0.02
-7.69,0.44,6.03,-0.00,0.01,0.04
-7.71,0.37,6.11,-0.02,0.03,0.04
-7.64,0.59,5.99,0.01,0.03,-0.01
-7.54,0.60,6.09,0.13,0.02,-0.03
-7.52,0.37,6.01,0.07,0.01,-0.03
-7.65,0.47,5.97,0.06,-0.02,-0.07
-7.67,0.51,5.96,0.08,-0.06,-0.11
-7.69,0.46,6.06,0.06,-0.08,-0.12
-7.76,0.42,6.04,0.07,-0.05,-0.10
-7.72,0.39,6.06,0.11,-0.02,-0.09
-7.65,0.36,5.99,0.13,-0.01,-0.08
-7.58,0.31,6.08,0.12,-0.02,-0.06
-7.55,0.22,6.11,0.11,-0.04,-0.06
-7.65,0.34,6.05,0.12,-0.05,-0.07
-7.71,0.48,6.15,0.16,-0.05,-0.09
-7.57,0.33,6.12,0.15,-0.05,-0.09
-7.66,0.40,6.10,0.08,-0.04,-0.06
-7.69,0.52,5.96,0.08,-0.01,-0.05
-7.61,0.41,5.97,0.05,-0.00,-0.02
-7.40,0.44,6.02,-0.03,0.02,0.02
-7.40,0.30,6.31,-0.11,-0.02,0.04
-7.56,0.75,6.19,-0.08,-0.03,0.02
-7.95,0.57,6.14,0.04,0.07,0.01
-8.03,0.21,6.27,0.06,0.21,0.03
-8.22,0.26,5.87,0.03,0.38,0.04
-8.49,0.31,5.59,0.00,0.53,0.01
-8.68,0.44,5.59,-0.07,0.54,0.02
-8.83,0.86,5.20,0.03,0.45,0.10
-9.04,0.68,4.76,0.28,0.38,0.27
-9.99,0.71,4.58,0.45,0.41,0.27
-10.51,-0.12,4.45,0.02,0.62,-0.10
-10.75,-0.42,4.56,-0.33,0.68,-0.56
-10.59,-0.96,4.21,-0.33,0.75,-1.04
-10.23,-1.14,4.45,0.14,0.70,-1.48
-9.99,-1.84,3.80,0.47,0.65,-1.87
-9.54,-2.46,3.22,0.60,0.64,-2.17
-8.97,-2.94,3.52,0.29,0.44,-2.34
-8.11,-3.37,2.99,-0.18,0.44,-2.43
-7.39,-3.83,2.33,-0.07,0.38,-2.31
-6.60,-4.37,2.02,0.15,0.40,-2.14
-6.50,-4.97,1.68,0.56,0.42,-1.83
-6.12,-6.38,2.28,-0.08,0.43,-1.62
-5.69,-6.39,2.45,-0.75,0.37,-1.38
-5.32,-6.68,1.91,-0.63,0.30,-1.21
-3.04,-8.71,0.32,-0.34,0.21,-0.68
-2.49,-8.96,-0.17,-0.07,0.16,-0.66
-2.23,-9.11,0.17,0.02,0.13,-0.61
-2.08,-9.19,-0.05,-0.10,0.11,-0.48
-1.92,-9.87,0.09,-0.14,-0.06,-0.39
-1.37,-10.11,0.31,-0.72,-0.29,-0.35
-1.65,-9.54,-0.06,-1.20,-0.34,-0.47
-1.26,-8.91,-0.79,-0.71,-0.46,-0.49
-1.65,-8.99,-1.00,-0.08,-0.58,-0.40
-1.35,-8.93,-1.44,0.30,-0.21,-0.38
-0.73,-9.17,-1.44,0.37,-0.24,-0.30
-0.42,-9.69,-1.55,-0.19,-0.34,-0.13
-0.66,-9.76,-1.88,-0.29,-0.42,-0.09
-0.36,-9.80,-1.27,-0.29,-0.25,-0.08
-0.47,-9.28,-1.09,-0.13,-0.24,-0.02
-0.68,-9.51,-1.06,0.08,-0.42,0.03
-0.88,-9.45,-1.47,0.22,-0.28,-0.01
-0.73,-9.74,-1.46,0.31,-0.09,-0.02
-0.76,-9.67,-1.01,0.10,0.05,-0.04
-0.40,-9.65,-0.94,0.01,-0.05,-0.00
-0.56,-9.35,-1.04,0.24,-0.10,0.07
-0.60,-9.74,-0.95,0.39,-0.07,0.07
-0.55,-10.01,-0.83,0.28,-0.07,0.05
-0.60,-9.91,-0.56,0.07,-0.04,0.00
-0.55,-9.50,-0.57,0.12,-0.13,0.06
-0.62,-9.39,-0.59,0.30,-0.31,0.24
-1.24,-9.48,-0.86,0.27,-0.49,0.41
-2.42,-9.69,-0.88,0.17,0.46,-0.17
-2.07,-9.41,-0.13,0.08,0.56,-0.08
-1.95,-9.04,0.03,0.38,0.86,0.00
-1.92,-9.54,0.67,0.94,0.75,0.09
-1.32,-9.45,1.30,0.91,0.60,0.21
-1.11,-9.47,0.94,0.60,0.51,0.34
-1.05,-8.93,0.35,0.27,0.63,0.49
-1.43,-8.17,0.14,-0.02,0.91,0.78
-1.41,-5.98,-0.26,-0.35,1.25,1.33
-3.03,-7.00,0.61,0.35,1.19,1.88
-4.11,-6.28,0.29,-0.36,1.38,2.43
-6.31,-6.26,0.28,-0.05,1.07,3.09
-9.01,-6.53,0.81,0.44,0.76,3.51
-11.98,-6.99,0.27,0.28,0.76,3.44
-11.84,-6.79,-0.40,-0.35,0.63,2.75
-10.52,-5.19,-0.50,-0.96,0.21,1.73
-9.73,-4.00,-0.85,-0.62,-0.18,0.79
-9.18,-3.56,-1.18,0.08,-0.17,0.30
-8.43,-3.55,-1.09,0.59,-0.02,0.15
-8.53,-3.74,-0.93,0.76,0.02,0.13
-9.27,-4.07,-0.84,0.63,0.01,0.07
-9.72,-4.16,-0.97,0.19,-0.05,-0.13
-9.80,-3.91,-1.13,-0.28,-0.17,-0.43
-9.81,-3.47,-1.23,-0.60,-0.21,-0.68
-9.53,-2.98,-1.30,-0.67,-0.12,-0.78
-9.26,-2.67,-1.24,-0.54,-0.01,-0.69
-9.14,-2.49,-1.14,-0.33,0.10,-0.48
-9.02,-2.55,-1.08,-0.14,0.14,-0.22
-8.71,-2.53,-1.00,-0.13,0.13,0.01
-8.88,-2.56,-0.97,-0.14,0.01,0.24
-8.96,-2.73,-0.99,-0.24,-0.04,0.46
-9.09,-2.67,-0.90,-0.38,-0.12,0.58
-9.29,-2.62,-0.94,-0.32,-0.17,0.61
-9.11,-2.70,-1.08,-0.24,-0.21,0.56
-8.83,-2.72,-1.21,-0.16,-0.20,0.47
-8.71,-2.74,-1.42,-0.04,-0.15,0.37
-8.87,-2.81,-1.55,0.14,-0.00,0.24
-8.72,-2.55,-1.33,0.57,0.17,0.04
-9.10,-2.58,-0.91,1.01,0.20,-0.12
-9.44,-2.96,-0.90,1.15,0.26,-0.22
-8.67,-2.69,-0.40,1.05,0.07,-0.37
-8.92,-2.43,-0.20,0.99,-0.23,-0.45
-9.55,-2.54,-1.64,0.57,-0.35,-0.23
-9.99,-2.27,-2.95,0.62,-0.08,0.08
-9.52,-3.45,-1.21,0.29,-0.09,0.28
-9.37,-3.38,-0.34,-0.59,-0.02,0.20
-9.51,-2.88,0.03,-0.90,-0.03,0.09
-9.22,-2.29,-0.09,-0.45,0.03,-0.04
-9.39,-2.16,-0.22,0.34,-0.05,-0.15
-9.34,-2.48,-0.61,0.40,-0.10,-0.10
-9.31,-2.45,-1.54,0.03,-0.12,0.12
-9.41,-3.09,-1.23,0.33,-0.10,0.21
-9.75,-3.64,-0.74,-0.20,-0.13,0.26
-9.75,-3.56,-0.57,-1.00,-0.10,0.18
-9.52,-2.88,-0.77,-1.39,-0.05,-0.04
-9.51,-2.38,-1.00,-1.16,-0.03,-0.24
-9.50,-2.37,-1.07,-0.98,0.13,-0.33
-9.22,-2.09,-0.96,-0.77,0.24,-0.41
-8.98,-1.88,-0.75,-0.25,0.24,-0.48
-8.95,-2.12,-0.88,0.15,0.14,-0.44
-9.05,-2.53,-1.17,-0.11,0.12,-0.27
-8.99,-2.44,-1.26,-0.49,0.13,-0.15
-8.81,-2.06,-1.39,-0.39,0.15,-0.03
-8.68,-1.97,-1.35,0.10,0.15,0.13
-8.76,-2.32,-1.29,0.44,0.12,0.35
-8.76,-2.72,-1.23,0.19,-0.05,0.49
-9.04,-2.79,-1.32,-0.31,-0.18,0.52
-9.13,-2.62,-1.41,-0.48,-0.24,0.51
-9.36,-2.33,-1.64,-0.05,-0.21,0.43
-9.71,-3.42,-1.79,0.48,-0.21,0.22
-9.97,-3.98,-1.80,0.19,-0.25,-0.25
-10.94,-3.72,-1.91,0.18,-0.41,-0.77
-12.64,-3.18,-1.95,-0.26,-0.23,-1.05
-13.05,-2.42,-1.11,0.45,0.21,-1.30
-11.55,-2.31,0.40,2.20,0.81,-1.41
-9.53,-3.71,2.72,4.17,1.08,-1.32
-5.66,-4.94,2.02,4.02,1.12,-1.45
-2.10,-6.04,0.43,1.73,1.13,-1.42
0.15,-6.00,0.74,0.23,1.18,-1.29
-0.48,-7.98,0.32,0.01,0.83,-1.13
-1.51,-10.99,-0.62,-0.50,0.13,-1.01
-5.01,-12.07,-4.57,-1.94,-0.72,-2.01
-3.45,-10.84,-1.42,-0.85,-1.47,-2.59
-6.36,-11.61,0.29,-0.04,-2.05,-2.47
-5.76,-14.55,2.04,0.51,-2.68,-2.54
-5.61,-16.12,1.81,0.05,-2.80,-3.16
-3.91,-14.56,1.89,0.80,-2.27,-4.22
-2.13,-12.85,1.62,0.93,-2.24,-4.37
-0.04,-10.56,1.46,0.36,-2.36,-4.37
2.45,-7.94,1.09,-0.68,-2.84,-4.37
5.66,-4.23,-0.42,-1.66,-3.32,-4.31
7.98,-1.47,-1.61,-2.23,-3.72,-3.09
8.42,1.45,-3.00,-2.66,-3.89,-2.03
7.23,2.12,-2.88,-1.69,-3.94,-1.50
5.58,1.56,-3.91,-0.77,-4.37,-1.32
2.26,1.68,-6.05,-1.14,-4.37,-1.12
-0.04,3.72,-7.17,-1.63,-3.68,-0.77
-1.00,3.98,-7.19,-0.78,-3.22,-0.42
-2.58,3.76,-7.04,-0.40,-3.08,0.04
-3.86,4.96,-7.02,-0.26,-2.63,0.66
-5.19,4.77,-6.46,0.47,-2.28,1.23
-5.67,5.18,-6.28,1.14,-1.94,1.87
-6.19,5.55,-6.34,2.01,-1.59,2.46
-7.55,4.63,-7.23,2.67,-0.94,3.03
-7.77,0.77,-7.58,2.02,0.42,2.87
-5.10,1.26,-7.11,0.40,1.32,2.28
-3.26,4.98,-7.65,-0.36,1.79,2.15
-2.52,5.80,-7.84,0.62,2.17,2.34
-0.92,3.44,-7.08,1.20,2.72,2.25
1.33,3.20,-6.08,1.61,2.93,2.06
3.15,2.56,-5.97,2.15,2.90,2.05
3.17,-1.12,-6.34,2.33,3.15,1.91
5.19,-3.26,-5.62,1.22,3.76,1.25
6.03,-2.82,-3.15,1.25,4.13,0.31
9.89,1.91,-0.87,1.13,3.97,-0.26
14.56,3.80,0.18,1.83,3.05,-0.36
14.43,-0.27,1.00,3.30,1.86,-0.83
14.89,1.57,4.63,3.44,1.12,-1.63
14.66,1.12,4.95,4.18,0.14,-1.77
15.17,2.23,3.89,4.15,-0.48,-1.66
15.42,-0.44,4.27,4.23,-1.55,-1.34
13.79,0.06,2.17,3.55,-2.55,-1.31
11.85,-1.38,-0.19,3.04,-3.30,-1.70
9.78,0.05,-2.43,2.24,-3.62,-1.95
7.49,0.40,-4.22,2.10,-3.83,-1.55
5.36,0.29,-5.23,1.57,-3.66,-0.82
3.06,-0.17,-5.60,1.29,-3.76,-0.02
-0.32,-0.34,-7.03,-0.01,-3.40,0.38
-1.64,2.11,-7.70,-0.73,-2.51,0.21
-2.71,2.48,-8.74,0.15,-2.15,0.13
-3.02,2.31,-9.04,-0.03,-1.57,0.14
-2.78,2.51,-9.07,0.04,-1.51,0.53
-3.39,2.36,-8.68,0.45,-1.66,0.75
-3.73,1.55,-8.28,0.64,-1.64,0.95
-4.66,1.72,-8.19,0.40,-1.75,0.96
-5.30,2.91,-7.71,0.19,-1.57,0.99
-5.74,3.49,-7.01,0.64,-1.44,1.10
-6.32,3.21,-6.79,1.12,-1.40,1.29
-6.62,2.79,-6.62,1.33,-1.20,1.47
-6.97,2.44,-6.59,1.34,-1.01,1.54
-6.95,2.58,-6.73,1.27,-0.81,1.48
-7.17,2.79,-6.71,1.23,-0.55,1.37
-7.59,2.67,-6.36,1.41,-0.17,1.39
-7.16,1.50,-6.23,1.02,0.18,1.23
-6.84,0.85,-5.87,0.39,0.32,0.95
-6.52,1.76,-6.00,-0.44,0.29,0.79
-6.17,3.50,-6.84,-0.74,0.53,0.78
-6.00,4.73,-7.11,-0.15,0.73,1.00
-4.69,5.02,-7.07,0.30,1.06,1.35
-3.10,4.29,-7.62,0.67,0.87,1.31
-3.15,3.73,-8.93,0.57,0.85,1.11
-2.48,4.13,-8.37,0.43,0.92,1.04
-2.52,4.48,-8.53,0.47,0.93,1.20
-1.70,4.07,-8.65,0.52,1.10,1.31
-0.35,3.71,-8.61,0.28,1.25,1.25
-0.23,3.74,-9.00,0.14,1.25,1.12
1.03,3.40,-8.58,0.22,1.37,0.89
1.57,3.78,-8.65,0.31,1.31,0.75
2.74,3.50,-8.74,0.36,1.36,0.76
3.05,3.40,-8.17,0.81,1.35,1.02
3.78,3.14,-7.62,0.86,1.28,1.20
3.99,2.45,-7.39,1.37,1.39,1.43
3.96,0.93,-7.46,1.56,1.61,1.46
5.25,-0.91,-6.95,1.55,2.00,1.26
6.78,-2.78,-6.39,1.13,2.22,0.74
7.45,-2.61,-5.12,0.86,2.26,0.18
7.66,-1.66,-4.08,0.64,2.42,-0.15
8.07,-0.74,-2.70,0.59,2.59,-0.25
8.13,-0.66,-1.82,0.95,2.71,-0.50
12.06,2.26,0.30,1.48,2.40,-1.17
12.55,3.68,0.17,1.96,1.76,-1.45
13.67,4.73,2.34,3.17,1.17,-1.41
13.23,4.01,4.32,3.79,0.56,-0.91
11.69,-0.10,-0.56,2.17,-2.81,-1.13
9.59,-0.45,-2.18,1.50,-3.40,-0.94
7.67,1.34,-4.10,0.60,-3.72,-0.56
5.46,1.63,-5.30,0.71,-3.84,-0.32
3.06,1.98,-6.06,0.12,-3.87,-0.23
0.87,2.29,-6.78,-0.34,-3.63,-0.32
-1.30,2.13,-7.37,-0.88,-3.33,-0.34
-2.46,5.32,-7.38,-1.26,-2.88,-0.24
-3.58,5.49,-6.90,0.63,-2.67,0.41
-5.15,2.60,-7.87,1.09,-2.35,0.77
-5.16,2.20,-7.79,0.73,-1.77,0.76
-5.31,3.85,-7.27,0.49,-1.49,0.83
-5.74,4.63,-7.01,1.12,-1.41,0.98
-6.29,3.31,-7.23,1.60,-1.17,1.09
-5.85,3.07,-7.40,1.34,-0.83,1.08
-6.08,2.77,-7.38,1.37,-0.57,1.20
-5.82,1.73,-6.86,0.92,-0.32,0.99
-5.86,2.92,-7.39,0.36,-0.56,0.62
-5.92,3.26,-7.80,0.84,-0.39,0.96
-5.54,2.53,-7.20,0.43,-0.33,0.89
-6.00,2.45,-6.27,0.75,-0.42,0.63
-6.51,1.96,-7.01,0.30,-0.33,0.61
-6.97,2.36,-8.17,-0.08,0.10,0.52
-6.83,3.54,-8.01,-0.36,0.68,0.54
-5.49,3.79,-7.16,-0.13,0.97,0.58
-4.65,3.64,-7.55,-0.16,0.86,0.62
-3.89,3.69,-8.39,-0.21,0.89,0.64
-3.48,3.85,-8.40,0.06,0.84,0.64
-2.94,3.73,-8.26,-0.10,0.77,0.59
-2.84,4.28,-8.82,-0.12,0.74,0.49
-3.12,4.92,-10.33,0.31,1.00,0.38
-3.31,4.09,-11.36,1.00,1.61,0.25
-2.51,2.82,-10.43,0.59,2.33,-0.00
-1.08,3.27,-9.59,-0.72,3.04,-0.15
1.67,5.63,-8.01,-1.77,3.32,0.19
2.83,5.90,-5.82,-1.87,3.05,0.42
4.07,5.01,-3.50,-2.99,2.71,0.33
5.50,7.24,-1.46,-4.37,1.86,0.45
5.83,9.00,-2.43,-2.14,0.93,0.92
6.28,6.51,-1.53,0.43,0.86,0.86
7.31,5.95,-0.39,0.67,0.53,0.81
7.49,5.94,-0.67,-0.07,0.05,0.76
7.45,5.70,-0.38,-0.37,-0.34,0.74
6.32,8.18,-5.47,0.36,-0.19,0.88
6.29,5.19,-3.47,0.45,0.22,0.51
7.22,4.82,-3.07,-0.57,0.06,0.50
7.71,5.15,-3.01,-2.14,0.10,0.35
7.55,6.38,-1.70,-1.64,0.07,0.47
8.20,4.36,-2.09,-1.32,0.14,0.11
7.88,4.35,-1.36,-1.00,0.27,-0.17
9.17,5.00,1.38,-1.19,0.21,-0.29
8.82,5.32,1.23,-1.55,0.25,-0.22
7.59,9.85,-0.66,-1.59,0.33,0.19
6.57,7.39,-0.55,0.05,0.68,0.48
7.13,6.08,0.96,-0.35,0.60,0.61
7.66,5.62,2.21,-0.61,0.47,0.67
7.80,5.08,3.19,-0.51,0.45,0.81
7.48,5.43,3.13,-0.52,0.22,0.89
7.69,4.89,2.90,-0.77,0.04,0.91
7.90,4.31,3.04,-0.94,-0.10,1.03
8.04,3.35,3.00,-0.96,-0.17,1.15
8.38,2.23,3.23,-0.89,-0.24,1.22
8.31,1.45,3.11,-0.70,-0.32,1.27
8.64,0.73,3.06,-0.65,-0.37,1.23
8.73,-0.20,2.70,-0.58,-0.39,1.23
8.56,-0.82,2.34,-0.64,-0.46,1.22
8.74,-1.99,2.44,-0.65,-0.50,1.19
8.81,-2.47,2.20,-0.61,-0.57,1.17
8.83,-3.16,1.91,-0.66,-0.65,1.13
8.51,-4.04,1.90,-0.52,-0.77,1.07
8.51,-4.55,1.53,-0.56,-0.89,1.05
8.38,-5.17,0.57,-0.53,-1.00,0.95
8.41,-5.79,-0.45,-0.46,-1.02,0.88
8.34,-5.84,-1.27,-0.35,-1.03,0.81
8.16,-6.29,-2.12,-0.14,-0.89,0.70
8.00,-6.73,-2.45,0.06,-0.74,0.61
7.75,-7.10,-2.86,0.03,-0.62,0.48
7.78,-7.40,-3.03,0.06,-0.54,0.37
7.90,-7.64,-3.37,0.11,-0.45,0.27
7.69,-7.69,-3.88,0.11,-0.31,0.15
7.67,-7.41,-4.05,0.24,-0.10,0.09
7.26,-7.18,-3.35,0.08,-0.02,0.05
7.21,-6.59,-2.84,0.03,0.00,-0.01
7.30,-7.00,-2.73,-0.35,-0.11,-0.03
7.32,-6.53,-2.45,-0.39,-0.17,-0.01
6.99,-5.88,-2.55,-0.24,-0.17,0.01
6.91,-5.44,-2.58,-0.13,-0.13,0.03
6.83,-5.84,-2.36,-0.02,-0.12,0.07
7.02,-6.32,-2.72,0.04,-0.19,0.05
7.23,-6.75,-3.24,-0.01,-0.21,0.04
7.84,-8.17,-3.86,-0.01,-0.19,-0.09
8.33,-8.89,-4.46,-0.24,-0.16,-0.25
7.98,-8.58,-4.86,-0.37,-0.12,-0.45
7.87,-8.07,-4.79,-0.23,0.05,-0.61
7.95,-7.65,-4.83,-0.12,0.21,-0.76
7.85,-7.20,-4.56,0.01,0.36,-0.92
8.06,-6.24,-3.96,0.13,0.47,-1.07
7.86,-5.76,-3.74,0.28,0.53,-1.20
8.23,-4.87,-2.68,0.36,0.60,-1.30
8.18,-4.46,-2.50,0.63,0.60,-1.40
8.37,-3.87,-2.42,0.73,0.59,-1.49
8.25,-3.10,-2.39,0.75,0.59,-1.56
8.01,-1.95,-1.46,0.74,0.52,-1.67
8.46,-0.41,-0.36,0.79,0.44,-1.70
8.34,0.25,-0.09,0.81,0.36,-1.67
8.17,1.51,0.10,0.94,0.29,-1.66
7.94,2.18,0.13,1.14,0.19,-1.57
8.06,3.00,-0.27,1.29,0.09,-1.48
8.01,3.33,-1.10,1.29,-0.02,-1.38
7.80,3.64,-1.50,1.32,-0.07,-1.29
7.71,4.57,-1.62,1.40,-0.09,-1.23
7.37,4.86,-2.18,1.39,-0.14,-1.12
7.28,5.04,-2.50,1.10,-0.23,-1.02
7.07,5.37,-2.67,0.73,-0.35,-0.95
6.85,5.73,-2.60,0.53,-0.42,-0.87
6.50,5.98,-2.71,0.59,-0.50,-0.81
6.28,6.21,-3.19,0.64,-0.54,-0.73
5.83,6.38,-4.03,0.82,-0.54,-0.64
5.55,6.73,-4.79,0.79,-0.52,-0.59
5.40,6.80,-5.19,0.79,-0.46,-0.52
5.32,6.43,-5.43,0.82,-0.46,-0.39
5.23,6.09,-6.03,0.60,-0.47,-0.31
4.87,5.54,-5.98,0.42,-0.67,-0.30
4.34,6.34,-7.18,0.36,-0.61,-0.31
4.03,7.42,-7.83,0.34,-0.50,-0.18
4.04,6.95,-8.98,0.30,-0.36,0.00
4.31,6.20,-8.85,0.10,-0.25,0.10
4.37,5.90,-8.73,-0.10,-0.16,0.10
4.54,5.90,-8.44,-0.22,-0.04,0.11
4.66,6.09,-7.11,-0.31,0.09,0.10
4.64,5.87,-6.17,-0.05,0.17,0.12
4.77,5.52,-5.64,0.01,0.16,0.10
4.92,5.52,-5.23,0.12,0.11,0.09
4.67,6.03,-5.18,0.42,0.07,0.06
4.87,5.64,-5.82,0.57,-0.01,0.05
4.87,5.54,-6.39,0.51,-0.06,0.07
4.91,4.92,-7.16,0.54,-0.10,0.05
4.89,4.47,-7.40,0.29,-0.10,0.06
4.62,5.18,-7.63,0.17,-0.15,0.08
4.30,5.77,-8.31,0.02,-0.16,0.16
4.20,6.11,-9.01,-0.07,-0.13,0.36
4.02,6.45,-9.56,-0.43,-0.05,0.49
4.14,6.43,-9.03,-0.49,0.07,0.67
4.62,5.58,-9.14,-0.46,0.27,0.79
5.05,4.83,-8.87,-0.69,0.41,0.84
5.41,4.90,-8.20,-1.12,0.48,0.92
5.78,3.71,-7.35,-1.49,0.53,0.97
6.30,3.21,-5.91,-1.59,0.58,0.93
6.78,3.52,-5.00,-1.29,0.70,0.83
7.08,3.65,-4.19,-1.13,0.78,0.78
7.37,3.57,-3.56,-0.98,0.84,0.68
7.77,3.39,-2.77,-0.94,0.91,0.60
7.98,3.46,-1.73,-0.96,0.90,0.50
8.22,3.40,-0.91,-0.92,0.88,0.45
8.65,3.85,0.35,-0.82,0.83,0.37
8.68,3.25,1.00,-0.63,0.70,0.33
9.17,3.20,1.13,-0.70,0.59,0.24
8.92,3.00,1.47,-0.62,0.46,0.17
9.22,3.17,1.78,-0.54,0.40,0.16
9.28,3.27,1.72,-0.45,0.34,0.13
9.23,3.43,1.86,-0.49,0.27,0.04
9.15,3.56,2.19,-0.39,0.23,0.01
9.12,3.75,2.37,-0.28,0.18,0.03
9.17,3.62,2.31,-0.22,0.12,-0.01
9.15,3.59,2.48,-0.26,0.03,-0.03
9.20,3.68,1.72,-0.59,-0.07,-0.16
9.20,3.52,2.36,-0.78,-0.13,-0.25
9.38,2.86,2.57,-0.46,-0.10,-0.16
9.42,3.67,2.48,-0.19,-0.01,-0.15
8.80,3.99,2.77,0.02,0.02,-0.16
8.72,4.15,2.49,0.11,0.04,-0.17
8.66,4.41,2.14,0.00,-0.07,-0.17
8.72,4.20,2.11,0.04,-0.04,-0.13
8.89,4.34,2.00,0.03,0.02,-0.13
8.52,4.55,2.34,0.05,0.06,-0.08
8.54,4.64,2.19,0.15,0.02,-0.08
8.51,4.55,2.07,0.07,0.04,-0.07
8.48,4.53,2.29,-0.05,0.01,-0.06
8.34,4.85,2.46,-0.03,0.01,0.03
8.52,4.75,2.38,0.03,-0.02,0.03
8.69,4.62,2.38,-0.01,-0.03,0.05
8.80,4.39,2.40,-0.07,-0.01,0.10
8.70,4.16,2.68,-0.13,-0.06,0.06
8.95,4.34,2.52,-0.07,-0.07,0.07
8.74,3.83,2.81,-0.05,-0.15,0.07
8.77,4.12,2.49,-0.01,-0.21,0.03
8.87,4.22,1.90,-0.09,-0.22,-0.01
8.73,4.10,1.82,0.08,-0.15,-0.01
8.83,4.02,1.83,0.08,-0.08,0.01
8.78,4.13,1.71,0.06,-0.05,-0.02
8.80,4.16,1.88,-0.01,-0.07,-0.03
8.75,4.18,1.98,0.00,-0.06,-0.01
8.69,4.64,1.86,0.02,-0.10,-0.01
8.72,4.27,1.87,-0.02,-0.17,-0.00
8.88,4.25,1.57,-0.02,-0.13,0.05
8.91,4.12,1.40,-0.02,-0.11,0.06
8.90,4.11,1.39,-0.04,-0.06,0.04
8.83,4.24,1.50,-0.09,-0.03,0.01
8.11,4.10,1.98,-0.13,-0.06,-0.06
8.96,3.97,2.00,-0.30,-0.10,-0.34
6.56,7.25,1.44,0.32,-1.83,-1.77
5.62,10.51,-3.09,-0.87,-1.55,-1.33
5.55,9.98,-3.35,-2.70,-1.36,-0.78
4.94,8.09,-2.54,-4.01,-0.86,-0.90
5.11,7.37,1.77,-4.37,-0.66,-1.43
4.45,8.56,6.18,-4.37,-0.88,-1.45
3.39,9.60,7.10,-2.38,-1.25,-1.32
6.13,11.41,8.35,-1.51,-1.65,-0.71
5.24,10.01,6.35,-0.95,-1.58,0.23
4.70,9.18,6.44,-0.43,-1.50,0.95
5.34,8.07,4.62,-0.13,-1.45,1.61
6.50,9.07,4.08,0.57,-1.36,2.49
3.04,4.10,8.40,0.10,-1.67,2.62
4.91,1.77,4.29,0.13,-1.67,2.01
7.32,1.05,1.90,0.70,-0.84,1.46
8.01,1.16,3.67,0.37,-0.36,0.95
8.56,2.52,3.88,0.49,0.02,0.56
9.07,2.84,3.84,0.34,0.11,0.52
8.61,1.75,4.21,0.15,-0.14,0.67
8.26,1.02,4.66,0.25,-0.27,0.60
8.71,1.12,4.31,0.39,-0.38,0.53
8.94,1.13,3.44,0.11,-0.46,0.45
8.77,0.79,2.85,-0.24,-0.59,0.37
9.04,0.83,2.55,-0.23,-0.66,0.41
9.25,-0.22,1.64,-0.19,-0.69,0.36
9.41,-0.39,1.98,-0.59,-0.85,0.12
9.10,0.11,1.29,-0.57,-0.92,0.10
9.34,0.03,0.97,-0.53,-0.93,0.06
9.39,-0.04,0.60,-0.38,-0.96,0.05
9.34,-0.03,-0.20,-0.20,-1.02,0.08
9.53,-0.58,-0.73,-0.31,-1.08,-0.04
9.29,-0.32,-1.81,-0.30,-1.06,-0.12
9.62,-0.56,-2.53,-0.18,-1.02,-0.15
9.74,-0.67,-3.33,-0.23,-0.96,-0.31
9.52,-0.08,-4.15,-0.20,-0.83,-0.40
9.86,0.39,-4.01,0.03,-0.72,-0.37
9.70,1.17,-4.52,0.14,-0.66,-0.31
9.72,1.11,-4.67,0.20,-0.54,-0.25
9.13,1.07,-5.24,0.27,-0.48,-0.21
9.38,1.48,-5.56,0.29,-0.36,-0.19
9.25,1.83,-5.89,0.27,-0.27,-0.14
9.37,1.97,-5.78,0.13,-0.14,-0.09
9.00,1.70,-5.64,0.01,-0.06,-0.05
9.06,1.71,-5.27,0.01,0.01,0.02
8.63,1.65,-5.05,-0.01,0.05,0.08
8.70,1.62,-4.39,0.04,0.09,0.14
8.74,1.31,-4.28,0.04,0.04,0.10
8.73,0.97,-4.10,0.10,0.01,0.08
8.60,0.81,-4.13,0.09,-0.01,0.08
8.66,0.84,-4.32,0.06,-0.09,0.08
8.73,0.85,-4.21,-0.10,-0.11,0.01
8.79,0.90,-4.64,-0.14,-0.15,0.02
9.07,1.02,-4.95,-0.10,-0.14,0.09
8.98,1.12,-5.37,-0.04,-0.08,0.09
9.15,1.16,-4.87,-0.14,-0.02,0.10
8.88,0.93,-4.69,-0.17,-0.02,0.07
8.96,0.59,-4.84,-0.15,0.00,0.05
8.84,0.51,-4.85,-0.09,0.03,0.00
8.88,0.74,-4.63,-0.09,0.03,-0.02
8.67,0.94,-4.28,-0.10,0.01,-0.03
8.74,1.14,-4.17,-0.14,-0.03,-0.07
8.86,1.30,-4.14,-0.17,-0.07,-0.10
8.92,1.11,-4.73,-0.15,-0.08,-0.11
9.04,1.02,-4.64,-0.08,-0.06,-0.08
8.90,1.05,-4.81,-0.01,-0.03,-0.09
8.93,0.94,-4.89,0.01,-0.01,-0.10
8.93,1.25,-4.95,-0.09,-0.01,-0.16
9.30,1.44,-5.50,-0.42,-0.04,-0.30
9.51,1.43,-6.13,-0.68,0.04,-0.45
9.76,1.84,-6.95,-0.56,0.25,-0.48
9.74,2.58,-6.95,-0.20,0.55,-0.32
9.35,2.96,-6.39,0.05,0.86,-0.17
9.04,2.68,-5.05,0.13,1.08,-0.06
8.78,2.31,-3.78,0.16,1.20,-0.06
8.67,2.45,-2.43,0.10,1.20,-0.10
8.44,2.43,-1.70,0.24,1.18,-0.09
8.69,2.18,-1.02,0.51,1.19,-0.10
8.82,2.28,-0.69,0.66,1.14,-0.10
8.83,1.97,-0.22,0.86,1.13,-0.16
8.88,2.61,-0.24,0.88,1.06,-0.25
9.17,3.24,-0.29,0.83,1.04,-0.28
9.26,3.55,0.01,0.74,1.12,-0.32
9.06,3.16,0.40,0.75,1.15,-0.36
8.66,3.51,0.39,0.68,1.21,-0.42
8.33,3.64,1.06,0.67,1.28,-0.46
7.62,3.85,1.64,0.70,1.32,-0.50
7.36,4.09,2.47,0.82,1.32,-0.50
6.79,4.46,2.99,0.91,1.26,-0.55
6.47,4.94,3.32,0.98,1.20,-0.60
6.33,5.50,3.62,0.98,1.12,-0.62
5.85,5.73,3.67,1.01,1.00,-0.65
5.29,6.37,3.44,0.94,0.89,-0.69
5.01,7.08,3.72,0.86,0.82,-0.74
4.54,7.56,3.72,0.82,0.73,-0.74
4.12,8.10,4.14,0.79,0.63,-0.69
3.47,8.73,4.68,0.71,0.42,-0.65
3.47,9.87,5.04,0.69,0.20,-0.60
3.44,10.60,4.00,0.46,0.04,-0.52
3.44,10.49,3.29,0.36,-0.08,-0.35
3.53,10.50,2.49,0.26,-0.13,-0.20
3.77,10.12,2.49,0.08,-0.15,-0.07
3.72,9.37,2.50,-0.07,-0.21,-0.04
4.00,8.93,2.28,-0.13,-0.22,-0.02
4.19,8.52,2.49,-0.06,-0.17,-0.02
4.24,8.25,2.85,0.10,-0.22,0.04
3.99,8.23,2.45,0.13,-0.25,-0.03
3.75,8.86,2.11,-0.00,-0.27,-0.09
3.68,9.27,2.01,-0.07,-0.23,-0.10
3.61,9.88,2.41,-0.01,-0.20,-0.03
3.74,10.43,2.53,0.08,-0.19,0.11
3.54,10.35,2.11,-0.04,-0.25,0.27
3.56,10.29,1.69,-0.15,-0.24,0.33
2.35,10.08,1.24,-0.03,-0.13,0.16
2.21,10.38,1.86,0.06,0.10,0.08
3.17,8.42,1.12,-0.37,0.27,0.02
3.88,8.33,1.89,-0.52,0.41,-0.08
3.55,6.42,1.41,-0.53,0.38,-0.21
3.75,7.45,2.69,0.03,0.36,-0.34
2.57,6.29,1.93,0.94,0.40,-0.42
4.20,9.99,3.33,2.31,0.33,-0.09
2.71,8.51,0.56,3.40,0.36,0.36
4.94,7.95,-0.16,4.37,0.66,0.09
5.37,6.24,-2.37,4.19,0.79,-0.29
5.69,7.19,-4.13,2.70,0.89,-0.53
5.30,7.69,-4.73,1.86,0.86,-0.66
4.32,7.54,-3.83,0.78,0.75,-0.62
3.93,7.89,-3.51,0.07,0.35,-0.55
4.29,8.98,-2.21,-1.11,-0.09,-0.36
4.86,10.91,-2.90,0.18,-0.52,-0.02
4.82,8.74,-2.88,0.86,-0.74,0.24
2.44,8.20,-4.47,1.16,-0.97,0.24
0.72,7.92,-9.51,1.50,-0.14,0.31
4.09,5.65,-5.94,0.40,0.31,0.08
4.65,5.84,-5.78,-0.23,0.11,-0.21
3.58,7.51,-6.83,-0.72,-0.03,-0.26
3.11,7.30,-6.30,0.08,0.07,-0.19
3.26,7.02,-6.43,0.01,0.17,-0.19
3.23,6.74,-6.14,-0.20,0.27,-0.27
2.89,8.16,-5.85,-0.24,0.29,-0.30
2.72,7.85,-5.64,0.41,0.32,-0.20
2.82,7.27,-5.97,0.22,0.28,-0.16
2.80,7.18,-5.94,0.09,0.19,-0.05
3.02,7.03,-5.85,-0.10,0.14,-0.03
3.24,7.61,-5.76,-0.18,0.10,0.01
3.20,7.67,-5.86,-0.03,0.06,0.04
3.48,7.34,-5.67,-0.10,0.07,0.04
3.50,7.56,-5.63,-0.02,0.12,0.03
3.46,7.54,-5.89,0.07,0.15,0.05
3.48,8.15,-5.82,0.08,0.18,0.14
3.39,8.94,-5.86,0.50,0.19,0.38
3.21,9.60,-5.06,0.97,0.09,0.98
3.38,9.37,-4.63,1.46,-0.05,1.69
3.00,7.73,-3.89,1.84,-0.37,2.27
2.42,5.75,-3.84,2.22,-0.49,2.51
2.05,3.91,-3.63,2.80,-0.49,2.56
2.04,-0.45,-3.21,3.27,-0.44,2.28
2.71,-4.63,-3.86,2.76,-0.57,1.61
3.17,-6.44,-5.02,2.46,-0.54,0.76
3.76,-6.72,-5.97,1.37,-0.45,0.19
5.29,-6.87,-6.44,0.38,-0.12,-0.25
5.94,-6.03,-7.82,0.28,-0.39,-0.05
6.29,-4.97,-9.11,0.69,-0.40,0.14
5.34,-4.76,-8.96,1.87,-0.55,0.72
3.02,-6.13,-9.16,1.71,-0.23,1.05
2.32,-7.40,-8.32,1.36,0.27,1.20
2.06,-9.00,-6.62,0.34,0.60,1.06
2.50,-8.59,-5.97,0.77,0.59,0.92
2.29,-9.52,-5.70,1.05,0.52,0.68
2.14,-8.90,-5.72,0.90,0.65,0.62
2.56,-8.62,-6.06,1.05,0.65,0.61
2.35,-9.13,-5.24,1.42,0.58,0.60
2.74,-9.40,-3.84,1.66,0.52,0.56
3.07,-10.60,-3.07,1.12,0.33,0.36
3.34,-10.02,-2.52,0.43,0.00,0.33
3.10,-9.90,-2.50,0.11,-0.33,0.30
2.47,-9.64,-2.50,-0.19,-0.50,0.28
1.84,-9.50,-2.46,-0.23,-0.54,0.26
1.68,-9.57,-2.57,-0.13,-0.55,0.19
1.49,-9.41,-2.49,-0.06,-0.65,0.15
1.51,-9.40,-2.50,0.20,-0.79,0.10
1.13,-9.62,-2.38,0.15,-0.91,0.07
0.82,-9.57,-2.58,-0.00,-0.86,0.00
0.41,-9.33,-2.67,0.07,-0.71,-0.04
0.33,-9.39,-2.78,0.15,-0.49,-0.08
0.34,-9.23,-2.68,0.14,-0.25,-0.12
0.43,-9.14,-2.38,0.32,-0.10,-0.13
0.57,-9.17,-2.31,0.28,0.00,-0.13
0.59,-9.27,-2.28,0.39,0.03,-0.10
0.77,-9.40,-2.21,0.28,0.02,-0.04
0.80,-9.41,-2.02,0.33,-0.06,0.04
0.88,-9.62,-1.85,0.38,-0.22,0.14
0.74,-9.80,-2.21,0.30,-0.23,0.18
0.88,-9.95,-2.00,0.30,-0.15,0.16
0.73,-10.14,-1.60,0.11,-0.14,0.09
0.60,-9.85,-1.45,-0.11,-0.14,0.03
0.44,-9.61,-1.53,-0.08,-0.13,0.01
0.39,-9.65,-1.61,-0.29,-0.11,0.02
0.42,-9.38,-1.78,-0.21,-0.08,0.03
0.58,-9.49,-1.81,0.01,-0.09,0.05
0.52,-9.74,-1.70,0.06,-0.10,0.05
