10.06,-6.26,-7.54,-2.00,0.45,1.31,0.18,-0.46,-0.23,0.06,-0.78,-0.98,0.77,0.02,-0.06,-0.24,0.03,0.11,0.67,-0.00,0.07,-0.01,-0.49,0.98,-0.57
9.86,-0.34,-5.98,-2.84,6.38,3.59,1.24,17.64,-4.04,-7.19,0.77,-0.91,-0.91,-0.39,-0.12,-1.00,0.64,0.18,1.21,-0.02,0.18,0.21,-0.15,0.80,0.28
9.89,7.11,-2.28,-4.37,3.54,3.66,1.05,5.17,-2.63,-3.15,0.40,-0.68,-0.85,-0.31,-0.07,-0.75,0.80,0.21,1.27,0.05,0.20,0.50,0.30,0.76,0.49
10.39,8.54,-0.79,-5.10,2.50,2.74,0.37,-6.48,0.25,-0.17,-0.95,0.24,-0.18,0.16,-0.06,-0.03,0.57,0.22,0.68,0.08,0.11,0.14,0.66,0.77,0.37
10.26,8.25,-2.07,-4.41,2.24,3.57,1.40,-5.80,-2.89,0.16,-0.72,-0.58,0.05,0.48,-0.06,0.06,1.19,0.23,0.70,0.14,0.11,0.26,0.52,0.70,0.31
10.21,8.10,-3.98,-3.08,1.71,4.11,1.28,-5.52,-3.01,0.36,-0.79,-0.57,0.16,0.38,-0.01,0.10,1.19,0.15,0.71,0.08,0.03,0.37,0.47,0.30,0.43
10.30,8.06,-4.92,-2.57,1.61,4.34,0.50,-6.73,-0.08,-0.06,-0.96,-0.04,-0.08,0.02,-0.01,-0.04,0.51,0.11,0.77,-0.02,-0.04,0.34,-0.27,-0.42,0.86
10.38,8.08,-5.08,-2.34,1.61,4.51,0.75,-6.93,-1.18,0.24,-0.96,-0.35,0.20,0.00,-0.03,-0.04,0.56,0.11,0.78,-0.00,-0.02,0.36,-0.01,-0.24,0.83
10.46,8.08,-5.19,-2.22,1.53,4.56,0.89,-6.62,-3.56,1.15,-0.95,-0.88,0.85,0.05,-0.05,-0.03,0.53,0.13,0.74,0.03,0.04,0.29,0.43,0.40,0.75
10.46,8.04,-5.52,-1.92,1.54,4.32,0.96,-6.26,-3.49,1.16,-0.94,-0.84,0.79,0.15,-0.03,-0.01,0.50,0.19,0.73,0.06,0.08,0.30,0.59,0.53,0.82
10.31,7.97,-5.59,-1.45,1.32,4.03,0.86,-4.78,-3.03,0.91,-0.90,-0.88,0.80,0.05,0.00,-0.00,0.52,0.21,0.70,0.04,0.04,0.30,0.38,0.28,0.84
10.30,8.00,-5.47,-1.16,1.23,4.19,1.03,-4.68,-3.79,1.07,-0.91,-0.88,0.84,0.05,0.02,-0.00,0.46,0.17,0.70,0.02,0.02,0.26,0.24,0.15,0.82
10.34,8.10,-5.54,-0.75,1.19,4.00,1.20,-4.42,-4.51,1.27,-0.93,-0.94,0.89,0.07,-0.01,0.01,0.39,0.14,0.69,0.03,0.05,0.22,0.51,0.48,0.80
10.35,8.13,-5.53,-0.88,1.25,3.90,1.23,-4.58,-4.42,1.34,-0.94,-0.92,0.87,-0.01,-0.04,-0.00,0.38,0.16,0.70,0.04,0.06,0.20,0.64,0.57,0.75
10.24,8.12,-5.32,-1.13,1.24,3.85,1.09,-4.46,-4.02,1.23,-0.93,-0.96,0.91,0.01,-0.02,-0.00,0.39,0.14,0.69,0.04,0.05,0.21,0.76,0.52,0.78
10.12,8.11,-5.43,-0.76,0.94,3.13,1.10,-2.69,-3.19,0.86,-0.91,-0.93,0.83,0.08,-0.02,0.00,0.34,0.13,0.55,0.03,0.04,0.14,0.69,0.60,0.73
10.19,8.12,-5.53,-0.72,0.91,3.09,1.28,-2.63,-3.77,0.97,-0.93,-0.95,0.83,-0.03,-0.03,0.01,0.30,0.14,0.54,0.03,0.07,0.10,0.66,0.89,0.59
10.25,8.11,-5.38,-1.22,1.02,3.58,1.25,-3.36,-4.16,1.05,-0.93,-0.93,0.83,-0.01,-0.02,0.01,0.31,0.12,0.63,0.02,0.06,0.12,0.58,0.80,0.64
10.30,8.03,-5.62,-1.14,1.13,3.76,1.12,-3.99,-3.98,1.07,-0.94,-0.95,0.85,0.09,-0.03,-0.02,0.29,0.11,0.69,0.02,0.06,0.16,0.73,0.79,0.78
10.40,8.03,-5.93,-0.78,1.26,3.78,1.15,-4.64,-4.07,1.31,-0.98,-0.94,0.91,-0.03,-0.01,-0.03,0.44,0.13,0.74,0.04,0.08,0.23,0.63,0.81,0.72
10.16,8.04,-5.05,-1.85,1.51,3.56,1.63,-4.61,-4.07,1.24,-0.86,-0.70,0.50,-0.32,0.02,0.00,0.56,0.21,0.69,0.03,0.10,0.21,0.22,0.66,0.55
10.25,8.32,-4.10,-3.38,2.01,2.76,1.25,-4.71,-2.45,1.69,-0.85,-0.71,0.67,-0.21,-0.03,0.00,0.72,0.35,0.58,-0.01,0.16,0.08,-0.05,0.82,0.19
10.46,8.64,-3.65,-3.75,2.42,2.13,1.30,-4.15,-2.39,2.82,-0.81,-0.87,0.90,-0.01,-0.00,-0.00,0.81,0.43,0.50,-0.08,0.20,-0.01,-0.22,0.93,-0.04
10.30,8.78,-2.98,-3.72,2.10,1.84,1.23,-2.79,-1.92,2.20,-0.72,-0.85,0.85,0.16,0.04,-0.01,0.81,0.36,0.42,-0.03,0.13,-0.00,-0.09,0.87,-0.01
10.13,8.86,-3.07,-2.78,1.30,2.44,1.34,-2.65,-2.38,1.06,-0.84,-0.73,0.61,0.33,-0.04,-0.01,0.57,0.21,0.49,0.07,0.07,0.07,0.56,0.68,0.25
10.26,8.81,-3.98,-1.87,0.99,3.19,0.93,-2.84,-2.80,0.81,-0.90,-0.94,0.88,0.10,-0.03,0.04,0.38,0.14,0.63,0.01,0.06,0.11,0.28,0.69,0.47
10.44,8.71,-4.29,-2.17,0.84,3.55,1.00,-2.87,-2.95,0.67,-0.96,-0.83,0.80,-0.12,-0.01,0.06,0.36,0.09,0.65,0.01,0.02,0.15,0.42,0.38,0.64
10.42,8.64,-3.75,-2.96,0.81,3.72,0.85,-2.88,-1.68,0.32,-0.96,-0.53,0.46,-0.13,-0.03,0.04,0.35,0.11,0.64,-0.01,-0.04,0.12,-0.19,-0.55,0.54
10.40,8.66,-3.33,-3.44,0.71,3.59,0.35,-2.42,-0.76,0.16,-0.95,-0.60,0.63,0.02,-0.01,0.02,0.23,0.13,0.60,-0.02,-0.07,0.08,-0.52,-0.86,0.61
10.25,8.68,-3.11,-3.40,0.60,3.23,0.30,-1.85,-0.69,0.14,-0.96,-0.72,0.80,0.03,-0.01,0.00,0.18,0.11,0.56,-0.01,-0.06,0.07,-0.57,-0.94,0.73
10.29,8.76,-2.95,-3.30,0.72,3.41,0.26,-2.33,-0.57,0.14,-0.95,-0.64,0.72,0.06,-0.01,-0.04,0.23,0.13,0.58,-0.01,-0.07,0.09,-0.46,-0.89,0.65
10.59,8.73,-3.23,-3.22,0.90,4.29,0.54,-3.62,-1.89,0.40,-0.93,-0.82,0.82,0.06,-0.05,-0.03,0.46,0.15,0.70,-0.03,-0.09,0.24,-0.44,-0.83,0.76
10.70,8.68,-3.33,-3.57,1.35,4.14,1.00,-4.41,-3.28,1.15,-0.79,-0.79,0.85,-0.02,-0.04,-0.03,0.72,0.19,0.70,0.00,-0.02,0.30,0.02,-0.16,0.59
10.41,8.70,-2.59,-4.07,1.77,2.84,1.17,-4.03,-2.69,1.89,-0.80,-0.81,0.92,0.00,-0.08,-0.09,0.69,0.27,0.58,0.03,0.10,0.15,0.16,0.66,0.37
10.18,8.44,-2.19,-4.57,1.86,1.97,1.25,-3.27,-1.88,2.18,-0.89,-0.77,0.94,-0.00,-0.05,-0.02,0.56,0.33,0.50,-0.04,0.14,0.02,-0.19,0.87,0.07
10.36,8.63,-2.27,-4.39,2.12,2.33,1.35,-4.44,-2.52,2.67,-0.90,-0.80,0.93,-0.15,0.06,0.07,0.60,0.29,0.51,-0.02,0.13,0.05,-0.09,0.86,0.16
10.35,8.94,-2.06,-3.81,2.17,2.49,1.17,-5.13,-2.60,2.28,-0.95,-0.90,0.90,0.08,0.04,0.05,0.70,0.25,0.54,0.05,0.13,0.08,0.27,0.93,0.22
10.30,8.86,-2.59,-3.24,1.58,3.24,1.16,-3.97,-3.32,1.36,-0.78,-0.89,0.74,0.23,-0.01,0.01,0.52,0.18,0.60,0.04,0.07,0.05,0.44,0.67,0.15
10.50,8.98,-3.24,-2.52,0.82,3.70,1.23,-2.73,-4.22,0.84,-0.91,-0.93,0.83,0.08,-0.02,-0.05,0.22,0.09,0.64,0.01,0.04,0.04,0.44,0.62,0.28
10.55,9.13,-3.00,-2.41,0.67,3.61,1.34,-2.22,-4.66,0.79,-0.91,-0.97,0.88,0.03,-0.02,-0.03,0.28,0.11,0.61,0.01,0.04,0.06,0.48,0.66,0.35
10.49,9.18,-2.76,-2.53,0.66,3.42,1.23,-2.10,-4.14,0.74,-0.93,-0.99,0.92,0.01,-0.02,0.01,0.24,0.09,0.58,0.01,0.04,0.06,0.38,0.74,0.41
10.44,9.16,-2.74,-2.59,0.57,3.25,1.19,-1.74,-3.82,0.64,-0.94,-0.99,0.93,0.03,-0.04,-0.02,0.15,0.07,0.55,0.01,0.04,0.04,0.59,0.87,0.46
10.58,9.05,-2.87,-2.81,0.70,3.73,1.23,-2.43,-4.43,0.80,-0.93,-0.97,0.93,-0.03,-0.03,-0.00,0.25,0.08,0.60,0.01,0.04,0.09,0.51,0.76,0.57
10.63,9.01,-2.93,-2.80,0.75,4.00,1.20,-2.78,-4.68,0.82,-0.93,-0.97,0.91,0.01,-0.00,0.02,0.28,0.06,0.65,0.01,0.02,0.09,0.51,0.58,0.48
10.48,8.99,-2.89,-2.67,0.65,3.74,1.17,-2.17,-4.33,0.67,-0.90,-0.99,0.88,0.06,-0.01,0.03,0.18,0.05,0.67,0.00,0.02,0.04,0.46,0.54,0.35
10.45,8.95,-2.94,-2.54,0.78,3.81,1.26,-2.67,-4.69,0.85,-0.90,-0.97,0.87,0.07,-0.01,-0.01,0.19,0.07,0.69,0.01,0.03,0.06,0.67,0.66,0.44
10.62,8.92,-3.23,-2.36,1.01,4.32,1.42,-4.03,-5.95,1.30,-0.92,-0.97,0.91,0.03,-0.03,0.01,0.37,0.09,0.74,0.02,0.03,0.15,0.60,0.46,0.54
10.67,8.79,-3.59,-2.44,0.93,4.49,1.28,-3.79,-5.37,1.10,-0.90,-0.94,0.92,-0.00,-0.05,0.03,0.47,0.09,0.73,0.02,0.01,0.25,0.38,0.12,0.72
10.38,8.76,-2.97,-3.13,0.90,3.67,1.11,-2.09,-3.44,0.60,-0.63,-0.85,0.60,-0.34,0.01,-0.04,0.76,0.14,0.58,0.01,0.01,0.23,0.13,0.07,0.51
10.27,8.96,-1.29,-3.82,1.57,2.53,1.22,-2.49,-2.53,1.64,-0.63,-0.82,0.85,-0.34,0.01,-0.10,0.75,0.20,0.51,0.01,0.07,0.08,0.09,0.66,0.21
10.49,9.08,-0.02,-3.99,2.14,2.68,1.46,-5.53,-3.57,2.93,-0.97,-0.91,0.94,0.04,-0.03,0.00,0.52,0.21,0.58,0.02,0.12,0.04,0.18,0.94,0.14
10.48,8.96,0.41,-4.09,2.14,2.89,1.35,-6.06,-3.56,2.70,-0.98,-0.91,0.94,-0.06,-0.01,0.05,0.53,0.19,0.56,0.02,0.10,0.07,0.21,0.96,0.24
10.33,8.93,0.67,-4.03,1.90,2.67,1.10,-4.92,-2.62,1.92,-0.97,-0.89,0.92,-0.09,-0.02,-0.03,0.52,0.20,0.53,0.03,0.09,0.09,0.29,0.90,0.32
10.48,9.11,0.48,-3.84,1.87,3.02,0.96,-5.46,-2.55,1.64,-0.96,-0.88,0.91,0.08,-0.04,-0.02,0.63,0.18,0.58,0.04,0.09,0.15,0.34,0.84,0.40
10.62,9.18,0.05,-3.81,2.02,3.34,1.07,-6.51,-3.15,2.01,-0.97,-0.88,0.94,0.13,-0.02,0.06,0.57,0.19,0.61,0.02,0.11,0.10,0.23,0.91,0.29
10.47,9.03,-0.50,-3.66,1.90,3.54,1.04,-6.24,-3.09,1.72,-0.93,-0.84,0.87,0.23,-0.01,0.03,0.70,0.21,0.63,0.06,0.10,0.10,0.39,0.72,0.24
10.54,9.04,-1.65,-3.22,1.43,4.10,0.78,-5.27,-2.48,0.84,-0.90,-0.78,0.76,0.26,-0.01,0.01,0.65,0.16,0.72,0.04,0.01,0.18,0.42,0.11,0.39
10.70,9.10,-2.58,-2.72,1.12,4.49,0.72,-4.81,-2.71,0.61,-0.96,-0.84,0.76,0.12,-0.01,-0.00,0.31,0.10,0.76,-0.01,-0.06,0.16,-0.36,-0.73,0.69
10.67,8.97,-3.49,-2.29,1.19,4.46,0.89,-4.77,-3.55,0.88,-0.90,-0.89,0.82,0.08,-0.03,0.01,0.51,0.13,0.76,0.01,-0.01,0.24,0.19,-0.15,0.60
10.47,8.63,-3.79,-2.87,1.32,3.87,1.19,-4.56,-2.60,0.97,-0.89,-0.57,0.62,-0.23,0.00,0.08,0.73,0.19,0.71,0.02,0.01,0.28,0.17,0.05,0.55
10.46,8.60,-2.98,-3.91,2.04,3.42,0.97,-6.00,-1.96,1.33,-0.86,-0.59,0.67,-0.26,0.01,0.09,0.77,0.19,0.66,0.03,0.02,0.24,0.20,0.17,0.46
10.60,8.68,-2.26,-4.16,2.50,3.79,0.98,-8.82,-2.72,2.12,-0.93,-0.73,0.87,-0.01,-0.03,0.05,0.89,0.13,0.71,0.04,0.07,0.42,0.36,0.73,0.66
10.56,8.62,-1.41,-4.30,2.23,3.92,1.04,-7.48,-2.68,1.97,-0.85,-0.66,0.85,-0.13,-0.02,-0.00,0.83,0.15,0.64,0.02,0.06,0.41,0.16,0.57,0.77
10.51,8.79,-0.47,-4.44,1.90,3.20,1.20,-4.48,-2.54,2.11,-0.74,-0.66,0.93,-0.11,-0.00,0.01,0.58,0.19,0.44,-0.01,0.06,0.14,-0.06,0.66,0.57
10.56,8.89,-0.75,-4.24,1.88,3.19,1.45,-4.70,-3.75,2.60,-0.78,-0.81,0.95,0.14,0.01,0.05,0.52,0.20,0.44,0.00,0.07,0.11,0.02,0.78,0.49
10.70,8.90,-1.45,-4.07,1.96,3.59,1.63,-5.89,-4.58,3.08,-0.84,-0.78,0.96,0.09,-0.01,0.03,0.62,0.19,0.53,0.02,0.08,0.21,0.16,0.77,0.62
10.54,8.84,-1.38,-4.04,2.07,3.40,1.46,-5.77,-3.72,2.83,-0.82,-0.75,0.94,0.04,-0.02,0.01,0.74,0.21,0.59,0.04,0.10,0.27,0.28,0.83,0.61
10.21,8.82,-1.47,-3.73,2.06,2.93,1.14,-5.48,-2.79,2.17,-0.91,-0.83,0.92,0.06,0.02,0.05,0.64,0.21,0.61,0.06,0.11,0.23,0.42,0.85,0.59
10.29,9.05,-1.82,-3.16,1.91,3.18,1.07,-5.73,-2.74,1.80,-0.94,-0.80,0.88,0.09,0.02,-0.04,0.67,0.21,0.60,0.04,0.10,0.17,0.25,0.81,0.43
10.56,9.17,-2.23,-2.79,1.47,4.00,0.82,-4.96,-1.97,0.90,-0.85,-0.60,0.75,0.21,-0.04,-0.05,0.67,0.19,0.68,-0.01,-0.01,0.22,-0.09,-0.07,0.47
10.63,9.09,-2.63,-2.65,0.98,4.40,0.43,-3.97,-1.30,0.23,-0.92,-0.69,0.55,0.07,-0.04,0.06,0.48,0.17,0.73,-0.04,-0.10,0.23,-0.57,-0.85,0.66
10.62,8.91,-2.95,-2.81,1.08,4.50,0.70,-4.38,-2.52,0.61,-0.90,-0.80,0.81,0.06,-0.04,0.07,0.46,0.13,0.69,-0.01,-0.04,0.22,-0.20,-0.50,0.69
10.63,8.80,-3.26,-2.77,1.05,4.58,0.93,-4.40,-3.86,0.89,-0.91,-0.90,0.91,0.03,-0.01,0.03,0.50,0.10,0.67,-0.01,-0.01,0.24,-0.11,-0.10,0.73
10.65,8.78,-3.17,-2.66,0.92,4.74,0.90,-3.95,-3.89,0.78,-0.91,-0.91,0.94,-0.04,-0.02,0.03,0.54,0.13,0.68,-0.02,-0.04,0.28,-0.29,-0.44,0.77
10.64,8.78,-2.78,-3.29,1.42,4.38,0.99,-4.57,-3.18,0.83,-0.73,-0.73,0.59,-0.19,-0.04,0.03,0.78,0.15,0.65,-0.04,-0.02,0.30,-0.31,-0.17,0.59
10.43,8.86,-1.45,-3.96,2.01,3.43,0.92,-4.77,-2.13,1.38,-0.69,-0.68,0.75,-0.40,0.01,-0.03,0.78,0.14,0.57,-0.01,0.03,0.24,-0.05,0.39,0.55
10.36,8.90,0.05,-4.19,1.96,2.62,1.40,-3.56,-2.17,2.33,-0.69,-0.59,0.84,-0.05,-0.04,0.01,0.75,0.22,0.45,-0.01,0.06,0.18,-0.07,0.57,0.55
10.70,8.76,-0.77,-4.43,1.83,3.56,1.75,-4.26,-4.01,3.11,-0.65,-0.64,0.97,0.20,-0.06,0.05,0.72,0.25,0.44,-0.02,0.08,0.12,-0.12,0.74,0.39
10.89,8.63,-1.96,-4.41,1.93,4.03,1.82,-5.94,-5.49,3.39,-0.76,-0.75,0.97,0.07,-0.02,0.02,0.68,0.23,0.49,-0.04,0.08,0.13,-0.27,0.70,0.38
10.84,8.64,-1.65,-4.39,1.90,3.90,2.00,-5.01,-5.67,3.67,-0.67,-0.73,0.96,-0.11,-0.03,0.01,0.73,0.28,0.46,-0.08,0.09,0.10,-0.39,0.68,0.31
10.77,8.74,-0.94,-4.57,1.80,3.28,2.19,-3.27,-4.95,3.80,-0.55,-0.69,0.96,-0.16,-0.02,0.01,0.75,0.35,0.38,-0.10,0.10,0.07,-0.37,0.73,0.24
10.65,8.74,-0.84,-4.57,1.74,2.83,2.27,-2.70,-4.34,3.81,-0.55,-0.67,0.96,0.16,-0.03,0.06,0.69,0.38,0.37,-0.05,0.11,0.08,-0.18,0.80,0.33
10.61,8.69,-1.25,-4.60,2.03,3.06,1.80,-4.89,-3.81,2.97,-0.78,-0.69,0.81,0.19,-0.01,0.02,0.77,0.31,0.53,0.05,0.11,0.18,0.21,0.71,0.44
10.58,8.72,-1.76,-4.13,2.12,3.90,1.05,-7.31,-2.57,1.38,-0.88,-0.63,0.62,0.20,0.03,-0.03,0.93,0.18,0.69,0.07,0.05,0.28,0.44,0.43,0.44
10.47,8.96,-2.13,-3.01,1.47,3.99,1.18,-4.77,-2.85,0.75,-0.81,-0.60,0.43,0.37,0.02,-0.02,0.73,0.13,0.63,0.04,0.02,0.21,0.41,0.25,0.45
10.48,9.31,-2.32,-2.10,0.58,3.41,1.58,-1.40,-4.88,0.62,-0.71,-0.90,0.68,0.16,-0.01,0.02,0.46,0.16,0.49,0.05,0.06,0.11,0.62,0.71,0.50
10.66,9.21,-3.06,-2.02,0.55,3.63,1.83,-1.12,-6.22,0.70,-0.56,-0.94,0.69,-0.02,-0.03,0.07,0.38,0.18,0.55,0.03,0.08,0.15,0.50,0.82,0.70
10.72,9.00,-3.13,-2.48,0.50,4.01,1.78,-1.45,-7.04,0.64,-0.72,-0.98,0.71,-0.02,-0.03,0.03,0.28,0.15,0.63,0.02,0.07,0.13,0.48,0.75,0.73
10.75,9.06,-2.86,-2.67,0.63,4.10,1.70,-1.84,-6.86,0.74,-0.72,-0.98,0.70,0.05,-0.04,0.01,0.23,0.13,0.65,0.01,0.07,0.07,0.33,0.79,0.50
10.77,9.05,-2.85,-2.92,0.72,4.19,1.40,-2.47,-5.32,0.76,-0.81,-0.91,0.74,-0.05,-0.03,0.02,0.38,0.11,0.63,0.00,0.04,0.06,0.09,0.55,0.24
10.72,8.97,-2.71,-3.03,0.77,4.43,1.00,-2.92,-4.03,0.64,-0.85,-0.91,0.82,0.02,-0.00,0.01,0.45,0.07,0.66,0.00,-0.01,0.11,0.02,-0.17,0.36
10.72,8.96,-3.04,-2.59,0.94,4.62,1.03,-3.91,-4.18,0.75,-0.90,-0.88,0.77,0.03,0.01,-0.01,0.46,0.07,0.73,-0.00,-0.02,0.20,-0.12,-0.30,0.58
10.71,8.88,-3.49,-2.40,1.13,4.66,1.06,-4.87,-4.50,1.04,-0.92,-0.91,0.86,0.02,-0.01,0.04,0.53,0.10,0.76,0.02,0.02,0.28,0.36,0.29,0.71
10.61,8.72,-3.94,-2.30,1.22,4.40,1.29,-4.89,-5.41,1.41,-0.91,-0.95,0.90,0.13,-0.03,0.06,0.47,0.14,0.69,0.04,0.07,0.24,0.61,0.75,0.74
10.55,8.62,-4.14,-2.67,1.38,3.91,1.37,-4.54,-4.42,1.32,-0.84,-0.83,0.70,-0.24,-0.04,-0.00,0.70,0.14,0.63,0.02,0.06,0.19,0.18,0.65,0.43
10.38,8.46,-3.03,-3.94,2.13,3.45,1.17,-5.70,-3.23,1.35,-0.78,-0.80,0.54,-0.28,-0.03,0.01,0.73,0.13,0.66,0.02,0.06,0.23,0.25,0.68,0.46
10.25,8.41,-1.64,-4.83,2.42,2.79,0.64,-6.37,-1.28,1.10,-0.94,-0.72,0.71,-0.10,-0.04,0.03,0.59,0.10,0.64,0.02,0.05,0.21,0.36,0.73,0.54
10.35,8.36,-1.95,-4.68,2.00,3.37,0.91,-5.26,-2.13,0.75,-0.78,-0.70,0.41,0.29,-0.04,0.08,1.06,0.10,0.57,0.00,0.02,0.19,0.03,0.38,0.32
10.38,8.23,-3.96,-3.21,1.63,4.10,1.45,-5.21,-4.17,0.79,-0.78,-0.70,0.34,0.40,-0.02,0.05,0.93,0.09,0.64,-0.01,0.00,0.14,-0.07,0.00,0.23
10.38,8.09,-5.45,-1.81,1.64,4.17,1.07,-6.58,-3.60,1.23,-0.96,-0.81,0.70,0.07,-0.01,-0.02,0.37,0.13,0.76,0.00,0.02,0.11,0.00,0.24,0.38
10.37,8.00,-5.15,-1.62,1.41,4.42,1.77,-5.65,-6.98,1.69,-0.90,-0.89,0.68,0.07,-0.01,0.03,0.44,0.17,0.74,0.03,0.08,0.20,0.36,0.64,0.61
10.62,8.09,-5.31,-1.36,0.77,4.19,2.29,-2.73,-9.23,1.29,-0.85,-0.96,0.74,0.05,-0.01,0.04,0.35,0.21,0.60,0.05,0.11,0.18,0.69,0.86,0.85
10.77,8.08,-5.86,-1.38,0.47,3.80,2.15,-1.38,-7.66,0.79,-0.77,-0.94,0.78,0.01,-0.03,0.05,0.37,0.23,0.54,0.05,0.10,0.11,0.53,0.82,0.54
10.50,7.90,-5.63,-2.01,0.39,3.63,1.69,-0.88,-5.65,0.43,-0.62,-0.92,0.65,-0.02,-0.02,0.02,0.34,0.21,0.55,0.01,0.08,0.06,0.17,0.67,0.33
10.42,7.86,-5.15,-2.58,0.58,4.12,1.39,-1.80,-4.28,0.31,-0.75,-0.75,0.39,-0.16,0.01,-0.03,0.34,0.20,0.61,-0.02,0.01,0.05,-0.23,0.07,0.24
10.71,8.24,-4.01,-3.37,0.89,4.95,1.12,-3.43,-0.79,-0.14,-0.78,-0.14,-0.14,-0.25,0.01,-0.05,0.48,0.24,0.69,-0.05,-0.12,0.17,-0.46,-0.70,0.50
10.85,8.65,-2.69,-3.96,0.85,4.84,0.65,-3.72,1.84,-0.32,-0.90,0.59,-0.59,-0.03,0.00,-0.07,0.48,0.26,0.70,-0.06,-0.17,0.19,-0.50,-0.93,0.58
10.73,8.71,-2.55,-3.80,1.04,4.64,0.46,-4.45,0.76,-0.19,-0.92,0.35,-0.39,0.09,-0.02,0.01,0.41,0.23,0.73,-0.04,-0.15,0.19,-0.47,-0.93,0.63
10.47,8.39,-3.05,-3.87,1.64,4.24,0.74,-5.69,-0.63,0.55,-0.82,-0.20,0.45,-0.14,-0.01,0.12,0.74,0.24,0.73,-0.05,-0.06,0.33,-0.27,-0.37,0.61
10.44,8.41,-2.52,-4.31,2.40,3.43,1.27,-6.48,-3.02,2.56,-0.79,-0.70,0.84,-0.24,-0.03,0.03,0.92,0.25,0.67,0.03,0.09,0.37,0.13,0.52,0.60
10.64,8.68,-1.69,-4.73,2.67,2.82,1.43,-6.92,-3.35,3.55,-0.92,-0.83,0.93,-0.05,-0.07,-0.00,0.78,0.21,0.62,0.04,0.11,0.19,0.21,0.86,0.40
10.48,8.31,-1.43,-5.24,2.51,2.85,1.08,-6.69,-2.12,2.35,-0.94,-0.69,0.86,0.01,-0.07,0.08,0.58,0.17,0.62,-0.01,0.08,0.09,-0.11,0.79,0.26
10.39,8.01,-2.83,-4.32,2.09,4.20,1.51,-7.02,-4.57,1.39,-0.80,-0.72,0.44,0.41,-0.03,0.09,1.10,0.17,0.67,0.09,0.05,0.21,0.48,0.47,0.29
10.43,8.21,-4.27,-2.84,1.63,4.56,0.98,-6.60,-2.84,0.77,-0.89,-0.64,0.48,0.27,0.04,-0.01,1.17,0.14,0.75,0.04,-0.01,0.42,0.23,-0.06,0.48
10.56,8.64,-3.73,-2.46,1.48,4.68,0.91,-6.03,-3.25,0.72,-0.87,-0.76,0.53,-0.01,0.00,-0.05,0.70,0.13,0.79,-0.03,-0.03,0.43,-0.29,-0.28,0.79
10.62,8.74,-3.17,-2.77,1.52,4.82,0.97,-6.89,-3.56,0.97,-0.94,-0.76,0.66,0.11,-0.06,0.01,0.77,0.14,0.79,0.02,-0.01,0.41,0.20,-0.12,0.68
10.58,8.57,-3.46,-2.89,1.45,4.75,1.04,-6.58,-4.03,1.10,-0.95,-0.81,0.73,0.04,-0.04,0.03,0.75,0.16,0.76,0.05,0.03,0.40,0.39,0.21,0.70
10.48,8.62,-3.70,-2.48,1.23,4.17,1.50,-4.56,-5.60,1.66,-0.89,-0.89,0.90,-0.09,-0.01,0.01,0.72,0.19,0.64,0.09,0.08,0.30,0.69,0.67,0.64
10.40,8.91,-2.79,-2.98,1.99,3.12,1.66,-4.37,-4.76,2.40,-0.70,-0.92,0.73,-0.18,-0.00,0.01,0.72,0.23,0.59,0.08,0.12,0.22,0.48,0.86,0.52
10.36,8.99,-2.00,-3.65,2.51,2.20,1.65,-5.12,-3.30,3.97,-0.93,-0.91,0.96,0.02,-0.01,-0.03,0.55,0.32,0.58,-0.01,0.17,0.05,-0.05,0.90,0.17
10.39,9.10,-1.78,-3.48,2.39,2.26,1.74,-4.84,-3.47,3.97,-0.90,-0.89,0.96,-0.00,-0.03,-0.05,0.41,0.35,0.55,-0.03,0.19,-0.02,-0.20,0.94,-0.09
10.39,9.18,-1.73,-3.31,2.17,2.55,1.56,-5.10,-3.47,3.03,-0.92,-0.87,0.90,0.13,0.00,0.04,0.59,0.30,0.58,0.02,0.16,0.07,0.14,0.93,0.21
10.52,9.02,-2.58,-2.77,1.65,3.81,1.45,-4.91,-4.62,1.99,-0.78,-0.83,0.83,0.17,-0.00,0.02,0.54,0.21,0.69,0.03,0.08,0.10,0.24,0.55,0.28
10.67,9.10,-3.16,-2.11,0.92,4.29,1.12,-3.74,-4.58,0.93,-0.94,-0.96,0.90,0.05,-0.02,-0.02,0.28,0.08,0.75,-0.00,-0.01,0.09,-0.11,-0.09,0.45
10.62,9.11,-3.21,-2.03,0.94,4.15,1.24,-3.66,-4.97,1.05,-0.93,-0.97,0.90,0.09,-0.02,-0.01,0.31,0.09,0.73,0.01,0.00,0.08,0.27,0.04,0.37
10.70,8.91,-3.60,-1.89,1.10,4.52,1.70,-4.41,-7.32,1.42,-0.88,-0.95,0.76,0.12,-0.06,0.04,0.38,0.15,0.76,0.04,0.06,0.17,0.73,0.49,0.61
10.60,8.53,-4.18,-1.77,1.00,4.48,2.01,-3.66,-8.54,1.56,-0.82,-0.95,0.78,0.10,-0.08,0.09,0.39,0.18,0.70,0.05,0.09,0.22,0.72,0.75,0.82
10.55,8.20,-4.87,-2.23,0.99,4.35,1.62,-3.54,-4.97,1.09,-0.83,-0.70,0.68,-0.05,-0.06,0.05,0.41,0.17,0.66,0.01,0.01,0.17,0.12,0.06,0.64
10.37,7.99,-3.98,-3.66,1.44,4.11,1.35,-4.61,-3.20,0.80,-0.78,-0.58,0.41,-0.37,0.00,0.00,0.55,0.20,0.65,-0.00,-0.00,0.15,-0.04,-0.02,0.42
10.34,8.16,-2.55,-4.77,1.74,3.15,1.20,-4.85,-2.96,1.63,-0.89,-0.78,0.78,-0.25,0.01,-0.02,0.68,0.25,0.54,-0.01,0.09,0.08,-0.05,0.71,0.22
10.49,8.36,-3.47,-3.87,1.46,3.48,1.66,-3.95,-4.12,1.33,-0.78,-0.71,0.55,0.43,-0.05,0.08,0.89,0.24,0.56,-0.03,0.05,0.12,-0.12,0.39,0.24
10.25,7.99,-4.94,-2.43,1.30,4.06,1.09,-4.25,-1.79,0.10,-0.81,-0.40,0.07,0.37,-0.04,0.10,0.90,0.19,0.76,-0.05,-0.06,0.31,-0.31,-0.44,0.45
10.18,7.68,-5.56,-1.94,1.38,4.33,0.81,-5.54,-2.41,0.70,-0.93,-0.69,0.62,-0.05,0.01,0.07,0.60,0.13,0.80,-0.02,-0.04,0.36,-0.22,-0.36,0.74
10.20,7.97,-4.88,-2.76,1.80,3.52,1.27,-4.64,-3.70,1.10,-0.73,-0.83,0.48,-0.25,0.03,-0.03,0.70,0.18,0.68,0.03,0.08,0.30,0.26,0.65,0.62
10.14,8.20,-3.36,-4.05,2.23,2.67,1.11,-5.32,-2.58,1.84,-0.90,-0.87,0.74,-0.29,-0.02,-0.03,0.71,0.22,0.64,0.04,0.11,0.28,0.24,0.78,0.62
10.12,8.01,-3.48,-3.95,2.20,3.39,1.40,-6.21,-3.35,1.39,-0.83,-0.71,0.45,0.26,-0.06,0.07,1.03,0.19,0.65,0.06,0.09,0.25,0.31,0.77,0.37
10.28,7.89,-5.23,-2.41,1.85,3.99,1.47,-6.36,-3.51,0.71,-0.86,-0.60,0.26,0.33,0.00,0.03,0.93,0.14,0.75,0.01,0.04,0.25,0.09,0.40,0.36
10.54,8.02,-5.99,-1.61,1.60,4.06,0.73,-6.03,-2.27,0.72,-0.93,-0.77,0.61,-0.10,0.03,0.05,0.55,0.10,0.82,0.03,0.03,0.27,0.53,0.33,0.61
10.47,8.20,-4.70,-2.88,2.03,3.70,1.51,-5.62,-4.02,1.42,-0.75,-0.72,0.46,-0.32,0.00,-0.02,0.77,0.16,0.76,0.03,0.08,0.29,0.28,0.65,0.50
10.32,8.20,-3.39,-4.10,2.30,2.95,1.47,-5.83,-3.83,2.90,-0.86,-0.88,0.86,-0.15,-0.01,-0.06,0.77,0.23,0.66,0.01,0.12,0.23,0.05,0.81,0.46
10.43,8.27,-2.82,-4.39,2.03,3.01,1.81,-4.89,-4.62,3.45,-0.80,-0.85,0.94,-0.08,-0.04,-0.03,0.66,0.26,0.50,-0.04,0.10,0.12,-0.20,0.78,0.35
10.51,8.45,-2.16,-4.74,1.72,2.56,1.97,-2.98,-4.05,3.14,-0.68,-0.81,0.93,-0.12,-0.05,-0.03,0.64,0.29,0.34,-0.07,0.08,0.04,-0.35,0.80,0.21
10.46,8.49,-1.61,-4.88,1.63,2.23,1.99,-2.62,-3.73,3.05,-0.72,-0.84,0.94,0.03,-0.04,0.01,0.54,0.31,0.33,-0.05,0.09,0.04,-0.28,0.84,0.21
10.54,8.63,-2.09,-4.53,1.78,2.44,2.00,-3.31,-4.23,3.40,-0.76,-0.87,0.96,0.14,-0.02,0.03,0.52,0.32,0.39,-0.03,0.11,0.05,-0.17,0.88,0.23
10.62,8.57,-2.84,-4.19,1.92,2.87,2.08,-4.64,-5.30,3.85,-0.84,-0.89,0.97,0.19,-0.01,0.05,0.52,0.31,0.49,0.00,0.13,0.10,0.00,0.85,0.40
10.62,8.35,-2.99,-4.18,1.97,3.35,2.16,-5.81,-6.48,4.16,-0.88,-0.90,0.98,0.05,-0.03,0.00,0.53,0.28,0.54,0.01,0.13,0.13,0.08,0.88,0.47
10.56,8.47,-2.44,-4.27,2.04,3.22,1.97,-4.86,-5.42,3.72,-0.74,-0.86,0.93,-0.21,-0.03,-0.04,0.64,0.25,0.46,0.00,0.11,0.08,0.02,0.92,0.26
10.46,8.74,-2.88,-3.25,1.67,3.31,1.85,-3.78,-4.99,2.28,-0.68,-0.81,0.73,0.10,-0.03,-0.06,1.23,0.20,0.48,0.04,0.07,0.18,0.17,0.76,0.30
10.50,8.83,-3.77,-2.17,1.08,3.55,1.70,-3.44,-5.54,1.50,-0.90,-0.92,0.82,0.34,-0.01,0.01,1.04,0.20,0.62,0.05,0.10,0.18,0.23,0.83,0.28
10.51,8.74,-3.93,-2.01,1.10,3.58,2.11,-3.57,-7.38,2.08,-0.91,-0.98,0.90,0.08,0.01,0.10,0.18,0.23,0.65,0.03,0.14,0.07,0.61,0.93,0.60
10.41,8.40,-4.76,-1.87,1.30,3.59,1.75,-3.93,-5.65,1.86,-0.84,-0.90,0.82,-0.09,0.05,0.16,0.43,0.21,0.65,0.02,0.10,0.08,0.18,0.77,0.30
10.20,7.42,-5.95,-2.07,1.99,3.41,1.33,-4.50,-3.79,1.84,-0.66,-0.84,0.70,-0.12,0.11,0.27,0.57,0.22,0.67,0.05,0.11,0.15,0.41,0.76,0.38
10.07,1.44,-7.22,-2.85,6.02,2.39,1.45,-0.68,-1.64,6.33,-0.05,-0.47,0.73,-0.23,-0.11,0.72,0.58,0.35,0.99,0.13,-0.08,-0.23,0.65,-0.23,-0.39
