-1.45,-5.95,-7.67,0.03,-0.04,0.01
-1.53,-6.02,-7.62,0.04,-0.04,0.01
-1.53,-6,-7.63,0.02,-0.02,0.01
-1.54,-5.99,-7.64,0.04,-0.01,0
-1.51,-5.99,-7.59,0.06,-0.01,0.01
-1.5,-6.02,-7.57,0.04,-0.02,0
-1.5,-6,-7.59,0.04,-0.02,0.01
-1.52,-6.05,-7.58,0.04,-0.02,0.01
-1.5,-6.05,-7.59,0.02,-0.01,0.01
-1.51,-6.06,-7.59,0.02,-0.02,0.01
-1.49,-6.03,-7.59,0,-0.01,0.01
-1.5,-6.04,-7.6,0.01,-0.01,0
-1.52,-6.05,-7.58,0,-0.01,0
-1.53,-6.02,-7.61,0,-0.01,0.01
-1.5,-5.98,-7.61,0,-0.01,0.01
-1.5,-6,-7.62,0.01,-0.02,0.02
-1.51,-5.98,-7.62,0.02,-0.02,0.01
-1.52,-6.06,-7.6,0.03,-0.02,0.02
-1.51,-6.06,-7.58,0,-0.01,0.01
-1.5,-5.96,-7.63,-0.01,-0.01,0.02
-1.5,-6,-7.61,0.01,-0.01,0.01
-1.48,-5.95,-7.65,0.02,-0.02,0.01
-1.52,-6.01,-7.61,0.04,-0.03,0.02
-1.58,-5.99,-7.62,0.02,-0.04,0.02
-1.57,-5.97,-7.62,0.05,-0.03,0.02
-1.56,-6.09,-7.56,0.05,-0.02,0.02
-1.55,-6.03,-7.58,0,-0.01,0.01
-1.56,-5.98,-7.61,0.01,-0.02,0.01
-1.58,-6.03,-7.57,0.02,-0.03,0.02
-1.59,-6.02,-7.59,0,-0.03,0.02
-1.58,-5.99,-7.61,0.01,-0.03,0.02
-1.57,-6.02,-7.58,0,-0.02,0.02
-1.61,-5.98,-7.62,-0.01,-0.03,0.02
-1.65,-5.94,-7.64,-0.01,-0.02,0.02
-1.65,-5.95,-7.64,-0.02,-0.01,0.02
-1.65,-6.13,-7.68,-0.02,0.06,-0.02
-1.61,-6.09,-7.67,-0.23,0.03,-0.05
-1.67,-5.79,-7.92,-0.17,-0.04,-0.11
-1.82,-5.46,-8.31,-0.4,-0.1,-0.08
-1.44,-5.42,-8.26,-0.06,-0.08,-0.06
-1.32,-6.18,-7.89,-0.08,-0.12,-0.06
-0.58,-5.93,-7.8,-0.4,0.01,-0.1
-0.78,-5.68,-8.27,-0.47,-0.07,-0.13
-0.57,-5.53,-8.37,-0.27,-0.12,-0.25
-0.3,-5.38,-8.41,-0.55,-0.25,-0.34
-0.42,-4.96,-8.53,-0.7,-0.32,-0.31
-0.98,-4.17,-8.71,-0.31,-0.43,-0.29
-0.81,-4.49,-7.83,0.26,-0.68,-0.27
-1.43,-5.02,-7.26,0.1,-1.02,-0.42
-2.74,-4.21,-8.25,-0.45,-1.16,-0.37
-3.27,-2.59,-8.36,-0.21,-0.82,-0.31
-3.83,-4.1,-7.94,0.39,-1.06,0.03
-5.05,-4.92,-8.08,0.46,-1.25,0.43
-5.82,-4.62,-9.59,0.63,-1.36,1.03
-4.82,-5.1,-6.61,1.34,-1.25,1.3
-5.11,-5.53,-6.14,1.08,-1.09,0.93
-6.68,-5.8,-4.33,1.34,-0.54,0.76
-7.98,-5.05,-4.98,2.08,-0.21,1.04
-7.47,-5.52,-4.46,2.09,-0.17,1.29
-8.12,-4.12,-3.78,2.29,-0.4,1.55
-9.63,-5.82,-2.03,1.69,-0.77,1.67
-10.42,-5.14,-2.06,1.47,-1.11,1.88
-11.52,-6.16,-1.44,0.57,-1.5,2
-10.84,-4.08,-1.64,-0.47,-1.28,1.5
-10.46,-3.79,-1.25,-0.85,-1.16,1.08
-8.45,-2.7,-1.59,-1.71,-0.65,0.59
-7.45,-1.05,-1.47,-1.11,-0.25,0.01
-7.29,-1.47,-1.12,-1.14,-0.14,-0.22
-7.92,-0.58,-1.01,-0.95,0.25,-0.3
-7.89,-0.72,-0.25,0.22,0.6,-0.39
-8.58,-1.04,0.11,0.74,0.76,-0.37
-8.46,-1.57,-0.16,0.83,0.85,-0.31
-7.94,-1.74,-0.46,0.48,0.69,-0.17
-8.02,-1.8,-0.64,0.1,0.4,0.05
-8.71,-2.3,-0.8,-0.16,0.18,0.26
-8.97,-2.75,-1.03,-0.54,0.04,0.37
-9.56,-2.8,-1.55,-0.82,-0.16,0.38
-9.44,-2.53,-1.73,-0.78,-0.17,0.28
-9.43,-2.13,-1.7,-0.35,-0.08,0.05
-9.35,-2.06,-1.5,0.11,0.13,-0.23
-9.27,-2.09,-1.33,0.27,0.25,-0.37
-9.13,-1.98,-1.26,0.24,0.22,-0.35
-8.99,-2.06,-1.26,0.2,0.07,-0.24
-9.17,-2.15,-1.28,0.03,-0.08,-0.12
-9.17,-2.18,-1.5,-0.17,-0.22,-0.02
-9.15,-2.22,-1.73,-0.33,-0.3,0.05
-9.15,-2.25,-1.85,-0.51,-0.36,0.11
-9.17,-2.19,-2.05,-0.55,-0.37,0.16
-9.5,-2.18,-2.13,-0.46,-0.31,0.17
-9.45,-2.08,-2.16,-0.32,-0.18,0.11
-9.48,-2,-2.1,-0.08,-0.03,0.02
-9.33,-2.11,-2.01,0.04,0.08,-0.04
-9.27,-2.09,-1.86,0.01,0.13,-0.05
-9.23,-2.02,-1.76,0.05,0.17,-0.05
-9.15,-2.04,-1.62,0.12,0.16,-0.04
-9.17,-2.12,-1.54,0.13,0.15,-0.02
-9.17,-2.18,-1.5,0.08,0.09,0
-9.18,-2.18,-1.54,0.02,0.03,0.01
-9.22,-2.17,-1.59,-0.01,0,0.01
-9.21,-2.1,-1.66,0.02,-0.01,-0.01
-9.27,-2.09,-1.72,0.06,-0.02,0
-9.21,-2.07,-1.76,0.03,-0.03,0.02
-9.21,-2.06,-1.84,0.03,-0.04,0.03
-9.23,-2.09,-1.87,0.03,-0.05,0.05
-9.18,-2.09,-1.84,0.02,-0.05,0.05
-9.23,-2.12,-1.87,0.05,-0.04,0.04
-9.28,-2.14,-1.89,0.04,-0.03,0.04
-9.26,-2.11,-1.85,0.06,0,0.03
-9.23,-2.14,-1.84,0.04,0,0.02
-9.24,-2.1,-1.8,0.01,0,0.02
-9.21,-2.07,-1.8,0.02,-0.01,0.01
-9.2,-2.07,-1.76,0.01,-0.01,0.02
-9.31,-2.06,-1.78,0.01,-0.01,0.02
-9.23,-2.04,-1.8,0.03,-0.02,0.01
-9.22,-2.04,-1.82,0.01,-0.01,0
-9.22,-2.02,-1.87,-0.02,-0.03,0.02
-9.22,-2,-1.84,0,-0.01,0.02
-9.19,-2.07,-1.8,0.03,0,0.01
-9.2,-2.08,-1.73,0.01,-0.01,0.02
-9.18,-2.08,-1.74,0.01,-0.02,0.01
-9.26,-2.1,-1.75,0.03,-0.03,-0.02
-9.19,-2.09,-1.74,0.03,-0.02,-0.04
-9.27,-2.03,-1.7,0.03,-0.03,-0.03
-9.26,-2.03,-1.75,0.02,-0.05,-0.02
-9.29,-2,-1.78,0.03,-0.03,-0.02
-9.21,-1.97,-1.76,0.03,-0.02,-0.02
-9.21,-1.97,-1.62,0.04,-0.03,0.01
-9.34,-2.1,-1.64,0.01,-0.08,0.06
-9.29,-2.1,-1.71,-0.06,-0.1,0.07
-9.21,-2.02,-1.79,-0.02,-0.06,0.03
-9.22,-2.08,-1.74,0.03,-0.04,0.03
-9.25,-2.12,-1.64,0.05,-0.02,0.02
-9.26,-2.21,-1.57,0.06,-0.02,-0.01
-9.22,-2.16,-1.55,0,-0.03,-0.03
-9.3,-2.07,-1.54,-0.01,-0.05,-0.03
-9.26,-2.06,-1.6,0,-0.05,-0.02
-9.3,-2.08,-1.59,0.01,-0.04,-0.02
-9.33,-2.08,-1.6,0,-0.03,-0.02
-9.3,-2.05,-1.56,0,-0.03,-0.02
-9.28,-2.08,-1.56,0.01,-0.03,-0.01
-9.26,-2.1,-1.53,-0.02,-0.03,0.01
-9.28,-2.1,-1.53,0,-0.03,0.01
-9.31,-2.15,-1.49,0,-0.03,0
-9.29,-2.12,-1.46,0,-0.04,-0.01
-9.27,-2.1,-1.39,0.01,-0.05,-0.01
-9.17,-2.02,-1.32,0.01,-0.07,-0.01
-9.16,-1.98,-1.24,0.03,-0.12,0.01
-9.3,-1.96,-1.13,0,-0.17,0.06
-9.05,-1.93,-1.03,0.06,-0.18,0.07
-8.93,-1.97,-0.89,0.07,-0.24,0.06
-8.85,-1.97,-0.66,0.06,-0.29,0.05
-8.69,-2.02,-0.56,0.03,-0.38,0.05
-8.59,-2.06,-0.36,-0.01,-0.38,0.01
-8.27,-2.02,-0.34,-0.03,-0.32,-0.09
-8.34,-2.18,-0.05,-0.14,-0.31,-0.25
-8.21,-2.2,-0.04,-0.36,-0.23,-0.44
-8.06,-2.24,-0.42,-0.62,-0.18,-0.64
-8.81,-2.92,-0.64,-1.06,-0.31,-0.76
-8.92,-2.69,-0.76,-1.3,0.08,-0.71
-8.81,-2.47,-0.88,-1.02,0.59,-0.79
-8.68,-3.57,-1.82,-0.51,0.71,-0.79
-8.95,-4.04,-2.23,-0.68,0.98,-0.77
-8.87,-4.54,-3.73,-1.22,1.28,-0.8
-8.55,-5.64,-4.43,-0.62,1.39,-0.73
-8.56,-5.49,-3.81,-0.59,1.52,-0.67
-7.95,-6.37,-3.25,-0.22,1.5,-0.64
-7.18,-5.9,-3.49,-0.51,1.51,-0.73
-7.61,-7.05,-5.49,-0.74,1.42,-0.64
-6.72,-5.15,-6.57,-1.25,1.68,-0.46
-6.16,-3.31,-8.27,-1.37,1.55,-0.08
-4.81,-3.35,-8.96,-0.66,1.37,0.32
-3.87,-4.01,-8.72,0.06,1.16,0.57
-2.45,-4.43,-8.29,0.44,0.71,0.78
-2.76,-4.35,-8.49,0.07,0.74,0.57
-1.64,-3.42,-8.65,0.01,0.57,0.25
-2.09,-3.01,-8.81,-0.37,0.65,-0.01
-1.73,-2.88,-8.85,-0.09,0.45,0.13
-1.55,-2.9,-8.85,0.19,0.48,0.21
-1.71,-4.5,-8.54,0.29,0.32,0.36
-0.92,-4.19,-7.98,0,0.29,0.25
-0.81,-4.18,-8.35,-0.78,0.04,0.24
-0.42,-2.23,-10.83,-0.84,-0.01,0.32
-1.1,-2.19,-10.43,-0.22,-0.04,0.2
-1.82,-2.13,-8.94,0.13,-0.09,0.15
-2.5,-2.83,-9.46,0.2,-0.13,0.2
-2.4,-2.97,-9.33,0.2,-0.03,0.15
-2.12,-2.8,-9.25,0.34,0.04,0.15
-2.1,-3.04,-9.23,0.28,0.07,0.15
-2.23,-3.22,-9.13,0.15,0.06,0.09
-2.27,-3.06,-9.1,0.09,0.05,0.02
-2.17,-2.94,-9.13,0.18,0.05,0.01
-2.09,-3.15,-9.08,0.29,0.05,0.04
-2.06,-3.46,-9.01,0.26,0.07,0.07
-2,-3.55,-8.97,0.16,0.07,0.08
-1.95,-3.5,-8.95,0.12,0.06,0.07
-1.92,-3.48,-8.97,0.14,0.04,0.05
-1.89,-3.58,-8.96,0.14,0.03,0.04
-1.83,-3.7,-8.91,0.16,0.03,0.05
-1.81,-3.79,-8.87,0.12,0.01,0.06
-1.83,-3.83,-8.89,0.13,0,0.04
-1.84,-3.91,-8.85,0.08,0,0.02
-1.86,-3.85,-8.86,0.05,0.01,0.01
-1.86,-3.88,-8.85,0.06,0,0.02
-1.83,-3.89,-8.85,0.03,0,0.02
-1.85,-3.81,-8.86,0.02,-0.01,0.02
-1.88,-3.79,-8.86,0.05,-0.01,0.02
-1.9,-3.86,-8.84,0.05,-0.01,0.02
-1.92,-3.86,-8.84,0.04,-0.01,0.02
-1.92,-3.82,-8.83,0.03,-0.02,0.02
-1.91,-3.85,-8.82,0.05,-0.02,0.03
-1.92,-3.88,-8.8,0.06,-0.02,0.02
-1.93,-3.92,-8.81,0.07,-0.01,0.03
-1.91,-3.94,-8.79,0.07,0,0.02
-1.9,-3.98,-8.8,0.07,0,0.03
-1.89,-3.99,-8.78,0.06,0,0.02
-1.86,-4.02,-8.76,0.06,-0.01,0.02
-1.88,-4.06,-8.77,0.05,-0.01,0.01
-1.86,-4.05,-8.76,0.05,-0.01,0.01
-1.87,-4.07,-8.77,0.04,-0.01,0
-1.86,-4.07,-8.76,0.05,-0.01,0
-1.89,-4.08,-8.73,0.01,-0.02,-0.01
-1.92,-4.06,-8.76,0.03,-0.01,-0.01
-1.89,-4.1,-8.75,0.05,0,0
-1.89,-4.11,-8.72,0.03,0.01,0
-1.91,-4.07,-8.73,0.04,0.01,0
-1.9,-4.07,-8.73,0.04,0,0
-1.88,-4.1,-8.72,0.05,-0.01,0.01
-1.86,-4.16,-8.71,0.04,-0.02,0.01
-1.84,-4.19,-8.72,0.03,-0.01,0.02
-1.84,-4.21,-8.69,0.04,0,0.02
-1.85,-4.21,-8.69,0.01,0,0.01
-1.83,-4.15,-8.7,0.01,-0.01,0.01
-1.84,-4.11,-8.71,0.01,-0.01,0.01
-1.85,-4.13,-8.71,0.03,-0.01,0.01
-1.83,-4.24,-8.71,0.01,-0.02,0.01
-1.85,-4.13,-8.71,-0.01,-0.02,0.01
-1.86,-4.08,-8.74,0.01,-0.02,0.01
-1.86,-4.13,-8.73,0.03,-0.01,0
-1.83,-4.15,-8.71,0.04,-0.01,0
-1.84,-4.18,-8.7,0.03,-0.01,0
-1.83,-4.15,-8.72,0.04,-0.01,0
-1.84,-4.16,-8.71,0.06,-0.01,0
-1.84,-4.2,-8.68,0.07,0,0.01
-1.84,-4.25,-8.67,0.03,-0.01,0.01
-1.84,-4.2,-8.7,0.03,-0.01,0.01
-1.84,-4.22,-8.69,0.03,-0.01,0.01
-1.82,-4.28,-8.68,0.03,-0.01,0.01
-1.81,-4.24,-8.68,0.01,-0.01,0.01
-1.83,-4.18,-8.7,0.02,-0.01,0.01
-1.83,-4.23,-8.69,0.05,-0.01,0.01
-1.8,-4.26,-8.67,0.05,-0.01,0.01
-1.81,-4.29,-8.66,0.03,-0.01,0.01
-1.8,-4.26,-8.66,0.02,-0.01,0.01
-1.82,-4.26,-8.68,0.02,-0.01,0.01
-1.84,-4.25,-8.67,0.02,-0.01,0.01
-1.83,-4.25,-8.65,0.04,-0.01,0.01
-1.82,-4.27,-8.66,0.03,-0.01,0.01
-1.82,-4.26,-8.66,0.03,-0.01,0.01
-1.83,-4.26,-8.66,0.03,-0.01,0.01
-1.83,-4.32,-8.66,0.03,-0.01,0.01
-1.8,-4.28,-8.64,0,-0.02,0.01
-1.82,-4.21,-8.66,0.02,-0.02,0.01
-1.84,-4.28,-8.66,0.03,-0.02,0.01
-1.82,-4.33,-8.64,0.02,-0.02,0.01
-1.8,-4.3,-8.67,0.02,-0.02,0
-1.82,-4.29,-8.68,0.02,-0.02,0
-1.84,-4.3,-8.65,0.02,-0.02,0
-1.86,-4.3,-8.64,0.01,-0.02,0
-1.87,-4.28,-8.65,0.02,-0.02,0
-1.86,-4.29,-8.64,0.02,-0.02,0
-1.84,-4.3,-8.65,0.03,-0.02,0
-1.86,-4.3,-8.64,0.03,-0.02,0
-1.87,-4.28,-8.64,0.03,-0.01,0
-1.85,-4.35,-8.64,0.02,-0.02,0
-1.85,-4.34,-8.63,0.01,-0.02,0
-1.88,-4.33,-8.67,0.04,-0.01,-0.02
-1.87,-4.33,-8.67,-0.03,-0.05,-0.06
-1.87,-4.21,-8.99,-0.01,-0.11,-0.11
-1.87,-5.04,-9.31,-0.28,-0.19,-0.22
-1.67,-4.45,-9.27,-0.36,-0.09,-0.49
-1.33,-4.46,-8.94,-0.35,-0.17,-0.52
-0.7,-3.98,-8.91,-0.45,-0.24,-0.5
-0.76,-3.87,-9.11,-0.71,-0.43,-0.44
-0.7,-3.52,-8.72,-0.73,-0.6,-0.47
-1.32,-3,-8.01,-1.21,-0.87,-0.58
-1.84,-1.73,-8.74,-1.45,-1.16,-0.76
-2.9,-0.69,-8.73,-1.42,-1.19,-0.97
-3.59,-1.24,-8.54,-0.76,-1.17,-1.08
-4.2,-1.46,-8.44,-0.16,-0.88,-1.19
-4.01,-1.78,-8.4,0.42,-0.37,-1.18
-4.14,-2.29,-7.4,2.01,0.14,-0.81
-4.66,-6.1,-8.88,2.41,0,-0.12
-4.81,-5.88,-9.43,1.09,-0.65,0.41
-4.01,-5.66,-11.26,0.69,-1.59,0.99
-4.76,-5.23,-8.06,1.1,-1.46,1.23
-5.77,-4.02,-2.11,0.89,-0.81,0.39
-8.23,-4.83,-4.79,1.05,-0.47,0.56
-8.9,-6.93,-5.82,1.66,-0.54,1.05
-7.85,-6.06,-4.26,1.24,-0.91,1.09
-7.41,-5.6,-4.01,0.79,-0.86,1.17
-7.6,-4.86,-5.53,0.63,-0.72,1.28
-9.51,-5.39,-3.77,1.01,-1.36,1.51
-10.5,-3.65,-2.76,1.2,-1.39,1.34
-10.21,-2.87,-2.12,0.58,-1.26,0.82
-9,-1.15,-1.54,0.65,-0.72,0.34
-8.21,-1.71,-0.97,0.37,-0.47,0.1
-7.8,-1.68,-0.93,-0.09,-0.07,-0.03
-7.47,-1.68,-0.19,-0.2,0.28,-0.15
-7.46,-1.79,0.29,0.04,0.56,-0.17
-8.06,-2.24,0.11,0.2,0.64,-0.1
-8.18,-2.4,-0.03,0.16,0.6,0.03
-8.27,-2.43,-0.7,0.17,0.43,0.07
-8.16,-2.4,-1.16,0.21,0.28,0.04
-8.42,-2.45,-1.43,0.47,0.19,0.08
-8.65,-2.99,-1.57,0.33,0.07,0.25
-8.94,-3.1,-1.74,0.13,-0.07,0.45
-9.11,-3.13,-1.65,-0.07,-0.14,0.52
-9.35,-2.99,-1.68,-0.28,-0.11,0.45
-9.42,-2.84,-1.75,-0.43,-0.03,0.32
-9.31,-2.52,-1.75,-0.4,0.09,0.18
-9.13,-2.38,-1.19,0.27,0.17,-0.12
-9.23,-2.44,-1.22,0.07,0.07,-0.17
-9.35,-2.23,-1.31,-0.13,-0.03,-0.22
-9.28,-1.98,-1.44,-0.22,-0.06,-0.27
-9.08,-1.77,-1.53,-0.13,-0.08,-0.24
-9.06,-1.82,-1.57,-0.03,-0.13,-0.12
-8.92,-1.91,-1.67,-0.02,-0.21,0.03
-8.99,-1.99,-1.72,-0.07,-0.25,0.16
-9.09,-2.09,-1.81,-0.06,-0.26,0.24
-9.4,-2.2,-1.79,-0.05,-0.25,0.27
-9.66,-2.23,-1.73,0.02,-0.15,0.22
-9.63,-2.23,-1.67,0.14,-0.06,0.11
-9.45,-2.21,-1.48,0.25,0.03,0.01
-9.24,-2.26,-1.4,0.26,0.03,-0.03
-9.14,-2.26,-1.4,0.14,0.01,-0.04
-9.31,-2.17,-1.36,0.08,0.02,-0.05
-9.43,-2.17,-1.31,0.11,0.03,-0.08
-9.42,-2.22,-1.3,0.08,-0.01,-0.08
-9.68,-2.3,-1.36,-0.06,-0.02,-0.02
-9.58,-2.16,-1.5,-0.17,0.02,-0.01
-9.29,-1.92,-1.48,-0.04,0.09,-0.08
-9.08,-1.93,-1.32,0.12,0.16,-0.08
-8.96,-2.08,-1.14,0.16,0.12,0.03
-9.12,-2.29,-1.09,0.09,0.02,0.14
-9.22,-2.45,-1.08,-0.02,-0.06,0.16
-9.26,-2.48,-1.16,-0.13,-0.11,0.09
-9.47,-2.38,-1.33,-0.23,-0.14,0.02
-9.5,-2.17,-1.5,-0.18,-0.11,-0.03
-9.56,-1.99,-1.55,0,-0.01,-0.11
-9.32,-1.99,-1.52,0.2,0.06,-0.17
-9.24,-2.05,-1.42,0.13,0.06,-0.12
-9.28,-2,-1.35,-0.02,0.02,-0.01
-9.27,-2.02,-1.54,-0.09,-0.04,0.09
-9.37,-2.02,-1.54,-0.14,-0.05,0.15
-9.56,-2.1,-1.8,-0.13,0,0.15
-9.51,-1.88,-1.6,-0.01,0.08,0.08
-9.26,-1.91,-1.62,0.23,0.14,0.01
-9.17,-2.08,-1.47,0.2,0.1,0.07
-9.14,-1.97,-1.46,0.04,0.06,0.15
-9.16,-1.96,-1.51,0.14,0.03,0.16
-9.28,-2.11,-1.59,0.15,0,0.18
-9.24,-2.09,-1.63,0.1,0.03,0.14
-9.37,-2.02,-1.63,0.13,0.05,0.08
-9.34,-1.94,-1.64,0.22,0.06,0.05
-9.2,-2.01,-1.66,0.27,0.06,0.01
-9.2,-2.03,-1.72,0.13,0.02,0.01
-9.24,-1.89,-1.79,0.06,0.01,0
-9.32,-1.82,-1.81,0.09,0.02,-0.02
-9.23,-1.83,-1.8,0.12,0.02,-0.02
-9.24,-1.84,-1.8,0.11,0.02,-0.01
-9.25,-1.81,-1.81,0.08,0.02,0.01
-9.31,-1.81,-1.79,0.14,0.03,0
-9.28,-1.89,-1.78,0.13,0.02,0
-9.16,-1.86,-1.78,0.1,0.03,-0.01
-9.27,-1.88,-1.74,0.08,-0.01,0.01
-9.26,-1.9,-1.77,0.04,-0.04,0.04
-9.28,-1.94,-1.79,0.04,-0.04,0.03
-9.22,-1.97,-1.76,-0.01,-0.06,0.03
-9.21,-1.93,-1.72,-0.04,-0.08,0.04
-9.19,-2,-1.68,-0.05,-0.11,0.04
-9.2,-2,-1.6,-0.08,-0.13,0.03
-9.15,-1.96,-1.51,-0.11,-0.16,0.01
-8.98,-1.91,-1.41,-0.13,-0.2,0
-8.85,-1.9,-1.19,-0.14,-0.28,-0.01
-8.85,-1.98,-0.85,-0.16,-0.37,-0.03
-8.5,-2.03,-0.59,-0.25,-0.48,-0.1
-8.26,-1.96,-0.18,-0.33,-0.56,-0.2
-8.35,-2.02,0.19,-0.42,-0.71,-0.25
-8.29,-1.97,0.18,-0.5,-0.77,-0.22
-7.93,-1.84,0.67,-0.6,-0.84,-0.34
-8.14,-1.88,0.57,-0.38,-0.82,-0.38
-8.51,-2.46,0.64,-0.44,-0.73,-0.39
-8.96,-2.06,-0.02,-0.76,-0.24,-0.24
-9.02,-1.55,-0.39,-0.49,0.11,-0.33
-9.55,-2.43,-0.3,-0.03,0.51,-0.44
-9.99,-2.83,-0.65,-0.01,0.85,-0.64
-10.3,-3.77,-1.5,-0.01,1.77,-0.73
-9.21,-4.25,-1.7,-0.14,1.85,-0.93
-9.02,-5.47,-2.18,0.21,1.79,-1.16
-8.02,-6.16,-2.47,0.1,1.58,-1.3
-8.12,-6.63,-2.79,-0.24,1.39,-1.44
-7.73,-6.36,-2.35,-0.35,1.32,-1.3
-7.58,-7.2,-3.19,-0.89,1.41,-1.14
-6.75,-7.14,-5.11,-0.92,1.57,-0.91
-6.25,-6.73,-6.89,-1.15,1.56,-0.54
-5.55,-7.71,-8.72,-0.89,1.36,-0.08
-4,-6.88,-7.93,-0.76,1.33,0.37
-3.1,-4.99,-7.09,-0.25,1.16,0.77
-3.12,-5.33,-6.93,-0.28,0.97,0.83
-1.01,-4.47,-6.53,0.01,1.09,0.3
-0.9,-4.44,-6.96,-0.76,0.54,0.1
-1.57,-3.26,-8.72,-1.1,0.29,0.18
-1.63,-2.71,-9.21,-0.53,0.34,0.24
-1.08,-4.04,-8.71,0.47,0.08,0.36
-0.82,-4.35,-8.47,0.63,-0.04,0.19
-0.96,-4.2,-8.16,0.18,-0.14,0.22
-1.27,-3.92,-8.23,0,-0.06,0.33
-1.91,-4.92,-9.02,0.16,-0.04,0.49
-2.4,-5.05,-9.91,-0.06,0.07,0.36
-1.96,-3.85,-8.97,-0.07,0.06,0.17
-2.61,-4.62,-8.43,0.08,0.07,0.14
-2.59,-4.33,-8.59,-0.03,0.12,0.07
-2.6,-4.02,-8.67,-0.04,0.15,0.03
-2.53,-3.79,-8.69,0.09,0.12,0.03
-2.38,-4.05,-8.59,0.26,0.06,0.05
-2.28,-4.39,-8.48,0.27,0.03,0.04
-2.21,-4.53,-8.43,0.25,0.02,0.03
-2.19,-4.66,-8.37,0.2,0.01,0.02
-2.26,-4.61,-8.39,0.12,0.02,0.02
-2.25,-4.53,-8.37,0.13,0.02,0.02
-2.28,-4.75,-8.31,0.08,-0.01,0.02
-2.26,-4.67,-8.33,0.02,-0.02,0.01
-2.3,-4.56,-8.37,0.05,-0.02,0.01
-2.31,-4.64,-8.34,0.1,-0.01,0.01
-2.3,-4.72,-8.28,0.12,0.01,0
-2.25,-4.77,-8.28,0.11,0.01,0
-2.23,-4.76,-8.26,0.12,0,0
-2.22,-4.84,-8.21,0.12,0,0.01
-2.22,-4.96,-8.19,0.09,-0.01,0.01
-2.26,-4.92,-8.17,0.02,-0.02,0
-2.29,-4.79,-8.24,0.03,-0.02,0
-2.27,-4.9,-8.2,0.08,-0.03,0
-2.25,-4.95,-8.18,0.05,-0.02,0.01
-2.28,-4.92,-8.17,0.04,-0.02,0.02
-2.31,-4.9,-8.16,0.06,-0.02,0.02
-2.3,-4.95,-8.16,0.07,-0.01,0.01
-2.28,-5,-8.13,0.07,-0.01,0.02
-2.28,-5.03,-8.12,0.05,-0.02,0.02
-2.28,-5.05,-8.11,0.02,-0.01,0.01
-2.21,-4.87,-8.05,0.02,-0.02,0.03
-2.33,-5.1,-8.09,0.01,0,0.02
-2.34,-4.98,-8.17,-0.01,0,0.02
-2.3,-4.9,-8.15,0.05,-0.01,0.03
-2.3,-5.04,-8.11,0.06,-0.01,0.03
-2.28,-5.05,-8.1,0.04,-0.01,0.03
-2.3,-5.01,-8.09,0.05,-0.01,0.02
-2.31,-5.04,-8.09,0.07,0,0.02
-2.29,-5.08,-8.08,0.08,0.01,0.02
-2.27,-5.09,-8.07,0.06,0.01,0.01
-2.25,-5.1,-8.07,0.06,0,0.01
-2.27,-5.15,-8.04,0.07,0,0.01
-2.26,-5.21,-8.01,0.05,0,0.01
-2.28,-5.17,-8.03,0.03,0,0.01
-2.26,-5.12,-8.03,0.05,0,0
-2.25,-5.22,-8,0.07,-0.01,0.01
-2.24,-5.23,-7.97,0.04,0,0.01
-2.26,-5.2,-8,0.03,-0.01,0
-2.26,-5.18,-8.02,0.05,-0.01,0
-2.23,-5.24,-7.98,0.07,-0.01,0
-2.22,-5.3,-7.96,0.05,-0.01,0
-2.23,-5.27,-7.97,0.03,-0.01,0
-2.25,-5.26,-7.97,0.03,-0.01,0
-2.24,-5.26,-7.96,0.04,-0.01,0.01
-2.24,-5.28,-7.96,0.04,-0.01,0.01
-2.26,-5.29,-7.95,0.03,-0.01,0.01
-2.24,-5.23,-7.97,0.02,0,0.01
-2.24,-5.3,-7.97,0.05,-0.01,0.01
-2.21,-5.34,-7.91,0.03,-0.01,0.01
-2.22,-5.29,-7.95,0.01,-0.01,0.01
-2.23,-5.28,-7.96,0.04,-0.01,0.01
-2.2,-5.34,-7.92,0.05,-0.01,0.01
-2.21,-5.38,-7.91,0.03,-0.01,0.01
-2.22,-5.33,-7.93,0.02,-0.01,0.01
-2.22,-5.32,-7.93,0.02,-0.01,0.01
-2.23,-5.31,-7.94,0.02,-0.01,0.01
-2.23,-5.34,-7.93,0.02,-0.01,0.01
-2.24,-5.32,-7.93,0.02,-0.01,0.01
-2.23,-5.32,-7.93,0.02,-0.01,0.01
-2.22,-5.34,-7.91,0.04,-0.01,0.01
-2.21,-5.37,-7.91,0.02,-0.01,0.01
-2.23,-5.33,-7.92,0.01,-0.01,0.01
-2.23,-5.29,-7.93,0.03,-0.01,0.01
-2.21,-5.35,-7.9,0.04,-0.01,0.01
-2.21,-5.39,-7.89,0.03,-0.01,0.01
-2.21,-5.36,-7.92,0.01,-0.01,0.01
-2.21,-5.34,-7.91,0.02,-0.01,0.01
-2.23,-5.36,-7.91,0.02,-0.01,0.01
-2.22,-5.34,-7.9,0.02,-0.01,0.01
-2.21,-5.33,-7.92,0.02,-0.01,0.01
-2.21,-5.35,-7.92,0.03,-0.01,0.01
-2.2,-5.37,-7.92,0.02,-0.01,0.01
-2.2,-5.35,-7.92,0.03,-0.01,0.01
-2.22,-5.43,-7.89,0.02,-0.02,0.01
-2.21,-5.37,-7.91,0,-0.02,0.01
-2.23,-5.3,-7.92,0,-0.01,0
-2.23,-5.25,-7.95,0.02,-0.02,-0.01
-2.18,-5.39,-7.92,0.05,-0.04,0
-2.26,-5.52,-7.86,0.03,-0.05,-0.08
-2.33,-5.42,-8.04,-0.05,-0.12,-0.16
-2.15,-5.62,-8.03,-0.12,-0.12,-0.3
-2.15,-5.64,-8.33,-0.3,-0.22,-0.36
-1.41,-5.42,-8.2,-0.29,-0.25,-0.43
-1.05,-5.34,-8.41,-0.36,-0.43,-0.32
-1.13,-5.07,-8.65,-0.87,-0.41,-0.29
-1.04,-4.44,-8.56,-0.89,-0.52,-0.32
-1.68,-4.12,-8.64,-0.83,-0.63,-0.36
-1.97,-3.84,-8.56,-0.66,-0.68,-0.41
-2.3,-3.76,-8.42,-0.45,-0.71,-0.44
-2.69,-3.65,-8.26,-0.23,-0.78,-0.45
-3.14,-3.29,-8.01,0.04,-0.79,-0.44
-4.1,-3.2,-7.73,1.39,-0.79,0.34
-5.59,-4.97,-4.9,2.76,-0.94,0.91
-6.46,-7.14,-3.63,3.07,-0.68,0.88
-6.49,-8.14,-4.01,2.96,-0.37,0.68
-7.38,-7.58,-3.04,2.42,-0.26,1
-8.89,-8.1,-1.18,2.1,-0.25,1.52
-10.2,-8.07,-0.72,1.81,-0.33,1.87
-11.65,-8.8,-1.01,0.99,-0.6,2.12
-10.67,-7.55,-1.41,-0.65,-0.72,1.96
-10.47,-5.7,-1.51,-0.4,-1.07,1.93
-9.36,-4.58,-1.41,-0.54,-1.4,1.71
-9.27,-3.44,-2.03,-0.51,-1.07,1.35
-8.5,-3.12,-1.79,-1.03,-0.71,0.91
-7.81,-2.11,-1.21,-1.15,-0.34,0.35
-7.32,-1.54,-1.37,-1.08,-0.01,-0.08
-7.35,-1.22,-1.26,-0.89,0.29,-0.33
-7.45,-1.26,-0.93,-0.45,0.56,-0.48
-7.75,-1.81,-0.72,-0.19,0.6,-0.57
-8.17,-2.02,-0.59,0.02,0.75,-0.54
-8.25,-2.13,-0.63,0.12,0.82,-0.48
-8.4,-2.27,-0.84,-0.02,0.77,-0.33
-8.41,-2.42,-1.17,-0.21,0.49,-0.07
-8.63,-2.5,-1.33,-0.48,0.23,0.15
-8.88,-2.41,-1.45,-0.62,0.08,0.29
-9.02,-2.22,-1.55,-0.51,0,0.34
-9.04,-2.28,-1.67,-0.24,-0.08,0.33
-9.22,-2.43,-1.67,-0.12,-0.13,0.26
-9.22,-2.39,-1.71,-0.14,-0.14,0.16
-9.06,-2.19,-1.78,-0.05,-0.14,0.05
-8.99,-2.18,-1.83,0.08,-0.16,-0.01
-8.99,-2.24,-1.97,-0.01,-0.22,0.01
-9.06,-2.12,-2.03,-0.09,-0.25,0.03
-9.15,-2.05,-2.13,-0.06,-0.25,0.04
-9.25,-2.08,-2.16,-0.02,-0.23,0.05
-9.29,-2.13,-2.23,-0.05,-0.21,0.06
-9.41,-2.11,-2.18,-0.1,-0.15,0.05
-9.35,-2.02,-2.1,-0.07,-0.06,0.01
-9.35,-1.97,-1.96,0,0,-0.03
-9.25,-1.95,-1.85,0.03,0.05,-0.04
-9.18,-1.92,-1.78,0.1,0.07,-0.04
-9.21,-1.97,-1.63,0.18,0.06,-0.03
-9.24,-2.1,-1.56,0.17,0.03,-0.01
-9.29,-2.18,-1.58,0.04,-0.05,0.03
-9.19,-2.08,-1.66,-0.06,-0.08,0.05
-9.24,-2.01,-1.73,-0.01,-0.06,0.03
-9.26,-2.07,-1.75,0.05,-0.04,0.03
-9.28,-2.08,-1.73,0.1,-0.01,0.02
-9.34,-2.14,-1.71,0.12,0,0
-9.33,-2.14,-1.72,0.06,0,0
-9.3,-2.07,-1.75,0.03,0,0.01
-9.31,-2.07,-1.78,0.06,0.01,0.02
-9.35,-2.11,-1.81,0.06,0.03,0.04
-9.26,-2.09,-1.76,0.05,0.04,0.02
-9.25,-2.08,-1.72,0.03,0.04,0.02
-9.2,-2.08,-1.64,0,0.02,0.02
-9.09,-2.07,-1.6,-0.03,-0.01,0.02
-9.04,-1.99,-1.54,-0.05,-0.02,0
-9.2,-1.98,-1.58,-0.05,-0.08,-0.01
-9.32,-1.91,-1.59,-0.06,-0.1,0.01
-9.31,-1.92,-1.66,-0.01,-0.12,0.03
-9.31,-1.97,-1.69,-0.03,-0.12,0.06
-9.33,-2,-1.73,-0.04,-0.12,0.09
-9.32,-2.04,-1.7,-0.03,-0.09,0.08
-9.26,-2.07,-1.65,-0.02,-0.06,0.07
-9.37,-2.09,-1.59,-0.03,-0.04,0.06
-9.32,-2.06,-1.58,0,-0.04,0.01
-9.33,-2.01,-1.53,0.02,-0.01,-0.03
-9.34,-1.95,-1.55,0,-0.02,-0.06
-9.45,-1.8,-1.54,0.04,0,-0.08
-9.26,-1.81,-1.59,0.1,0.01,-0.07
-9.21,-1.78,-1.58,0.06,0.01,-0.02
-9.14,-1.79,-1.59,0.11,0.02,0.03
-9.29,-1.96,-1.56,0.11,0,0.08
-9.34,-2.03,-1.53,0.1,0,0.08
-9.37,-2.16,-1.54,0.05,-0.02,0.05
-9.39,-2.09,-1.59,-0.03,0,0.02
-9.32,-2.01,-1.56,0.03,0.02,-0.02
-9.31,-2.05,-1.55,0.06,0.03,-0.04
-9.24,-2.04,-1.49,0,0.01,-0.03
-9.28,-1.99,-1.5,-0.02,0,-0.03
-9.32,-1.96,-1.45,-0.02,-0.01,-0.03
-9.29,-1.93,-1.45,-0.01,-0.03,-0.03
-9.23,-1.92,-1.5,-0.02,-0.04,-0.01
-9.28,-1.92,-1.54,-0.02,-0.05,0.01
-9.34,-1.96,-1.55,0.01,-0.04,0.02
-9.35,-2.02,-1.55,0.01,-0.03,0.01
-9.32,-2.01,-1.55,0.01,-0.02,0
-9.39,-2.01,-1.59,0,-0.03,0
-9.36,-1.99,-1.65,0,-0.02,0
-9.38,-1.97,-1.69,0,0,0
-9.3,-1.97,-1.7,0,0.02,0.02
-9.31,-2.01,-1.67,0.03,0.05,0.02
-9.31,-2.09,-1.63,0.01,0.05,0.01
-9.29,-2.04,-1.59,0,0.06,0
-9.28,-2.06,-1.58,0.04,0.05,-0.01
-9.25,-2.05,-1.59,0.02,0.04,-0.01
-9.24,-2.04,-1.6,0.01,0.03,-0.01
-9.25,-2.02,-1.64,-0.01,0.02,0
-9.25,-1.98,-1.65,0.01,0.02,-0.01
-9.18,-2,-1.67,0.02,0.01,-0.01
-9.24,-2.02,-1.76,0.05,0.01,0.01
-9.15,-2.03,-1.71,0.05,0,0
-9.17,-2.04,-1.7,0.01,-0.03,0.02
-9.18,-2.05,-1.67,-0.01,-0.06,0.04
-9.23,-2.11,-1.71,0,-0.07,0.03
-9.13,-2.13,-1.74,-0.04,-0.08,0.02
-9.11,-2.09,-1.56,-0.04,-0.11,0
-9.15,-2.15,-1.57,-0.05,-0.13,0
-9.12,-2.18,-1.42,-0.07,-0.17,-0.01
-9.2,-2.13,-1.38,-0.1,-0.2,-0.04
-9.17,-2.11,-1.13,-0.14,-0.27,-0.07
-9.24,-2.22,-0.72,-0.26,-0.43,-0.11
-8.87,-2.18,-0.35,-0.37,-0.57,-0.16
-8.75,-1.98,-0.06,-0.38,-0.69,-0.21
-8.64,-1.99,0,-0.19,-0.7,-0.15
-8.14,-1.88,0.37,-0.18,-0.72,-0.11
-7.93,-1.92,0.4,-0.09,-0.78,-0.12
-7.8,-1.7,0.05,0.13,-0.62,-0.2
-7.95,-2.27,0.21,0.23,-0.45,-0.16
-8.09,-2.04,0.29,-0.51,-0.34,0.03
-8.73,-1.41,-0.04,-0.25,0.07,-0.07
-8.98,-2.32,0.06,-0.05,0.38,-0.16
-10.76,-2.37,0.02,0.09,1.02,-0.34
-9.79,-2.75,-1.05,0.18,1.58,-0.52
-9.51,-2.58,-2.35,0.49,1.93,-0.82
-8.92,-3.85,-2.81,1.55,1.89,-0.97
-7.74,-4.65,-2.22,1.8,1.77,-1.16
-7.83,-6.36,-0.65,2.13,1.28,-1.33
-8.15,-8.22,-0.86,0.64,1.07,-1.61
-8.28,-8.22,-1.63,-0.16,0.73,-1.67
-8.58,-7.98,-3.3,-0.8,0.87,-1.55
-7.9,-7.07,-3.56,-0.74,1.07,-1.32
-6.68,-7.87,-3.93,-0.5,1.19,-1.17
-5.53,-9.23,-5.17,-0.7,1.13,-0.82
-4.63,-8.89,-5.62,-0.85,1.21,-0.29
-2.82,-7.29,-5.73,-0.36,0.95,0.31
-2.79,-7.51,-5.26,-0.74,0.53,0.64
-2.1,-6.98,-5.8,-1.15,0.39,0.24
-2.57,-6.1,-6.1,-1.33,0.23,-0.23
-2.07,-5.16,-6.79,-0.99,0.28,-0.41
-1.99,-4.72,-7.28,-0.61,0.41,-0.25
-0.64,-4.89,-7.06,-0.27,0.3,-0.04
-0.47,-5.41,-7.22,0.14,0.06,0.06
-0.75,-5.25,-7.62,-0.15,-0.13,0.29
-1.53,-5.03,-9.03,-0.59,-0.17,0.71
-2.15,-5.09,-9.33,-0.21,-0.04,0.61
-2.46,-4.89,-8.53,-0.06,0.02,0.37
-2.89,-4.42,-8.26,0.11,-0.01,0.34
-3.12,-4.93,-8.12,0.34,0.02,0.28
-3.15,-5.27,-7.92,0.23,0.08,0.21
-3.11,-5.21,-7.83,0.15,0.14,0.13
-2.95,-5.01,-7.93,0.07,0.14,0.08
-2.84,-4.88,-8.02,0.12,0.12,0.06
-2.72,-5.03,-7.93,0.21,0.09,0.04
-2.65,-5.19,-7.82,0.24,0.05,0.04
-2.69,-5.27,-7.78,0.24,0.04,0.03
-2.66,-5.41,-7.7,0.24,0.02,0.02
-2.66,-5.56,-7.67,0.16,0,0.01
-2.68,-5.5,-7.66,0.1,-0.01,-0.01
-2.74,-5.39,-7.69,0.13,0,-0.02
-2.73,-5.46,-7.62,0.23,0,-0.03
-2.68,-5.68,-7.53,0.27,0,-0.04
-2.69,-5.74,-7.47,0.23,0.01,-0.04
-2.64,-5.71,-7.43,0.23,0.02,-0.03
-2.67,-5.85,-7.34,0.27,0,-0.01
-2.65,-6.02,-7.22,0.24,0,0.01
-2.73,-6.17,-7.15,0.12,-0.02,0.02
-2.73,-6.13,-7.16,0.05,-0.01,0.01
-2.65,-6.11,-7.17,0.03,0.01,0.01
-2.62,-6.09,-7.19,0,0,0
-2.64,-6.02,-7.23,0.02,0,0
-2.61,-6.04,-7.22,0.07,0,0
-2.58,-6.14,-7.18,0.08,-0.01,0.01
-2.59,-6.17,-7.15,0.05,-0.01,0.01
-2.59,-6.17,-7.13,0.04,-0.01,0.01
-2.61,-6.17,-7.15,0.02,-0.01,0
-2.64,-6.13,-7.16,0.01,-0.01,0.01
-2.66,-6.1,-7.18,0.01,-0.01,0.01
-2.63,-6.13,-7.16,0.03,-0.01,0.01
-2.64,-6.16,-7.16,0.02,-0.01,0.01
-2.63,-6.11,-7.14,0.01,0,0.01
-2.65,-6.07,-7.18,0.02,0,0.01
-2.64,-6.08,-7.18,0.06,0,0.01
-2.61,-6.17,-7.14,0.06,-0.01,0.01
-2.6,-6.17,-7.13,0.04,-0.01,0.01
-2.6,-6.17,-7.13,0.04,-0.01,0.01
-2.62,-6.19,-7.1,0.05,-0.01,0.01
-2.62,-6.21,-7.1,0.04,-0.01,0.01
-2.61,-6.19,-7.11,0.03,-0.01,0.01
-2.58,-6.19,-7.1,0.04,-0.01,0.01
-2.6,-6.26,-7.07,0.03,-0.01,0.01
-2.59,-6.22,-7.09,0,-0.01,0.01
-2.61,-6.16,-7.13,0.01,-0.01,0.01
-2.62,-6.19,-7.12,0.04,-0.01,0
-2.58,-6.23,-7.1,0.04,-0.02,0
-2.6,-6.24,-7.09,0.02,-0.02,0.01
-2.6,-6.21,-7.08,0.02,-0.01,0.01
-2.61,-6.21,-7.1,0.02,-0.01,0.01
-2.63,-6.2,-7.09,0.03,-0.01,0.01
-2.61,-6.22,-7.08,0.03,-0.01,0.01
-2.6,-6.26,-7.09,0.04,-0.01,0.01
-2.58,-6.26,-7.06,0.01,-0.01,0.01
-2.59,-6.21,-7.1,0.01,-0.01,0.01
-2.61,-6.22,-7.12,0.03,-0.01,0.01
-2.58,-6.26,-7.06,0.04,-0.01,0
-2.57,-6.3,-7.05,0.03,-0.01,0.01
-2.59,-6.25,-7.07,0.01,-0.02,0.01
-2.59,-6.25,-7.08,0.02,-0.01,0.01
-2.6,-6.25,-7.08,0.02,-0.01,0.01
-2.6,-6.25,-7.06,0.02,-0.01,0.01
-2.6,-6.23,-7.06,0.01,-0.01,0.01
-2.59,-6.24,-7.09,0.02,-0.02,0.01
-2.58,-6.25,-7.08,0.01,-0.01,0.01
-2.6,-6.22,-7.08,0.01,-0.01,0.01
-2.62,-6.23,-7.1,0.03,0,0.01
-2.65,-6.28,-7.04,0,0,0
-2.59,-6.22,-7.1,0,-0.01,0
-2.62,-6.31,-7.05,-0.01,0,-0.02
-2.57,-6.29,-7.08,-0.09,-0.02,-0.04
-2.46,-6.3,-7.16,-0.09,-0.01,-0.11
-2.39,-6.34,-7.26,-0.17,-0.08,-0.17
-2.07,-6.61,-7.47,-0.22,-0.14,-0.27
-1.86,-6.71,-7.44,-0.75,-0.25,-0.44
-1.45,-5.68,-7.95,-1.14,-0.3,-0.6
-0.68,-5.78,-8.19,-1.05,-0.46,-0.56
-1.07,-4.57,-8.66,-1.29,-0.5,-0.45
-1.47,-4.39,-9.01,-0.61,-0.57,-0.43
-1.54,-4.35,-8.35,-0.24,-0.57,-0.45
-1.81,-4.04,-7.54,-0.29,-0.56,-0.4
-2.42,-3.75,-7.28,-0.11,-0.55,-0.37
-4.09,-3.9,-7.99,0.46,-0.28,-0.23
-3.98,-3.65,-8.94,0.99,-0.31,-0.1
-4.06,-3.26,-6.8,1.61,-0.55,0.11
-5.98,-4.97,-6.02,2.31,-0.98,0.65
-6.46,-6.16,-4.87,2,-1.46,1.2
-5.31,-9.14,-4.65,1.21,-1.64,1.12
-5.13,-8.56,-4.47,0.96,-1.42,0.98
-7.08,-7.9,-2.03,0.91,-0.83,1.21
-9.17,-5.82,-1.17,1.68,-0.52,1.55
-10.02,-5.72,-0.19,2.22,-0.22,1.9
-10.22,-6.65,-1.39,1.81,-0.19,1.94
-11.34,-7.01,-1.57,1.6,-0.42,2.05
-10.67,-5.97,-0.47,0.14,-0.57,1.92
-10.85,-4.42,-1.46,-0.28,-0.86,1.51
-9.12,-2.54,-1.1,-1.75,-0.96,1.12
-8.14,0.04,-1.46,-2.64,-0.99,0.77
-8.08,-0.32,-1.34,-1.79,-0.65,0.55
-7.46,-0.35,-0.54,-0.61,-0.13,0.28
-7.62,-0.92,0.13,0.07,0.08,-0.03
-8.35,-1.72,0.2,-0.12,0.27,-0.2
-8.51,-1.61,0.2,-0.43,0.49,-0.35
-8.71,-1.58,-0.08,-0.32,0.62,-0.43
-8.82,-1.51,-0.16,-0.21,0.63,-0.38
-8.78,-1.44,-0.31,-0.08,0.55,-0.27
-8.82,-1.59,-0.45,-0.09,0.48,-0.18
-8.86,-1.51,-0.49,-0.2,0.41,-0.19
-9.12,-1.54,-0.72,-0.21,0.33,-0.14
-9.04,-1.81,-0.93,-0.21,0.23,0.02
-9.12,-2.05,-1.11,-0.26,0.12,0.13
-9.17,-2.08,-1.18,-0.27,0.06,0.15
-9.35,-1.96,-1.22,-0.13,0.05,0.1
-9.35,-1.81,-1.22,0.13,0.06,0
-9.14,-1.89,-1.15,0.3,0.05,-0.08
-9.14,-1.96,-1.18,0.18,-0.04,-0.07
-9.2,-2.03,-1.36,-0.08,-0.17,0.01
-9.26,-2.01,-1.58,-0.27,-0.25,0.05
-9.45,-1.92,-1.73,-0.31,-0.26,0.04
-9.44,-1.86,-1.78,-0.23,-0.2,0.03
-9.45,-1.87,-1.85,-0.1,-0.12,0.01
-9.4,-1.89,-1.8,-0.02,-0.04,0
-9.4,-1.94,-1.7,0.03,0.04,-0.03
-9.36,-1.96,-1.62,0.06,0.08,-0.04
-9.25,-2.01,-1.54,0.06,0.08,-0.03
-9.26,-2.04,-1.47,0.05,0.07,-0.02
-9.24,-2.08,-1.45,0.01,0.03,-0.01
-9.26,-2.07,-1.46,-0.02,0,-0.02
-9.3,-2.1,-1.52,-0.08,-0.04,-0.03
-9.28,-1.98,-1.58,-0.11,-0.05,-0.04
-9.23,-1.94,-1.64,-0.09,-0.06,-0.05
-9.25,-1.94,-1.72,-0.13,-0.07,-0.02
-9.26,-1.91,-1.72,-0.16,-0.07,0.01
-9.31,-1.89,-1.69,-0.12,-0.04,0.02
-9.29,-1.95,-1.62,-0.07,-0.03,0.02
-9.25,-1.99,-1.53,-0.07,-0.03,0.02
-9.24,-2.04,-1.5,-0.09,-0.05,0.02
-9.29,-2.04,-1.44,-0.1,-0.06,0.03
-9.29,-2.02,-1.43,-0.08,-0.06,0.02
-9.31,-2.02,-1.38,-0.07,-0.06,0.01
-9.28,-2.02,-1.37,-0.06,-0.06,0
-9.31,-2.03,-1.35,-0.07,-0.07,0
-9.26,-1.98,-1.37,-0.05,-0.07,-0.01
-9.31,-1.98,-1.38,-0.01,-0.06,-0.01
-9.31,-2,-1.34,-0.01,-0.05,0
-9.37,-2.02,-1.33,0.02,-0.02,-0.02
-9.44,-1.99,-1.29,0.06,0.02,-0.05
-9.45,-1.95,-1.28,0.14,0.05,-0.1
-9.39,-2,-1.38,0.17,0.05,-0.13
-9.44,-2.02,-1.51,0.11,0.05,-0.11
-9.34,-1.97,-1.62,0.11,0.06,-0.08
-9.27,-1.97,-1.64,0.13,0.07,-0.04
-9.2,-2.1,-1.55,0.15,0.07,0.06
-9.21,-2.14,-1.48,0.17,0.06,0.07
-9.13,-2.25,-1.46,0.18,0.03,0.09
-9.18,-2.35,-1.44,0.11,-0.01,0.09
-9.19,-2.33,-1.47,0.06,-0.04,0.07
-9.23,-2.32,-1.52,0.06,-0.05,0.03
-9.23,-2.27,-1.59,0.06,-0.06,0
-9.21,-2.24,-1.66,0.06,-0.06,-0.01
-9.31,-2.24,-1.71,0.02,-0.06,-0.01
-9.3,-2.2,-1.77,-0.01,-0.03,0
-9.32,-2.19,-1.75,0.03,0.01,-0.01
-9.34,-2.21,-1.69,0.04,0.03,-0.02
-9.28,-2.2,-1.61,0.02,0.04,-0.02
-9.37,-2.18,-1.57,-0.01,0.02,-0.01
-9.29,-2.15,-1.63,-0.04,0.01,0
-9.27,-2.1,-1.65,-0.01,0.03,0
-9.22,-2.12,-1.61,0.01,0.04,0.01
-9.22,-2.11,-1.55,0.02,0.04,0.02
-9.25,-2.16,-1.54,0.03,0.02,0.04
-9.22,-2.2,-1.56,0.01,-0.01,0.04
-9.23,-2.15,-1.65,0,-0.02,0.03
-9.25,-2.13,-1.7,0.01,-0.02,0.04
-9.21,-2.14,-1.7,0.04,-0.01,0.04
-9.24,-2.18,-1.7,0.01,-0.01,0.04
-9.24,-2.13,-1.71,0,0,0.04
-9.31,-2.14,-1.67,0.06,0.01,0.02
-9.21,-2.16,-1.67,0.05,0.01,0.02
-9.16,-2.13,-1.65,0.03,0,0.01
-9.19,-2.12,-1.63,0.02,-0.01,0.02
-9.2,-2.08,-1.59,0.04,-0.03,0.01
-9.19,-2.09,-1.58,0.05,-0.05,0.01
-9.17,-2.07,-1.59,0.02,-0.07,0.01
-9.17,-2.04,-1.58,0.04,-0.08,0.02
-9.21,-2.08,-1.52,0.03,-0.09,0.03
-9.21,-2.09,-1.42,0.04,-0.11,0.02
-9.2,-2.08,-1.31,0.04,-0.14,0.02
-9.15,-2.04,-1.16,0.03,-0.18,0.01
-9.19,-2.03,-0.99,0.02,-0.24,0.01
-9.14,-2.05,-0.89,-0.05,-0.34,0.02
-9.09,-1.98,-0.72,-0.12,-0.4,0.03
-9.03,-1.86,-0.53,-0.07,-0.47,0.05
-8.96,-1.82,-0.25,-0.07,-0.55,0.07
-8.83,-1.74,0.05,-0.06,-0.56,0.12
-8.78,-1.62,0.25,-0.19,-0.54,0.17
-8.73,-1.44,0.48,-0.18,-0.62,0.2
-8.88,-1.28,0.46,-0.16,-0.61,0.24
-8.89,-1.16,0.39,0.26,-0.5,0.24
-8.83,-1.32,0.63,0.49,-0.34,0.22
-8.75,-1.43,0.76,0.76,-0.22,0.15
-8.71,-1.3,0.52,0.99,0.15,-0.07
-9.04,-1.68,0.24,0.87,0.46,-0.3
-8.91,-1.48,-0.06,0.28,0.64,-0.43
-9.02,-1.78,-0.16,0.7,0.84,-0.69
-9.4,-2.81,-0.36,0.62,0.98,-1.01
-9.4,-3.46,-0.2,0.68,1.16,-1.23
-9.51,-3.75,-0.9,-0.31,1.42,-1.36
-9.21,-3.74,-2.22,0.53,1.41,-1.5
-8.8,-5.59,-2.08,0.58,1.24,-1.52
-9.14,-6.21,-2.81,0.28,0.99,-1.65
-9.1,-7.08,-1.75,-0.2,0.79,-1.62
-8.53,-6.83,-2.08,-0.66,0.83,-1.53
-8.03,-6.65,-3.03,-0.48,0.92,-1.3
-6.91,-6.6,-3.97,-0.45,1.03,-1.09
-5.69,-7,-4.62,-0.4,0.99,-0.99
-5.09,-8.94,-4.92,-0.65,0.76,-0.82
-4.62,-7.51,-5.44,-1.11,0.71,-0.39
-3.5,-6.4,-6.18,-0.36,0.73,0.12
-3.85,-7.91,-6.2,-0.14,0.57,0.4
-2.83,-7.38,-5.57,-0.19,0.72,-0.08
-1.13,-6.45,-4.78,-0.69,0.42,-0.46
-1.74,-5.38,-6.3,-1.15,0.44,-0.31
-0.89,-4.88,-6.88,-0.63,0.59,0
-0.99,-7.01,-9.12,0.05,0.35,0.26
-0.69,-7.41,-7.75,-0.25,0.52,-0.02
0.37,-5.08,-7.55,-1.01,0.33,0.03
-0.54,-4.03,-7.26,-0.19,0.05,0.3
-1.64,-5.2,-8,0.37,0.02,0.59
-2.16,-5.91,-8.89,0.49,0.13,0.54
-1.96,-5.99,-7.65,0.96,0.29,0.39
-2.06,-6.46,-7.34,0.83,0.22,0.41
-2.09,-6.99,-7.05,0.53,0.2,0.25
-2.03,-6.83,-6.81,0.27,0.11,0.12
-2.12,-6.77,-6.96,0.04,0.09,0.04
-2.08,-6.52,-7.05,0.02,0.07,0
-2.1,-6.48,-7.09,0.06,0.04,-0.01
-2.07,-6.49,-7,0.12,0.02,-0.01
-2.03,-6.57,-6.9,0.14,-0.01,-0.01
-1.96,-6.65,-6.9,0.12,-0.01,-0.02
-1.83,-6.58,-6.94,0.11,0,0
-1.87,-6.67,-6.91,0.17,0.01,0.02
-1.91,-6.82,-6.78,0.18,0.02,0.03
-1.98,-6.92,-6.69,0.14,0.01,0.02
-2.01,-6.9,-6.67,0.1,-0.02,0
-2.04,-6.84,-6.7,0.09,0.01,0
-1.98,-6.95,-6.62,0.05,0.07,-0.02
-1.87,-7,-6.6,0,0.05,0
-1.83,-6.99,-6.47,0.02,0.01,0.02
-1.71,-6.98,-6.54,0.12,-0.18,0.02
-2.11,-6.85,-6.85,-0.11,-0.11,0.02
-2.03,-6.48,-6.89,0.03,-0.04,0.04
-1.98,-7.07,-6.45,0.05,-0.02,0.03
-1.97,-7,-6.52,0.03,-0.05,0.04
-1.98,-6.98,-6.57,0.02,-0.01,0.05
-2,-7.01,-6.52,0.04,0,0.05
-2.05,-7.02,-6.52,0.04,0,0.04
-2.08,-6.99,-6.52,0.02,-0.01,0.03
-2.13,-6.96,-6.55,0.02,-0.01,0.01
-2.06,-6.98,-6.54,0.03,0,0.01
-2.01,-7.01,-6.52,0.04,0,0.01
-2.05,-7.02,-6.52,0.04,0,0.01
-2.08,-7,-6.5,0.05,0.01,0.02
-2.06,-7.02,-6.49,0.04,0.01,0.02
-2.05,-7.05,-6.49,0.03,-0.01,0.02
-2.05,-7.02,-6.49,0.02,0,0.01
-2.06,-7.01,-6.5,0.02,-0.01,0.02
-2.03,-7.03,-6.48,0.02,-0.01,0.02
-2.06,-7.02,-6.51,0.01,-0.02,0.01
-2.08,-6.99,-6.52,0.02,-0.01,0
-2.03,-7.04,-6.49,0.03,-0.01,0.01
-2.05,-7.04,-6.49,0.02,-0.01,0.01
-2.06,-7.02,-6.5,0.02,-0.01,0.01
-2.06,-7.03,-6.48,0.02,-0.02,0.01
-2.06,-7.02,-6.49,0.02,-0.02,0.01
-2.08,-6.99,-6.5,0.02,-0.02,0.02
-2.06,-7.01,-6.49,0.03,-0.02,0.01
-2.06,-7.01,-6.49,0.03,-0.03,0.01
-2.08,-7.08,-6.46,0.03,-0.03,0.02
-2.1,-7.06,-6.46,0.02,-0.03,0.02
-2.12,-7,-6.5,0.01,-0.03,0.02
-2.14,-7.02,-6.49,0.03,-0.03,0.02
-2.11,-7.07,-6.45,0.03,-0.04,0.02
-2.11,-7.05,-6.43,0.03,-0.03,0.02
-2.12,-7.02,-6.46,0.01,-0.02,0.02
-2.15,-7.04,-6.47,0.02,-0.02,0.01
-2.15,-7.04,-6.43,0.03,-0.02,0.02
-2.16,-7.04,-6.43,0.02,-0.02,0.02
-2.17,-7.04,-6.44,0.02,-0.02,0.01
-2.16,-7.03,-6.45,0.02,-0.02,0.01
-2.19,-7.07,-6.42,0.02,-0.02,0.01
-2.15,-7.03,-6.44,0.01,-0.02,0.01
-2.18,-7.02,-6.46,0.02,-0.02,0.01
-2.19,-7.06,-6.44,0.03,-0.02,0.01
-2.16,-7.08,-6.42,0.02,-0.02,0.01
-2.17,-7.07,-6.43,0.02,-0.01,0.01
-2.16,-7.05,-6.43,0.02,-0.02,0.01
-2.18,-7.05,-6.44,0.02,-0.02,0
-2.18,-7.05,-6.43,0.02,-0.02,0.01
-2.19,-7.07,-6.43,0.02,-0.02,0
-2.15,-7.08,-6.4,0.01,-0.03,-0.01
-2.17,-7.07,-6.43,-0.01,-0.03,-0.02
-2.16,-7.03,-6.45,0.01,-0.03,-0.01
-2.15,-7.06,-6.44,0.02,-0.02,0
-2.19,-7.07,-6.41,0.02,-0.02,-0.01
-2.2,-7.06,-6.43,0,-0.03,-0.02
-2.18,-7,-6.46,0,-0.02,-0.02
-2.17,-7.02,-6.47,0.03,-0.01,-0.01
-2.14,-7.05,-6.44,0.03,-0.01,-0.01
-2.06,-7,-6.49,0.02,-0.03,-0.01
-2.11,-6.98,-6.64,0.25,-0.01,-0.06
-1.69,-7.33,-6.38,0.06,-0.11,-0.02
-1.85,-7.58,-6.45,-0.5,-0.29,-0.03
-2.15,-8.39,-6.41,-0.52,-0.4,-0.32
-1.63,-8.05,-6.5,-0.96,-0.34,-0.69
-0.29,-7.41,-7.14,-1.38,-0.39,-0.87
-0.31,-5.36,-7.87,-1.57,-0.59,-0.77
-0.52,-5.24,-8.51,-1.19,-0.82,-0.64
-1.11,-4.01,-8.03,-1.17,-0.78,-0.6
-1.41,-3.12,-7.3,-0.62,-0.87,-0.49
-1.92,-3.18,-6.77,-0.06,-0.95,-0.39
-4.14,-3.99,-8.36,0.29,-0.5,-0.28
-3.59,-3.42,-8.02,0.8,-0.2,-0.12
-3.41,-4.38,-6.84,2.96,-0.17,-0.1
-3.85,-7.55,-4.93,2.24,-0.6,0.31
-4.8,-7.58,-5.42,2.13,-0.74,0.75
-6.02,-9.37,-5.59,1.58,-0.59,1.21
-6.07,-8.51,-3.03,1.17,-0.29,1.46
-7.69,-6.8,-1.72,1.8,-0.25,1.81
-9.12,-7.15,-0.87,2.06,-0.43,2.23
-9.82,-7.2,-0.13,2.36,-0.43,2.47
-11.81,-7.59,0.16,2.07,-0.5,2.62
-11.55,-7.67,-0.4,0.17,-0.9,2.81
-10.98,-5.66,0.11,-1.02,-1.11,2.41
-9.5,-5.04,-0.95,-1.37,-1.25,1.78
-8.61,-4.33,-1.08,-2.65,-0.73,0.91
-7.71,-1.53,-0.26,-2.68,-0.26,0.27
-7.07,-0.78,-0.25,-1.53,-0.02,-0.13
-7.61,-0.71,-0.94,-0.96,0.22,-0.12
-7.44,-0.93,-0.8,-0.42,0.56,-0.16
-7.59,-1.49,-0.35,0,0.6,-0.33
-7.81,-2.02,-0.44,-0.16,0.53,-0.47
-8.23,-1.89,-0.25,-0.38,0.42,-0.42
-8.98,-1.97,-0.38,-0.35,0.46,-0.22
-8.93,-2.17,-0.58,-0.27,0.44,-0.03
-9.2,-2.26,-0.84,-0.17,0.38,0
-9.06,-2.22,-1.1,-0.09,0.31,-0.04
-8.88,-2.08,-1.23,0.02,0.29,-0.08
-8.9,-2.2,-1.37,0.19,0.23,-0.03
-8.94,-2.42,-1.46,0.15,0.14,0.09
-9.06,-2.54,-1.63,0.02,0.01,0.21
-9.09,-2.55,-1.8,-0.16,-0.1,0.26
-9.12,-2.3,-1.85,-0.07,-0.12,0.11
-9.24,-2.33,-1.85,-0.07,-0.1,0.09
-9.34,-2.3,-1.77,-0.07,-0.08,0.05
-9.31,-2.25,-1.74,-0.06,-0.05,-0.01
-9.17,-2.2,-1.75,-0.07,-0.06,-0.05
-9.09,-2.09,-1.81,-0.12,-0.05,-0.07
-9.16,-1.99,-1.83,-0.07,-0.03,-0.06
-9.12,-2.01,-1.8,0.02,-0.01,-0.03
-9.18,-2.14,-1.75,0.03,-0.01,-0.03
-9.25,-2.15,-1.69,-0.02,-0.02,-0.02
-9.24,-2.09,-1.64,0,-0.03,-0.02
-9.25,-2.16,-1.65,-0.01,-0.05,-0.01
-9.26,-2.09,-1.67,-0.06,-0.07,0
-9.26,-2.05,-1.71,-0.02,-0.07,0
-9.3,-2.07,-1.7,-0.02,-0.07,0.02
-9.33,-2.06,-1.78,-0.02,-0.06,0.04
-9.3,-2.04,-1.78,0.02,-0.03,0.04
-9.26,-2.08,-1.77,0.06,0,0.03
-9.24,-2.08,-1.66,0.08,0.03,0.02
-9.19,-2.09,-1.55,0.12,0.03,0
-9.24,-2.14,-1.49,0.1,0,0
-9.24,-2.14,-1.53,0.05,-0.03,0.02
-9.25,-2.12,-1.62,0.03,-0.05,0.03
-9.31,-2.12,-1.73,0.05,-0.05,0.03
-9.36,-2.16,-1.78,0.07,0,0.02
-9.28,-2.06,-1.65,0.14,0.06,-0.04
-9.22,-2.06,-1.6,0.21,0.05,-0.04
-9.12,-2.18,-1.59,0.1,-0.02,0.04
-9.22,-2.14,-1.68,-0.01,-0.04,0.1
-9.28,-2.16,-1.68,0.06,-0.03,0.08
-9.28,-2.26,-1.58,0.11,-0.01,0.03
-9.23,-2.27,-1.54,0.03,-0.02,0.01
-9.2,-2.12,-1.48,0.04,-0.02,-0.01
-9.23,-2.15,-1.51,0.08,-0.05,-0.01
-9.22,-2.16,-1.55,0.03,-0.07,0.02
-9.3,-2.13,-1.67,0.01,-0.08,0.01
-9.39,-2.15,-1.72,0.02,-0.06,0.02
-9.36,-2.15,-1.74,0.04,-0.03,0
-9.37,-2.17,-1.76,0,0,-0.01
-9.33,-2.09,-1.71,-0.03,0.03,0
-9.26,-2.09,-1.62,0.02,0.05,0.01
-9.28,-2.13,-1.59,0.03,0.06,0.01
-9.28,-2.14,-1.55,0.02,0.05,0.01
-9.25,-2.14,-1.56,0.01,0.03,0.01
-9.19,-2.12,-1.58,0.01,0.02,0.01
-9.25,-2.12,-1.63,0.02,0.01,0.02
-9.24,-2.14,-1.66,0.02,0.01,0.02
-9.25,-2.14,-1.67,0.02,0.01,0.02
-9.23,-2.12,-1.67,0.03,0.02,0.01
-9.2,-2.13,-1.67,0.04,0.01,0.01
-9.22,-2.12,-1.67,0.03,0.01,0.01
-9.21,-2.1,-1.67,0.03,0,0.01
-9.19,-2.1,-1.73,0.03,-0.01,0.01
-9.38,-2.08,-1.79,0.01,-0.02,0.03
-9.32,-2.07,-1.85,0.03,-0.01,0.03
-9.21,-2.09,-1.81,0.04,0.01,0.02
-9.27,-2.11,-1.77,0,0.01,0.04
-9.2,-2.07,-1.73,-0.01,0,0.05
-9.21,-2.14,-1.73,0.01,-0.01,0.03
-9.29,-2.13,-1.73,-0.03,-0.02,0.03
-9.27,-2.03,-1.74,0,-0.01,0.01
-9.27,-2.03,-1.74,-0.01,-0.02,0.01
-9.22,-1.95,-1.71,0,-0.02,0.02
-9.17,-1.95,-1.67,0.02,-0.03,0.03
-9.16,-1.98,-1.62,0.01,-0.05,0.05
-9.23,-2,-1.52,0.02,-0.08,0.05
-9.18,-2.02,-1.52,0.01,-0.11,0.04
-9.1,-1.92,-1.45,0.01,-0.12,0.01
-9.16,-1.87,-1.39,0.01,-0.16,0.02
-9.21,-1.79,-1.22,0.04,-0.18,0.04
-9.14,-1.82,-1.09,0.09,-0.24,0.05
-9.14,-1.8,-1,0.02,-0.34,0.07
-9.1,-1.79,-0.65,-0.16,-0.52,0.07
-8.96,-1.57,-0.18,-0.26,-0.81,0.14
-8.59,-1.54,0.17,-0.11,-0.91,0.11
-8.12,-1.33,0.78,-0.22,-0.92,0.11
-8.5,-0.76,0.57,-0.2,-0.75,0.03
-8.06,-0.93,0.79,0.32,-0.52,-0.03
-8.01,-2.01,1.19,0.34,-0.48,-0.04
-8.28,-1.41,1.06,0.15,-0.45,-0.03
-8.93,-1.48,0.63,0.81,-0.01,-0.04
-8.66,-1.46,0.47,0.71,0.36,-0.17
-9.26,-1.13,-1.22,0.99,1.16,-0.62
-9.68,-2.08,-2.16,1.13,1.33,-1.15
-9.14,-3.55,-1.26,1.75,1.35,-1.6
-9.08,-5.21,-0.21,1.11,1.17,-1.82
-9.39,-6.29,0.29,0.2,1.11,-1.85
-9.62,-5.94,-0.84,-1.17,1.15,-1.58
-9.8,-5.83,-1.18,-0.21,1.15,-1.61
-10.14,-6.69,-1.16,-0.65,1.03,-1.49
-8.81,-5.88,-1.03,-0.41,1.18,-1.41
-7.59,-7.63,-2.48,-0.19,1.35,-1.32
-5.94,-8.6,-4.11,-0.07,1.34,-1.17
-5.22,-9.27,-5.25,-0.35,1.23,-0.61
-4.34,-9.5,-5.64,-0.42,0.96,-0.01
-3.54,-8.95,-5.59,-0.8,0.43,0.3
-3.21,-6.85,-4.84,-0.8,0.63,0.08
-2.64,-7.19,-4.54,-0.78,0.36,-0.44
-2.43,-6.43,-4.85,-0.69,0.41,-0.66
-2.01,-6.04,-5.99,-0.58,0.45,-0.54
-0.55,-5.82,-7.62,-0.42,-0.15,0.25
-1.56,-4.97,-7.63,-0.5,-0.13,0.33
-1.35,-5.03,-7.72,-0.07,-0.11,0.58
-3.03,-6.11,-8.36,0.32,-0.16,0.63
-3.25,-6.15,-7.96,0.5,0.12,0.33
-2.91,-5.7,-7.26,0.23,0.14,0.36
-3.04,-5.96,-7.3,0.54,0.05,0.31
-3.1,-6.49,-6.79,0.73,0.02,0.25
-3.3,-7.05,-6.44,0.45,-0.03,0.21
-3.54,-7,-6.34,0.07,0,0.07
-3.53,-6.61,-6.53,-0.11,0.06,-0.02
-3.23,-6.25,-6.72,-0.1,0.07,-0.01
-3.02,-6.16,-6.86,-0.04,0.04,-0.01
-2.97,-6.11,-6.92,0.02,0.03,-0.02
-3.07,-6.22,-6.83,0.13,0,-0.02
-3.1,-6.45,-6.66,0.16,0,-0.03
-3.08,-6.59,-6.57,0.13,0.02,-0.02
-3.11,-6.52,-6.58,0.07,0.03,-0.01
-3.14,-6.49,-6.61,0.06,0.04,0
-3.12,-6.47,-6.58,0.06,0.02,0
-3.07,-6.54,-6.56,0.06,0.01,-0.01
-3.01,-6.54,-6.55,0.04,0,0
-3.02,-6.54,-6.57,0.05,-0.01,0.01
-3,-6.57,-6.57,0.04,0,0.03
-3.03,-6.59,-6.58,0.04,-0.01,0.03
-3.03,-6.61,-6.54,0.04,-0.01,0.02
-3,-6.63,-6.52,0.03,0,0.02
-2.99,-6.58,-6.55,0.02,0,0.03
-3.02,-6.56,-6.57,0.02,0,0.03
-3.04,-6.57,-6.55,0.03,0,0.03
-3.04,-6.59,-6.55,0.02,0,0.02
-3.06,-6.56,-6.58,0.01,0.01,0.01
-3.06,-6.53,-6.58,0.03,0.02,0.01
-3.04,-6.58,-6.57,0.04,0.02,0.01
-3,-6.57,-6.55,0.03,0.01,0.02
-2.99,-6.58,-6.56,0.03,0,0.02
-3,-6.6,-6.56,0.03,0,0.01
-2.99,-6.62,-6.54,0.03,0.01,0.02
-2.97,-6.62,-6.54,0.03,0.01,0.01
-2.97,-6.61,-6.56,0.03,0,0.01
-2.97,-6.6,-6.55,0.02,0,0.01
-2.99,-6.6,-6.55,0.02,0,0.01
-2.98,-6.58,-6.56,0.02,0,0.01
-2.97,-6.57,-6.59,0.02,0,0.01
-2.98,-6.62,-6.54,0.03,-0.01,0.01
-2.97,-6.61,-6.53,0.02,-0.01,0.01
-2.98,-6.58,-6.58,0.02,-0.01,0.01
-2.99,-6.57,-6.58,0.03,-0.01,0.01
-2.97,-6.6,-6.55,0.04,-0.01,0.01
-2.97,-6.64,-6.53,0.03,-0.01,0.01
-2.97,-6.6,-6.54,0.02,-0.01,0.01
-2.98,-6.62,-6.53,0.02,-0.01,0.01
-2.98,-6.63,-6.53,0.03,-0.01,0.01
-2.97,-6.62,-6.52,0.02,-0.01,0.01
-2.98,-6.63,-6.54,0.02,-0.01,0.01
-2.98,-6.6,-6.54,0.02,-0.01,0.01
-3,-6.65,-6.52,0.02,-0.02,0.01
-2.99,-6.63,-6.56,0.01,-0.02,0.01
-2.98,-6.58,-6.56,0.02,-0.02,0.01
-3,-6.61,-6.54,0.03,-0.02,0
-2.97,-6.64,-6.51,0.02,-0.02,0
-2.96,-6.65,-6.51,0.02,-0.02,0
-2.99,-6.63,-6.54,0.01,-0.02,0
-2.98,-6.61,-6.54,0.01,-0.02,0
-2.99,-6.59,-6.53,0.02,-0.02,0
-3.01,-6.64,-6.49,0.02,-0.03,0.01
-3,-6.65,-6.5,0.01,-0.03,0
-3.02,-6.6,-6.59,0.03,-0.04,-0.02
-3.02,-6.7,-6.46,0.24,-0.01,-0.12
-2.7,-6.7,-6.43,0.21,-0.08,-0.16
-2.53,-7.3,-6.26,0.31,-0.23,-0.24
-2.26,-7.93,-6.47,-0.04,-0.18,-0.43
-2.17,-7.41,-6.3,-0.76,-0.11,-0.56
-1.7,-8.51,-6.83,-0.44,-0.01,-0.98
0.58,-7.67,-6.72,-1.31,-0.13,-1.13
-0.18,-5.32,-7.75,-1.47,-0.67,-0.75
-0.43,-4.34,-7.76,-1.01,-0.81,-0.58
-1.21,-4.12,-7.59,-0.78,-0.9,-0.41
-1.66,-4.16,-7.72,-0.13,-0.83,-0.3
-3.02,-4.91,-8.1,0.29,-0.52,-0.18
-2.88,-4.16,-6.72,0.81,-0.47,0
-4.46,-4.64,-5.6,2.55,-0.6,0.22
-4.48,-6.84,-4.83,2.41,-0.8,0.36
-5.2,-8.84,-4.67,2.13,-0.97,0.76
-4.88,-7.97,-2.88,1.59,-0.83,1.16
-6.18,-9.09,-1.97,1.89,-0.5,1.15
-8.15,-8.25,-0.19,1.49,0.08,1.38
-9.74,-8,0.1,1.9,0.25,1.87
-10,-7.21,1.12,1.75,0.02,2.39
-10.99,-8.33,0.17,1.75,-0.13,2.61
-11.39,-9,0.16,-0.08,-0.55,2.75
-10.96,-6.53,0.23,-1.07,-0.95,2.18
-9.56,-4.12,-0.27,-1.83,-1.45,1.63
-9.01,-2.71,-1.55,-3.18,-1.37,1.3
-8.07,-1.33,-1.59,-2.74,-0.9,0.87
-7.3,-0.85,-1.2,-1.44,-0.16,0.44
-7.08,-1.14,-1.04,-0.25,0.4,0.07
-7.07,-1.9,-0.5,-0.25,0.55,-0.2
-7.94,-1.66,0.03,-0.35,0.67,-0.4
-8.27,-1.79,0.03,0,0.92,-0.55
-8.37,-2.44,-0.36,0.3,0.6,-0.29
-8.9,-2.77,-0.72,-0.19,0.22,-0.04
-8.99,-2.77,-1.11,-0.74,-0.06,0.09
-9.01,-2.29,-1.26,-1.01,-0.14,0.12
-9.28,-1.89,-1.43,-0.71,-0.08,0.13
-9.01,-1.86,-1.51,-0.14,0.04,0.12
-9.07,-2.18,-1.55,0.2,0.05,0.1
-9.02,-2.42,-1.65,0.15,0.02,0.15
-9.05,-2.4,-1.8,-0.01,-0.03,0.21
-9.31,-2.3,-1.9,-0.05,-0.04,0.21
-9.25,-2.2,-1.92,0.08,-0.01,0.13
-9.34,-2.29,-1.85,0.19,0.03,0.01
-9.28,-2.38,-1.77,0.09,0.04,-0.04
-9.28,-2.21,-1.7,0,0.06,-0.05
-9.18,-2.1,-1.65,0.07,0.03,-0.07
-9.25,-2.08,-1.67,0.12,0,-0.07
-9.11,-2.08,-1.73,0.12,-0.03,-0.04
-9.15,-2.21,-1.8,0.05,-0.07,0.01
-9.21,-2.12,-1.78,-0.06,-0.07,0.03
-9.22,-2.07,-1.79,-0.03,-0.06,0.04
-9.18,-2.14,-1.72,-0.01,-0.07,0.06
-9.21,-2.19,-1.77,-0.05,-0.09,0.08
-9.22,-2.19,-1.85,-0.06,-0.1,0.09
-9.28,-2.18,-1.87,-0.03,-0.05,0.08
-9.4,-2.18,-1.91,0.05,0,0.04
-9.38,-2.07,-1.85,0.22,0.08,-0.02
-9.25,-2.23,-1.82,0.33,0.12,-0.06
-9.22,-2.31,-1.69,0.16,0.1,-0.05
-9.18,-2.19,-1.64,-0.02,0.06,-0.01
-9.15,-2.15,-1.65,-0.05,0.01,0.01
-9.19,-2.15,-1.61,-0.05,-0.01,0.03
-9.2,-2.2,-1.64,-0.02,-0.02,0.02
-9.16,-2.21,-1.69,-0.02,-0.04,0.01
-9.18,-2.17,-1.78,-0.02,-0.05,0
-9.14,-2.16,-1.86,0,-0.04,0
-9.21,-2.14,-1.86,0,-0.04,0
-9.2,-2.14,-1.87,0.05,-0.02,0
-9.22,-2.21,-1.83,0.02,-0.03,0.01
-9.18,-2.17,-1.79,0.01,-0.02,0.01
-9.12,-2.2,-1.77,0.02,-0.03,0.02
-9.18,-2.22,-1.72,0,-0.03,0.03
-9.21,-2.22,-1.71,0.03,-0.04,0.02
-9.23,-2.28,-1.69,0.04,-0.04,0
-9.23,-2.27,-1.72,0,-0.06,-0.01
-9.25,-2.18,-1.75,0.02,-0.06,-0.02
-9.24,-2.2,-1.79,0.04,-0.05,-0.01
-9.23,-2.22,-1.79,0.03,-0.04,0
-9.26,-2.23,-1.78,0.02,-0.03,0
-9.27,-2.22,-1.75,0.01,-0.01,0
-9.28,-2.22,-1.71,0.02,-0.01,-0.01
-9.25,-2.18,-1.69,0.02,0,-0.01
-9.19,-2.15,-1.68,0.04,0,-0.01
-9.27,-2.17,-1.67,0.04,-0.01,0.01
-9.21,-2.19,-1.73,0.02,-0.01,0.03
-9.22,-2.22,-1.74,0.03,-0.01,0.03
-9.23,-2.28,-1.72,0.01,-0.01,0.03
-9.26,-2.24,-1.7,0.02,0,0.02
-9.22,-2.29,-1.66,0.05,0.01,0.01
-9.19,-2.28,-1.65,0,0,0.01
-9.2,-2.21,-1.61,0.01,-0.01,0
-9.26,-2.26,-1.63,0.02,-0.02,0
-9.47,-2.19,-1.78,0,-0.02,-0.03
-9.33,-2.06,-1.91,0.05,0.01,-0.06
-9.21,-1.98,-1.9,0.04,0.04,-0.01
-9.19,-2.02,-1.82,0.05,0.04,0.08
-9.22,-2.22,-1.75,0.06,0.03,0.12
-9.22,-2.32,-1.69,-0.03,0.02,0.11
-9.25,-2.3,-1.68,-0.01,0.02,0.07
-9.17,-2.28,-1.64,0.03,0.03,0.02
-9.11,-2.27,-1.64,0.06,0.02,-0.02
-9.13,-2.23,-1.65,0,-0.01,-0.02
-9.24,-2.11,-1.7,-0.01,-0.03,-0.03
-9.22,-2.07,-1.69,0.02,-0.04,-0.02
-9.18,-2.01,-1.63,0.02,-0.06,-0.01
-9.16,-1.98,-1.59,0.01,-0.09,0.02
-9.14,-1.93,-1.52,0.02,-0.12,0.06
-9.15,-1.95,-1.41,0.04,-0.16,0.09
-9.21,-1.97,-1.37,0.04,-0.2,0.11
-9.16,-1.97,-1.27,0.04,-0.25,0.12
-9.06,-1.96,-1.14,0.01,-0.3,0.11
-8.92,-1.95,-0.98,-0.01,-0.36,0.1
-8.79,-1.96,-0.81,-0.01,-0.44,0.07
-8.74,-2.05,-0.64,-0.07,-0.54,0.05
-8.35,-2.11,-0.41,-0.24,-0.63,-0.02
-8.03,-2.06,0.08,-0.35,-0.69,-0.16
-7.86,-1.98,0.26,-0.47,-0.69,-0.32
-7.46,-1.99,0.74,-0.49,-0.81,-0.46
-7.84,-1.89,0.67,-0.49,-0.69,-0.48
-7.88,-1.84,0.34,-0.5,-0.39,-0.49
-9.06,-1.61,-0.28,-1.45,0.17,-0.2
-9.19,-0.72,-0.97,-0.86,0.92,-0.2
-9.85,-2.28,-1.75,0.75,1.52,-0.54
-9.51,-3.31,-2.33,1.1,1.8,-0.77
-10.02,-5.92,-3.16,1.63,2.07,-1.24
-9.25,-6.31,-1.3,1.42,1.88,-1.48
-10.01,-8.82,-0.24,0.39,1.6,-1.59
-9.84,-6.12,-1.93,-0.73,1.27,-1.56
-8.65,-5.99,-2.76,-0.68,1.34,-1.35
-7.43,-5.97,-3.1,0.13,1.43,-1.18
-6.03,-8.09,-3.37,0.66,1.56,-1.25
-3.23,-7.86,-5.67,-0.87,1.04,0.13
-2.57,-8.02,-6.22,-0.81,0.62,0.46
-1.34,-6,-5.81,-0.6,0.8,0.15
-0.46,-6.57,-5.69,-0.14,0.47,-0.09
-1.01,-6.87,-6.42,-0.42,0.33,-0.12
-0.87,-6.6,-6.68,-0.47,0.41,0.03
-0.46,-7.24,-6.67,-1.04,0.12,0.31
-0.12,-5.92,-7.14,-1.72,-0.12,0.36
-0.44,-3.64,-7.16,-1.85,-0.41,0.44
-2.59,-2.41,-9.01,-1.44,-0.53,0.67
-3.21,-2.73,-9.96,0.17,-0.22,0.65
-3.4,-3.84,-9.01,0.97,0.02,0.52
-3.21,-4.54,-8.52,0.98,0.14,0.4
-3.26,-4.78,-8.15,0.8,0.08,0.26
-3.18,-5.25,-8.05,0.74,0.12,0.09
-2.84,-5.07,-7.63,0.38,0.11,0.08
-2.98,-5.53,-7.6,0.56,0.02,0.07
-3.02,-5.61,-7.49,0.16,0.06,0.08
-3.03,-5.5,-7.61,0.08,0.03,0.07
-3,-5.31,-7.68,0.04,0.02,0.04
-2.99,-5.35,-7.66,0.09,0.01,0.03
-2.98,-5.39,-7.58,0.07,-0.01,0.04
-3.04,-5.49,-7.55,0.07,0.01,0.01
-3,-5.45,-7.57,0.04,0.01,0.01
-2.99,-5.38,-7.56,0.05,0.01,0
-2.97,-5.43,-7.57,0.08,-0.01,0
-2.97,-5.49,-7.53,0.05,-0.03,0.02
-3.01,-5.47,-7.55,0.03,-0.02,0.01
-3.02,-5.45,-7.51,0.05,-0.02,0.01
-3.06,-5.48,-7.49,0.08,-0.03,0.01
-3.12,-5.48,-7.46,0.09,-0.02,0.02
-3.12,-5.54,-7.46,0.1,-0.01,0.02
-3.15,-5.6,-7.42,0.09,0.01,0.03
-3.11,-5.58,-7.39,0.09,0.02,0.02
-3.14,-5.64,-7.38,0.1,0.01,0.01
-3.08,-5.64,-7.36,0.09,0,0.01
-3.07,-5.68,-7.33,0.1,0,0.01
-3.05,-5.76,-7.29,0.09,0,0.01
-3.06,-5.76,-7.27,0.05,0,0.01
-3.07,-5.71,-7.31,0.05,0,0.02
-3.06,-5.76,-7.3,0.08,0,0.02
-3.04,-5.81,-7.24,0.08,0,0.02
-3.05,-5.86,-7.23,0.05,-0.01,0.02
-3.03,-5.8,-7.24,0.04,-0.01,0.02
-3.06,-5.83,-7.24,0.05,-0.01,0.02
-3.06,-5.83,-7.23,0.05,-0.01,0.02
-3.04,-5.87,-7.21,0.06,-0.01,0.02
-3.04,-5.87,-7.21,0.05,-0.01,0.02
-3.05,-5.89,-7.19,0.05,-0.01,0.02
-3.05,-5.9,-7.18,0.04,0,0.01
-3.08,-5.91,-7.17,0.03,0,0.01
-3.07,-5.88,-7.2,0.03,0,0
-3.04,-5.88,-7.18,0.05,0,0.01
-3.04,-5.93,-7.14,0.06,0,0.01
-3.03,-5.93,-7.16,0.04,0,0.01
-3.04,-5.91,-7.16,0.04,-0.01,0
-3.02,-5.94,-7.14,0.05,-0.01,0
-3.02,-5.99,-7.12,0.05,-0.02,0.01
-3.02,-5.99,-7.12,0.03,-0.01,0
-3.03,-5.97,-7.12,0.03,-0.01,0
-3.05,-5.97,-7.13,0.03,-0.01,0
-3.04,-5.97,-7.12,0.02,-0.01,0
-3.03,-5.95,-7.12,0.03,-0.01,0
-3.03,-5.98,-7.11,0.04,-0.01,0.01
-3.03,-6.01,-7.09,0.03,-0.01,0.01
-3.02,-5.99,-7.1,0.02,-0.01,0.01
-3.01,-5.97,-7.12,0.03,-0.01,0.01
-3.02,-5.99,-7.11,0.04,-0.01,0.01
-3.01,-6.03,-7.08,0.04,-0.01,0.01
-3.02,-6.04,-7.08,0.03,-0.01,0.01
-3.01,-6.02,-7.1,0.03,-0.01,0.01
-3.01,-6.04,-7.1,0.03,-0.01,0
-3.01,-6.05,-7.08,0.03,-0.01,0.01
-3.01,-6.03,-7.09,0.02,-0.01,0.01
-3,-6.04,-7.07,0.02,-0.01,0.01
-3.01,-6.03,-7.07,0.03,-0.01,0
-3,-6.08,-7.05,0.03,-0.01,0.01
-3,-6.07,-7.05,0,-0.01,0.01
-2.99,-5.99,-7.11,0,-0.02,0.01
-3.05,-6.04,-7.1,0.04,-0.02,0
-3.01,-6.13,-7.06,0.12,-0.01,-0.07
-2.9,-6.03,-7.2,0.07,-0.06,-0.08
-3,-6.47,-6.92,0.19,-0.03,-0.18
-2.65,-6.33,-7.19,0.16,-0.03,-0.32
-2.43,-7.27,-6.96,0.01,-0.19,-0.43
-2.02,-6.92,-7.41,-0.49,-0.1,-0.64
-0.78,-6.24,-7.37,-0.63,-0.14,-0.71
-0.56,-6.25,-8.29,-1.13,-0.55,-0.53
-1.45,-5.88,-8.48,-0.92,-0.42,-0.42
-2.16,-6,-7.59,-0.79,-0.48,-0.5
-2.32,-5.43,-6.77,-0.82,-0.52,-0.73
-2.75,-5,-6.16,-0.88,-0.71,-0.85
-3.09,-4.3,-6.59,-1.11,-0.95,-0.71
-4.4,-2.18,-8.83,-1.13,-0.31,-0.43
-2.98,-1.58,-9.3,0.2,-0.2,-0.18
-2.25,-2.65,-8.8,1.65,0.02,0.14
-2.32,-5.21,-7.61,2.11,-0.03,0.35
-3.25,-7.12,-6.9,1.94,-0.6,0.88
-4.69,-5.33,-5.77,1.54,-0.99,1.37
-5.95,-7.07,-6.22,2.75,-0.37,1.38
-7.88,-6.04,-2.48,0.65,-0.94,1.63
-9.59,-6.73,-1.4,0.53,-1.03,1.97
-11.86,-5.91,-1.23,-0.41,-1.44,2.33
-13.39,-5.66,-1.88,-0.37,-1.68,2.38
-13.02,-4.08,-2.79,-0.8,-1.76,1.98
-10.96,-2.57,-2.37,-1.05,-2.01,1.24
-9.52,-1.87,-2.15,-1.15,-1.14,0.53
-7.94,-1.59,-1.4,-0.83,-0.58,-0.1
-6.94,-1.33,-0.91,-0.51,0,-0.53
-6.49,-1.25,-0.75,0.03,0.49,-0.73
-6.11,-1.51,-0.7,0.34,0.79,-0.77
-7.01,-1.55,-0.13,0.59,0.93,-0.56
-7.45,-1.86,0.03,0.98,1.09,-0.25
-7.66,-2.41,-0.47,0.99,0.8,0.08
-7.51,-2.95,-0.7,0.43,0.29,0.32
-8.56,-3.19,-0.84,-0.72,-0.17,0.52
-9.99,-2.56,-0.89,-1.45,-0.33,0.67
-9.92,-1.91,-1.28,-0.99,-0.26,0.6
-9.51,-1.88,-1.53,-0.1,-0.19,0.28
-9.5,-2.37,-1.36,0.09,-0.05,0
-9.62,-2.23,-1.16,-0.14,0.16,-0.09
-9.23,-1.89,-1.2,0.03,0.27,-0.11
-9.01,-1.95,-1.1,0.34,0.21,-0.15
-8.85,-2.22,-1.11,0.33,0.09,-0.12
-9.02,-2.25,-1.14,0.02,-0.01,-0.03
-9.21,-2.11,-1.36,-0.12,-0.09,0.04
-9.21,-2.09,-1.46,-0.08,-0.12,0.05
-9.28,-2.17,-1.56,-0.07,-0.11,0.02
-9.3,-2.09,-1.56,-0.07,-0.05,-0.01
-9.41,-2.02,-1.51,0.04,-0.01,-0.02
-9.32,-2.18,-1.53,0.08,-0.03,-0.01
-9.38,-2.23,-1.53,-0.05,-0.05,0.02
-9.47,-2.14,-1.59,-0.1,-0.03,0.01
-9.34,-2.06,-1.56,-0.05,0,-0.02
-9.29,-2.06,-1.5,-0.01,0.02,-0.04
-9.36,-2.03,-1.41,-0.02,0.02,-0.03
-9.24,-2,-1.35,0.01,0.02,-0.04
-9.27,-2,-1.33,0,-0.02,-0.03
-9.29,-2.01,-1.36,-0.02,-0.05,0.02
-9.3,-1.98,-1.43,0,-0.06,0.04
-9.28,-2.01,-1.48,0.05,-0.05,0.03
-9.4,-2.01,-1.5,0.08,-0.03,0.03
-9.37,-2.03,-1.54,0.13,0,0.04
-9.35,-2.01,-1.45,0.17,0.03,0.04
-9.31,-2.07,-1.44,0.17,0.04,0.09
-9.1,-2.09,-1.34,0.19,0.03,0.09
-9.18,-2.24,-1.33,0.17,-0.02,0.07
-9.15,-2.23,-1.33,0.07,-0.06,0.08
-9.39,-2.22,-1.54,0.07,-0.08,0.07
-9.42,-2.2,-1.57,0.1,-0.03,0.04
-9.36,-2.15,-1.53,0.2,0.07,-0.03
-9.55,-2.27,-1.52,0.22,0.06,-0.07
-9.49,-2.16,-1.65,0.03,0.06,-0.08
-9.15,-1.87,-1.66,0.04,0.11,-0.11
-8.98,-1.87,-1.5,0.14,0.12,-0.05
-9.05,-2.03,-1.37,0.1,0.06,0.1
-9.15,-2.1,-1.42,0.11,0.03,0.13
-9.33,-2.22,-1.39,0.12,0.02,0.13
-9.25,-2.25,-1.45,0.1,0,0.11
-9.34,-2.31,-1.5,0.08,-0.03,0.07
-9.4,-2.29,-1.61,0.02,-0.03,0.02
-9.33,-2.16,-1.74,0.01,0.01,-0.04
-9.32,-2.04,-1.73,0.09,0.08,-0.09
-9.2,-1.99,-1.67,0.17,0.12,-0.1
-9.18,-2.02,-1.62,0.19,0.11,-0.08
-9.24,-2.02,-1.61,0.16,0.09,-0.03
-9.25,-2.03,-1.61,0.17,0.06,0.01
-9.27,-2.15,-1.61,0.14,0.02,0.03
-9.25,-2.15,-1.67,0.03,-0.01,0.05
-9.17,-2.09,-1.7,0.02,-0.03,0.06
-9.27,-2.16,-1.77,0,-0.05,0.1
-9.28,-2.16,-1.75,0.03,-0.02,0.11
-9.26,-2.22,-1.71,0.09,-0.01,0.07
-9.25,-2.28,-1.63,0.06,-0.01,0.03
-9.25,-2.19,-1.61,0.01,-0.02,0.01
-9.22,-2.17,-1.63,0.03,-0.02,0
-9.27,-2.16,-1.7,0,-0.03,-0.01
-9.28,-2.09,-1.72,0,-0.01,-0.02
-9.3,-2.08,-1.71,0.02,0,-0.03
-9.3,-2.05,-1.69,0.02,0,-0.03
-9.26,-2.04,-1.68,0.02,0,-0.01
-9.29,-2.04,-1.73,0,-0.01,0.01
-9.29,-2.03,-1.73,0.01,0,0.02
-9.2,-2.04,-1.71,0,-0.02,0.04
-9.16,-2.09,-1.71,-0.03,-0.03,0.06
-9.26,-2.13,-1.67,-0.05,-0.05,0.08
-9.31,-2.14,-1.6,-0.01,-0.04,0.05
-9.28,-2.13,-1.54,0.02,-0.04,0
-9.23,-2.03,-1.5,-0.02,-0.06,0
-9.19,-1.93,-1.45,0.01,-0.08,0
-9.16,-1.95,-1.4,0,-0.12,0.04
-9.22,-2,-1.43,-0.1,-0.19,0.1
-9.41,-1.86,-1.42,-0.1,-0.2,0.11
-9.29,-1.87,-1.38,0.03,-0.2,0.07
-9.29,-1.91,-1.13,-0.01,-0.22,0.04
-8.94,-1.86,-0.94,-0.09,-0.26,-0.01
-8.83,-1.79,-0.63,-0.13,-0.31,-0.05
-8.59,-1.81,-0.3,-0.13,-0.38,-0.05
-8.23,-1.93,0.09,-0.22,-0.53,-0.07
-8.24,-2.08,0.26,-0.33,-0.65,-0.13
-7.55,-2.4,0.18,-0.76,-0.79,-0.51
-7.99,-2.03,-0.36,-1.28,-0.36,-0.43
-8.24,-1.18,-1.1,-0.88,0.45,-0.43
-8.4,-1.56,-1.56,0.19,1.13,-0.48
-8.97,-2.34,-1.28,1.02,1.39,-0.73
-10.04,-4.71,-2.5,0.72,1.66,-1.01
-9.39,-4.28,-2.18,1.32,1.93,-1.33
-8.72,-6.01,-2.23,1.24,1.65,-1.51
-9.4,-6.32,-1.17,1.76,1.14,-1.62
-9.28,-9.52,-0.76,0.18,0.98,-1.52
-8.75,-8.59,-2.63,-0.44,1.05,-1.52
-7.4,-8.89,-2.8,-0.57,1.02,-1.45
-6.03,-7.76,-3.74,-1.08,1.03,-1.2
-6.94,-9.5,-4.02,-0.88,0.96,-0.48
-6.06,-6.68,-3.99,-0.83,1.45,0.29
-4.18,-7.84,-5.94,-0.09,1.08,0.8
-2.65,-7.6,-5.34,0.04,1.25,0.43
0.27,-7.6,-4.81,-0.64,0.82,-0.36
-0.39,-6.78,-5.89,-1.04,0.4,-0.55
-1.14,-6.6,-6.96,-0.88,0.64,-0.29
-0.86,-6.03,-7.19,-0.31,0.62,0.07
-0.14,-6.53,-6.79,-0.13,0.26,0.2
-0.49,-5.72,-6.88,-0.35,-0.04,0.23
-0.81,-4.87,-7.51,-0.18,-0.17,0.24
-1.73,-5.63,-8.05,0.28,-0.17,0.31
-2.15,-6.63,-7.35,0.3,-0.06,0.36
-2.25,-6.56,-7.38,-0.13,-0.05,0.34
-2.32,-6.06,-7.18,-0.11,-0.07,0.32
-2.61,-6.08,-7.9,-0.25,-0.04,0.3
-2.79,-5.58,-7.73,-0.04,0.05,0.22
-2.85,-5.8,-7.49,0.08,0.05,0.21
-2.95,-5.79,-7.41,0.11,-0.01,0.15
-3.05,-5.99,-7.35,0.15,-0.03,0.08
-2.94,-6.04,-7.2,0.09,-0.03,0.02
-2.9,-6.06,-7.25,0.04,-0.03,-0.01
-2.82,-5.93,-7.17,0.03,-0.06,0.02
-2.8,-5.92,-7.17,-0.03,-0.11,0.09
-2.93,-5.86,-7.41,-0.08,-0.07,0.08
-2.96,-5.69,-7.41,0,-0.02,0.07
-3.15,-5.69,-7.38,0.04,-0.01,0.07
-3.41,-5.77,-7.24,0.1,-0.01,0.03
-3.35,-5.8,-7.12,0.08,-0.01,-0.01
-3.08,-5.82,-7.18,0.02,-0.04,-0.01
-2.93,-5.75,-7.27,-0.01,-0.09,0
-3.04,-5.71,-7.31,0.03,-0.08,0
-3.21,-5.77,-7.24,0.08,-0.07,0.03
-3.29,-5.86,-7.16,0.09,-0.03,0.03
-3.26,-5.84,-7.13,0.07,0,0.01
-3.21,-5.88,-7.11,0.09,-0.01,0.01
-3.13,-5.95,-7.07,0.09,-0.02,0.02
-3.12,-6.05,-7.05,0.05,-0.01,0.03
-3.16,-5.96,-7.07,-0.01,-0.02,0.02
-3.2,-5.88,-7.15,0.01,-0.01,0.01
-3.13,-5.93,-7.1,0.06,-0.01,0.02
-3.15,-5.97,-7.08,0.04,-0.01,0.02
-3.2,-5.95,-7.07,0.04,-0.01,0.02
-3.24,-5.96,-7.06,0.04,-0.01,0.01
-3.2,-5.95,-7.04,0.03,-0.01,0
-3.2,-5.94,-7.08,0.03,-0.01,-0.01
-3.19,-5.94,-7.04,0.04,-0.01,0
-3.2,-5.97,-7.04,0.04,-0.01,0
-3.19,-5.98,-7.07,0.03,-0.01,0
-3.2,-5.97,-7.06,0.04,-0.01,0
-3.17,-6,-7.04,0.05,0,-0.01
-3.16,-6.04,-7,0.05,-0.01,0
-3.15,-6.01,-7.01,0.04,-0.01,0
-3.14,-6.03,-7.01,0.03,-0.02,0.01
-3.16,-6.06,-6.99,0.04,-0.01,0.01
-3.15,-6.07,-6.99,0.03,-0.01,0.01
-3.19,-6.05,-7.01,0.02,-0.01,0.01
-3.17,-6.02,-7,0.03,0,0.01
-3.18,-6.07,-6.99,0.03,0,0.01
-3.15,-6.07,-6.98,0.02,-0.01,0.02
-3.15,-6.03,-7,0.01,-0.01,0.01
-3.16,-6.03,-6.97,0.03,-0.02,0.01
-3.11,-6.08,-6.96,0.01,-0.05,0.03
-3.23,-6.09,-7.04,0.01,-0.03,0.02
-3.19,-6.01,-7,0.02,-0.02,0.02
-3.19,-6.07,-6.98,0.02,-0.01,0.01
-3.19,-6.04,-6.99,0.01,-0.01,0.01
-3.22,-6,-6.98,0.01,-0.01,0.01
-3.21,-6.02,-6.99,0.01,-0.01,0.01
-3.21,-6.05,-6.97,0.02,-0.01,0.01
-3.2,-6.04,-6.98,0.01,-0.01,0.01
-3.19,-6.02,-7.01,0.01,-0.02,0.01
-3.21,-6.01,-6.99,0.02,-0.02,0
-3.19,-6.02,-7,0.03,-0.01,0
-3.19,-6.07,-6.96,0.04,-0.02,0
-3.19,-6.05,-6.98,0.03,-0.02,0
-3.2,-6.06,-6.97,0.03,-0.01,0
-3.2,-6.06,-6.96,0.02,-0.02,0
-3.19,-6.07,-6.95,0.02,-0.02,0.01
-3.19,-6.08,-6.96,0.01,-0.02,0.01
-3.12,-6.03,-6.91,-0.01,-0.04,0.02
-3.26,-6.04,-6.99,0,-0.06,0.02
-3.23,-6.01,-6.89,0.02,-0.03,0
-3.23,-6.12,-6.87,0.03,-0.04,0.01
-3.23,-6.07,-6.93,-0.02,-0.06,0
-3.13,-5.98,-6.94,0.05,-0.04,-0.06
-3.06,-6.11,-6.69,0.03,-0.07,-0.09
-3.5,-6.27,-6.97,-0.34,-0.13,-0.11
-3.47,-5.68,-7.23,-0.44,-0.08,-0.06
-2.94,-5.49,-7.27,-0.33,-0.06,0
-3.12,-5.49,-7.49,-0.44,-0.15,-0.01
-3.09,-5.24,-7.74,-0.19,-0.2,-0.03
-3.23,-6.22,-7.91,0.24,-0.27,-0.2
-3.09,-6.9,-7.8,0.12,-0.23,-0.46
-0.94,-7.19,-7.77,-0.41,-0.25,-0.41
-1.64,-6.27,-8.19,-1.21,-0.3,-0.33
-1.31,-4.21,-8.67,0.2,-0.22,-0.59
-1,-5.17,-7.1,0.31,-0.46,-0.75
-1.13,-4.99,-6.8,-0.48,-0.82,-0.7
-2.21,-2.96,-7.74,-1.2,-0.71,-0.56
-3.6,-4.78,-9.33,0.9,-0.93,0.14
-6.25,-4.48,-4.92,0.91,-1.73,1.09
-8.61,-4.22,-3.94,1.37,-1.93,0.78
-7.25,-8.74,-3.43,1.2,-1.72,0.58
-6.71,-4.76,-4.12,0.71,-1.27,0.8
-8.02,-5.21,-2.15,1.56,-0.76,1.35
-11.39,-7.95,-0.81,1.55,-0.83,2.09
-14.06,-8.53,-1.49,-0.37,-1.63,2.58
-15.2,-5.95,-2.47,-1.38,-2.49,2.57
-12.99,-2.9,-2.44,-1.5,-1.99,1.61
-9.38,-0.85,-0.53,-0.93,-1.39,0.56
-7.55,-0.1,-0.23,-1.03,-0.54,-0.01
-6.82,0.44,-0.59,-0.36,0.07,-0.35
-6.37,-0.33,-0.62,0.25,0.62,-0.44
-6.03,-0.53,-0.68,0.44,0.81,-0.4
-6.71,-0.96,-0.77,0.79,0.86,-0.32
-7.41,-1.46,-0.78,0.91,0.82,-0.2
-8.02,-2.02,-0.76,0.79,0.72,-0.07
-8.56,-2.33,-0.88,0.52,0.55,0.06
-8.95,-2.5,-1.13,0.23,0.29,0.22
-8.88,-2.6,-1.38,-0.06,0.11,0.34
-8.99,-2.49,-1.47,-0.24,-0.02,0.33
-9.27,-2.25,-1.35,-0.19,0.06,0.22
-9.41,-2.2,-1.5,0.05,0.14,0.09
-9.29,-2.11,-1.41,0.36,0.22,-0.03
-9.13,-2.32,-1.43,0.49,0.2,-0.13
-9.12,-2.29,-1.42,0.34,0.15,-0.15
-9.16,-2.19,-1.54,0.23,0.09,-0.14
-9.12,-2.15,-1.61,0.14,0.02,-0.13
-9.28,-2.07,-1.68,0.03,-0.02,-0.11
-9.16,-1.98,-1.78,-0.01,-0.05,-0.07
-9.24,-2,-1.93,-0.05,-0.11,0
-9.21,-2.04,-1.96,-0.11,-0.11,0.09
-9.26,-1.99,-2.03,-0.09,-0.07,0.13
-9.25,-2.05,-2,0.04,-0.03,0.15
-9.29,-2.19,-1.88,0.09,0,0.16
-9.27,-2.26,-1.81,0.11,0.03,0.14
-9.25,-2.32,-1.77,0.1,0.02,0.1
-9.25,-2.29,-1.75,0.06,0.01,0.04
-9.27,-2.23,-1.76,0.03,0.02,0
-9.19,-2.15,-1.79,0.03,0.01,-0.03
-9.16,-2.11,-1.82,0.04,0.01,-0.05
-9.2,-2.07,-1.82,0.04,0.02,-0.04
-9.21,-2.03,-1.86,0.04,0.01,-0.03
-9.22,-2.02,-1.81,0.06,0.02,-0.02
-9.23,-2.05,-1.77,0.04,0.01,-0.01
-9.22,-2.01,-1.72,0.02,-0.01,0.01
-9.17,-2.01,-1.74,0.03,0,0.03
-9.18,-2.05,-1.75,0.07,-0.02,0.04
-9.22,-2.11,-1.78,0.04,-0.03,0.05
-9.2,-2.08,-1.82,0.03,-0.03,0.06
-9.25,-2.14,-1.88,0.03,-0.03,0.05
-9.27,-2.12,-1.86,0.01,-0.01,0.05
-9.19,-2.12,-1.89,0.06,-0.01,0.03
-9.26,-2.19,-1.8,0.05,-0.01,0.02
-9.19,-2.15,-1.83,0.01,-0.01,0.01
-9.22,-2.13,-1.81,0.04,-0.01,-0.01
-9.25,-2.14,-1.82,0.02,-0.01,-0.03
-9.24,-2.03,-1.84,0,-0.01,-0.05
-9.23,-2,-1.84,0.02,-0.02,-0.05
-9.2,-1.99,-1.84,-0.02,-0.03,-0.01
-9.22,-1.94,-1.86,-0.01,-0.04,0.01
-9.22,-2.03,-1.86,0.02,-0.03,0.02
-9.27,-2.05,-1.82,0.01,-0.03,0.03
-9.22,-2.07,-1.8,0.03,-0.03,0.03
-9.23,-2.12,-1.74,0.03,-0.03,0.02
-9.18,-2.13,-1.7,0.02,-0.05,0.01
-9.23,-2.15,-1.68,0.01,-0.06,0
-9.24,-2.13,-1.69,-0.03,-0.08,0
-9.24,-2.15,-1.73,-0.08,-0.08,-0.01
-9.24,-2.1,-1.71,-0.14,-0.06,-0.03
-9.29,-2.1,-1.64,-0.13,-0.06,-0.03
-9.28,-2.15,-1.57,-0.18,-0.07,-0.03
-9.28,-2.09,-1.47,-0.18,-0.09,-0.05
-9.22,-2.06,-1.35,-0.17,-0.14,-0.05
-9.29,-1.93,-1.24,-0.15,-0.19,-0.03
-9.15,-1.86,-1.09,-0.02,-0.24,-0.01
-9.01,-1.95,-0.87,0.04,-0.32,0
-8.95,-1.95,-0.71,-0.02,-0.42,0.03
-8.86,-1.91,-0.48,0.04,-0.57,0.04
-8.79,-2.06,-0.42,-0.03,-0.68,0.03
-8.65,-2.13,-0.08,-0.07,-0.72,-0.07
-8.56,-2.05,0.11,-0.1,-0.79,-0.15
-8.12,-2.2,0.31,-0.11,-0.9,-0.18
-8.34,-2.28,0.86,-0.41,-0.9,-0.2
-8.58,-2.38,0.92,-0.64,-0.93,-0.15
-8.77,-1.99,1.78,-0.36,-0.88,-0.11
-9.3,-2.28,1.82,-1.26,-0.44,-0.16
-9.84,-2.27,0.96,-0.43,0.18,-0.29
-9.85,-3.15,0.67,-0.12,0.65,-0.4
-9.91,-3.48,0.41,-0.14,1.66,-0.54
-8.98,-4.12,-0.23,0,1.63,-0.62
-8.54,-4.68,-0.24,0.55,1.73,-0.74
-8.74,-5.3,-1.65,0.33,1.62,-0.67
-8.68,-5.19,-1.09,1.37,1.61,-0.81
-8.38,-7.25,0.82,0.87,1.41,-1.2
-8.71,-7.94,-0.45,-0.38,1.12,-1.41
-8.42,-6.58,-0.74,-1.12,0.95,-1.42
-7.81,-6.38,-2.21,-1.58,0.97,-1.14
-6.75,-6.48,-2.95,-1.64,1.18,-0.82
-6.58,-5.99,-4.62,-2.08,1.25,-0.62
-5.74,-5.04,-5.38,-1.56,1.46,-0.52
-4.81,-6.52,-8.79,-1.61,1.44,-0.04
-4.7,-5.16,-8.83,-0.77,1.29,0.4
-4.55,-5.63,-8.03,0.33,0.72,0.64
-3.54,-4.59,-7.81,0.24,0.83,0.46
-1.18,-4.03,-7.28,0.43,1.07,0.03
-0.66,-3.71,-7.32,-0.31,0.74,-0.13
-0.83,-3.74,-7.42,-0.46,0.52,0.03
-2.35,-4.34,-8.67,-0.26,0.24,0.31
-1.23,-4.32,-8.68,0.59,0.47,0.29
-0.27,-4.63,-7.33,0.25,0.39,0.41
0.22,-4.76,-7.9,-0.25,0.16,0.42
-1.25,-4.7,-8.41,-0.72,-0.03,0.42
-1.06,-3.91,-10.53,-0.64,-0.15,0.78
-2.83,-4.94,-10.59,-0.04,0.1,0.34
-1.84,-3.26,-8.19,-0.07,0.21,0.22
-2.31,-3.32,-9.39,0.39,0.13,0.35
-1.93,-4.06,-8.83,0.75,0.17,0.28
-1.87,-4.8,-8.44,0.54,0.13,0.23
-1.94,-4.73,-8.46,0.23,0.16,0.16
-2.06,-4.37,-8.59,0.2,0.17,0.13
-2.18,-4.42,-8.54,0.3,0.17,0.13
-2.18,-4.69,-8.41,0.3,0.17,0.11
-2.02,-4.81,-8.3,0.23,0.12,0.05
-1.85,-4.8,-8.34,0.21,0.07,0.02
-1.7,-4.9,-8.26,0.21,0.01,0.02
-1.7,-5.07,-8.2,0.22,-0.02,0.03
-1.72,-5.22,-8.15,0.16,0,0.03
-1.71,-5.23,-8.14,0.12,0.01,0.02
-1.76,-5.21,-8.16,0.11,0.01,0
-1.77,-5.18,-8.16,0.19,0.02,-0.01
-1.77,-5.24,-8.11,0.34,0.03,-0.03
-1.75,-5.61,-7.88,0.26,0,0
-1.74,-5.7,-7.84,0.08,-0.01,-0.01
-1.75,-5.46,-7.93,0,-0.01,0
-1.78,-5.42,-7.95,0.03,-0.02,0.01
-1.77,-5.49,-7.92,0.07,-0.02,0.01
-1.75,-5.59,-7.91,0.04,-0.02,0.02
-1.75,-5.58,-7.91,0.03,-0.01,0.02
-1.77,-5.58,-7.89,0.03,0,0.02
-1.77,-5.56,-7.9,0.02,-0.01,0.02
-1.78,-5.55,-7.91,0.02,-0.01,0.02
-1.77,-5.55,-7.89,0.04,0,0.01
-1.73,-5.63,-7.86,0.05,0.01,0.02
-1.71,-5.66,-7.84,0.01,0,0.02
-1.71,-5.56,-7.91,-0.02,-0.01,0.01
-1.75,-5.5,-7.95,0.01,-0.01,0
-1.73,-5.55,-7.9,0.05,-0.01,0
-1.7,-5.66,-7.87,0.04,-0.02,0
-1.7,-5.62,-7.87,0,-0.02,0
-1.75,-5.54,-7.9,0,-0.02,0
-1.76,-5.53,-7.92,0.02,-0.02,0
-1.75,-5.58,-7.89,0.03,-0.01,0
-1.74,-5.54,-7.9,0.03,-0.01,-0.01
-1.73,-5.61,-7.87,0.04,-0.01,0
-1.72,-5.6,-7.87,0.01,-0.01,0
-1.74,-5.53,-7.9,0.02,-0.02,0
-1.76,-5.56,-7.9,0.05,-0.02,0
-1.73,-5.63,-7.86,0.06,-0.01,0.01
-1.73,-5.67,-7.84,0.04,-0.01,0.01
-1.74,-5.62,-7.86,0.03,-0.01,0.01
-1.73,-5.62,-7.86,0.03,-0.01,0.01
-1.74,-5.65,-7.85,0.03,-0.01,0.01
-1.73,-5.65,-7.84,0.02,-0.01,0.01
-1.75,-5.59,-7.86,0.02,-0.01,0.01
-1.75,-5.65,-7.86,0.06,-0.01,0.01
-1.69,-5.68,-7.8,0.06,0,0.01
-1.69,-5.7,-7.82,0.01,-0.02,0.01
-1.74,-5.64,-7.85,0.02,-0.02,0.01
-1.75,-5.69,-7.8,0.03,-0.01,0.01
-1.75,-5.69,-7.82,0.02,-0.01,0.01
-1.75,-5.64,-7.85,0.03,0,0.01
-1.7,-5.68,-7.83,0.04,0,0.01
-1.7,-5.69,-7.81,0.05,-0.01,0.01
-1.71,-5.73,-7.77,0.05,-0.01,0.01
-1.71,-5.78,-7.78,0.01,-0.02,0.01
-1.73,-5.66,-7.83,0,-0.03,0.01
-1.76,-5.66,-7.83,0.03,-0.03,0.01
-1.72,-5.72,-7.8,0.04,-0.02,0.01
-1.74,-5.71,-7.8,0.04,-0.02,0.01
-1.74,-5.73,-7.78,0.04,-0.02,0.01
-1.75,-5.78,-7.75,0.03,-0.03,0.01
-1.75,-5.74,-7.77,0.02,-0.03,0.02
-1.76,-5.74,-7.76,0.02,-0.02,0.01
-1.77,-5.76,-7.77,0.01,-0.02,0.01
-1.78,-5.74,-7.76,0,-0.02,0.01
-1.78,-5.75,-7.77,0,-0.02,0.02
-1.81,-5.67,-7.8,-0.01,-0.02,0.01
-1.83,-5.66,-7.83,0.03,-0.01,0.01
-1.8,-5.69,-7.79,0.03,0,0
-1.81,-5.72,-7.78,0.03,0,0
-1.79,-5.71,-7.78,0.05,0,0
-1.79,-5.72,-7.79,0.03,-0.01,0.01
-1.77,-5.72,-7.77,0.03,-0.01,0.01
-1.79,-5.75,-7.74,0.03,-0.01,0.01
-1.75,-5.78,-7.76,0.02,-0.01,0.01
-1.76,-5.77,-7.74,0.03,-0.01,0.01
-1.77,-5.79,-7.74,0,-0.01,0.01
-1.76,-5.73,-7.77,-0.01,0,0.01
-1.77,-5.7,-7.8,0,-0.01,0.01
-1.76,-5.71,-7.78,0.01,0,0.01
-1.77,-5.75,-7.78,0.01,-0.01,0.01
-1.77,-5.69,-7.8,0.01,-0.01,0.01
-1.78,-5.7,-7.79,0.02,-0.01,0.01
-1.78,-5.69,-7.79,0.03,0,0.01
-1.77,-5.69,-7.79,0.03,0,0.01
-1.78,-5.69,-7.78,0.03,0,0.01
-1.76,-5.73,-7.78,0.04,0,0.01
-1.74,-5.81,-7.73,0.04,-0.01,0.01
-1.71,-5.78,-7.76,-0.01,-0.01,0.02
-1.74,-5.7,-7.77,0,-0.01,0.01
-1.75,-5.73,-7.78,0.02,-0.01,0
-1.72,-5.77,-7.76,0.03,-0.01,0
-1.73,-5.75,-7.76,0,-0.01,0
-1.74,-5.7,-7.79,0,-0.01,0
-1.75,-5.69,-7.81,0.01,-0.01,0
-1.77,-5.69,-7.78,0.02,-0.02,0.01
-1.78,-5.72,-7.78,0.02,-0.01,0.01
-1.75,-5.68,-7.78,0.02,-0.01,0
-1.73,-5.74,-7.79,0.05,-0.01,0.01
-1.72,-5.77,-7.74,0.02,-0.01,0.01
-1.72,-5.7,-7.79,0.02,-0.01,0.01
-1.73,-5.71,-7.78,0.04,-0.01,0.01
-1.72,-5.76,-7.74,0.05,-0.01,0.01
-1.72,-5.82,-7.7,0.03,-0.01,0.01
-1.7,-5.79,-7.75,0.02,-0.01,0.01
-1.71,-5.78,-7.75,-0.01,-0.01,0.01
-1.73,-5.83,-7.72,0.02,-0.01,0.01
-1.74,-5.77,-7.76,0,-0.02,0
-1.71,-5.72,-7.79,0.01,-0.01,0
-1.73,-5.72,-7.77,0.01,-0.01,0.01
-1.75,-5.78,-7.75,0.01,-0.02,0.01
-1.75,-5.71,-7.79,0,-0.02,0.01
-1.77,-5.67,-7.8,0.01,-0.02,0.01
-1.77,-5.72,-7.78,0.04,-0.02,0.01
-1.72,-5.78,-7.75,0.03,-0.02,0.01
-1.71,-5.76,-7.76,0.01,-0.02,0.01
-1.73,-5.74,-7.77,0.02,-0.02,0.01
-1.76,-5.75,-7.75,0.03,-0.01,0.01
-1.75,-5.77,-7.76,0.03,-0.01,0.01
-1.74,-5.71,-7.76,0.03,-0.01,0.01
-1.75,-5.75,-7.75,0.03,-0.01,0.01
-1.73,-5.79,-7.76,0.04,-0.02,0.01
-1.75,-5.85,-7.68,-0.01,-0.02,0.01
-1.73,-5.8,-7.74,0.01,-0.02,0.01
-1.75,-5.74,-7.77,0.01,-0.02,0
-1.73,-5.75,-7.74,0.02,-0.01,0
-1.73,-5.8,-7.75,0.01,-0.02,0
-1.73,-5.74,-7.75,0,-0.02,0.01
-1.76,-5.75,-7.76,0,-0.02,0
-1.79,-5.71,-7.76,0.02,-0.02,0.01
-1.81,-5.73,-7.76,0.02,-0.01,0.01
-1.78,-5.71,-7.78,0.02,-0.01,0.01
-1.77,-5.72,-7.8,0.03,-0.01,0.01
-1.75,-5.8,-7.74,0.06,-0.01,0.01
-1.72,-5.79,-7.72,0.02,-0.01,0.01
-1.73,-5.75,-7.77,0.02,-0.02,0
-1.78,-5.77,-7.73,0.04,-0.02,0
-1.75,-5.79,-7.73,0.03,-0.01,0.01
-1.75,-5.81,-7.71,0.02,0,0.01
-1.73,-5.79,-7.71,0.04,-0.01,0.01
-1.72,-5.85,-7.74,0.02,-0.01,0.01
-1.71,-5.83,-7.68,0.01,0,0.01
-1.75,-5.81,-7.7,-0.01,0,0
-1.72,-5.72,-7.76,0.01,-0.01,0
-1.71,-5.78,-7.74,0.02,-0.02,0
-1.74,-5.81,-7.7,0.02,-0.02,0.01
-1.75,-5.8,-7.73,-0.01,-0.01,0.01
-1.77,-5.71,-7.77,0,-0.01,0.01
-1.77,-5.71,-7.79,0.03,-0.01,0.01
-1.73,-5.79,-7.75,0.06,-0.01,0.01
-1.76,-5.84,-7.71,0.02,-0.01,0.01
-1.76,-5.78,-7.7,0.03,0,0
-1.7,-5.73,-7.77,0.03,-0.01,0.01
-1.67,-5.75,-7.73,0.06,-0.02,0.02
-1.74,-5.87,-7.71,0.03,-0.02,0.02
-1.74,-5.86,-7.74,0.03,-0.01,0.01
-1.74,-5.88,-7.69,0.05,0.01,0.01
-1.72,-5.9,-7.64,0.03,0.01,0
-1.66,-5.92,-7.68,-0.02,0,0
-1.59,-5.79,-7.72,0,-0.02,0.01
-1.78,-5.8,-7.73,-0.09,-0.02,0.02
-1.78,-5.8,-7.76,0.01,-0.01,0.01
-1.72,-5.81,-7.74,0.01,-0.01,0.01
-1.69,-5.76,-7.74,0.02,-0.01,0.01
-1.68,-5.83,-7.7,0,-0.01,0
