-2.24,-5.21,-8.20,-0.13,0.01,-0.06
-2.21,-4.74,-8.20,-0.01,-0.19,0.04
-2.49,-4.72,-8.36,0.08,-0.13,0.05
-2.24,-4.85,-8.15,0.13,-0.08,0.03
-2.50,-5.17,-8.09,0.11,-0.15,0.00
-2.50,-4.99,-8.10,0.05,-0.11,-0.01
-2.45,-4.90,-8.13,0.08,-0.06,-0.00
-2.45,-5.12,-8.05,0.11,-0.04,0.00
-2.50,-5.20,-7.97,0.06,-0.03,0.01
-2.56,-5.19,-8.01,0.02,-0.02,0.01
-2.49,-5.17,-8.01,-0.00,-0.02,-0.00
-2.46,-5.14,-8.00,-0.01,-0.03,0.00
-2.49,-5.09,-8.03,-0.02,-0.04,0.00
-2.52,-5.02,-8.06,0.00,-0.05,0.00
-2.54,-5.17,-7.95,-0.05,-0.06,0.02
-2.60,-4.99,-8.00,-0.07,-0.06,0.01
-2.55,-4.91,-8.08,0.00,-0.06,0.05
-2.61,-5.02,-8.02,0.02,-0.08,0.07
-2.59,-5.08,-8.04,-0.00,-0.06,0.07
-2.68,-5.05,-7.99,-0.02,-0.08,0.07
-2.84,-4.93,-8.02,-0.07,-0.06,0.07
-2.80,-4.72,-8.06,-0.06,-0.06,0.06
-2.85,-4.71,-8.13,-0.04,-0.07,0.09
-2.99,-4.89,-8.13,-0.05,-0.07,0.09
-2.87,-4.76,-8.15,-0.17,-0.07,0.07
-3.12,-4.69,-8.27,-0.18,-0.05,0.07
-2.95,-4.64,-8.29,-0.13,0.05,0.00
-3.01,-4.65,-8.47,-0.10,0.12,-0.08
-2.75,-4.62,-8.31,-0.14,0.18,-0.17
-2.85,-4.48,-8.35,-0.25,0.13,-0.20
-2.40,-4.27,-7.99,-0.31,0.18,-0.24
-2.30,-3.98,-8.51,-0.30,0.09,-0.09
-2.35,-4.14,-8.67,-0.20,0.02,-0.01
-2.58,-4.08,-8.80,-0.22,0.12,-0.05
-2.30,-3.74,-8.70,-0.07,0.16,-0.09
-2.23,-3.76,-8.69,0.04,0.09,-0.04
-2.32,-3.90,-8.75,0.11,0.06,-0.03
-2.06,-3.95,-8.65,0.15,0.05,-0.05
-2.04,-4.03,-8.60,0.18,-0.04,0.03
-2.12,-4.20,-8.55,0.14,-0.08,0.05
-2.13,-4.43,-8.85,0.15,-0.04,0.00
-2.14,-4.59,-8.68,0.05,0.05,-0.11
-1.97,-4.37,-8.57,-0.05,0.07,-0.12
-2.00,-4.22,-8.53,-0.03,-0.02,-0.07
-2.15,-4.21,-8.80,-0.04,-0.03,-0.06
-2.09,-4.09,-8.75,0.02,0.02,-0.07
-2.10,-4.10,-8.74,-0.00,0.03,-0.04
-2.16,-4.07,-8.72,0.07,0.04,0.00
-2.05,-4.14,-8.62,0.06,0.08,0.04
-1.86,-4.27,-8.72,0.07,0.09,0.10
-1.85,-4.34,-8.68,0.06,0.12,0.10
-1.84,-4.37,-8.71,0.02,0.16,0.10
-1.82,-4.19,-8.73,0.02,0.17,0.12
-1.83,-4.10,-8.79,0.04,0.15,0.16
-1.88,-4.11,-8.74,0.12,0.13,0.17
-1.97,-4.33,-8.79,0.07,0.16,0.14
-1.72,-4.10,-8.65,0.14,0.16,0.11
-1.54,-4.27,-8.69,0.21,0.10,0.17
-1.29,-4.58,-8.51,0.31,0.03,0.16
-1.22,-5.09,-8.57,0.24,-0.04,0.13
-1.28,-5.17,-8.39,0.10,-0.07,-0.01
-1.37,-4.91,-8.38,-0.07,-0.11,-0.12
-1.68,-4.57,-8.41,-0.04,-0.17,-0.13
-1.88,-4.49,-8.71,-0.08,-0.17,-0.11
-1.92,-4.27,-8.69,-0.05,-0.07,-0.12
-1.90,-4.36,-8.52,0.01,-0.08,-0.05
-2.14,-4.53,-8.68,0.08,-0.09,-0.00
-2.12,-4.59,-8.40,-0.01,-0.02,-0.03
-2.02,-4.33,-8.62,-0.01,-0.02,0.02
-2.04,-4.48,-8.58,0.07,-0.04,0.06
-1.98,-4.43,-8.48,-0.00,-0.03,0.06
-1.69,-4.62,-8.63,0.08,-0.03,0.06
-1.78,-4.72,-8.60,0.08,-0.03,0.03
-1.55,-4.79,-8.50,0.08,-0.01,-0.03
-1.50,-4.64,-8.43,0.05,-0.04,-0.04
-1.73,-4.86,-8.51,0.09,-0.05,-0.09
-1.80,-4.80,-8.32,0.03,-0.03,-0.10
-1.80,-4.62,-8.42,0.02,-0.07,-0.05
-2.08,-4.66,-8.40,0.07,-0.08,0.01
-2.12,-4.71,-8.48,0.05,-0.02,0.03
-1.89,-4.70,-8.50,0.12,-0.01,0.04
-1.87,-4.89,-8.40,0.19,-0.01,0.03
-1.84,-4.99,-8.29,0.10,-0.01,0.03
-1.82,-5.04,-8.31,0.15,-0.03,0.02
-1.77,-5.16,-8.26,0.12,-0.03,-0.00
-1.82,-5.02,-8.21,0.05,-0.05,0.00
-1.94,-4.94,-8.27,0.10,-0.07,0.02
-2.07,-5.09,-8.13,0.28,-0.07,0.00
-2.08,-5.25,-8.18,0.20,-0.05,0.00
-2.10,-5.45,-8.12,0.16,-0.00,-0.01
-1.94,-5.50,-7.96,0.07,0.06,-0.03
-1.92,-5.21,-7.88,-0.14,0.04,-0.01
-1.97,-5.14,-7.97,-0.03,-0.05,0.04
-1.99,-5.28,-8.23,-0.07,-0.09,0.01
-2.05,-5.11,-8.32,0.01,-0.08,-0.01
-2.01,-5.26,-8.13,0.01,-0.01,-0.03
-1.93,-5.17,-8.06,-0.02,0.02,-0.01
-1.98,-5.26,-8.12,0.03,-0.00,0.03
-1.90,-5.11,-8.05,-0.02,-0.05,0.02
-1.95,-5.10,-8.20,0.03,-0.14,0.04
-2.47,-5.39,-7.99,0.38,-0.05,0.09
-2.32,-5.82,-7.83,0.24,0.01,0.02
-2.18,-5.71,-7.79,0.11,0.06,0.01
-1.93,-5.86,-7.62,0.16,0.05,-0.01
-1.97,-5.92,-7.59,0.06,0.01,0.02
-2.00,-5.86,-7.60,0.00,-0.03,-0.00
-2.07,-5.80,-7.71,-0.09,-0.05,-0.01
-2.03,-5.66,-7.81,-0.02,-0.03,-0.04
-2.02,-5.69,-7.71,0.01,-0.04,-0.00
-2.05,-5.71,-7.68,0.03,-0.06,-0.01
-2.11,-5.81,-7.72,-0.03,-0.06,-0.01
-2.29,-5.71,-7.73,-0.05,-0.04,-0.03
-2.35,-5.53,-7.83,-0.05,-0.01,-0.04
-2.29,-5.44,-7.78,0.04,-0.01,-0.02
-2.10,-5.64,-7.80,0.06,-0.03,-0.00
-2.05,-5.71,-7.80,0.08,-0.03,-0.02
-2.09,-5.78,-7.69,0.05,-0.01,0.01
-2.12,-5.73,-7.63,0.01,-0.01,0.02
-2.16,-5.74,-7.71,-0.01,-0.03,0.02
-2.15,-5.67,-7.70,0.01,-0.04,0.03
-2.21,-5.59,-7.78,0.03,-0.04,0.05
-2.24,-5.62,-7.75,0.09,-0.02,0.05
-2.22,-5.79,-7.69,0.08,0.02,0.04
-2.12,-5.80,-7.63,0.08,0.00,0.04
-2.15,-5.84,-7.62,0.04,-0.01,0.04
-2.20,-5.77,-7.62,0.05,-0.03,0.03
-2.24,-5.80,-7.64,0.03,-0.03,0.02
-2.26,-5.74,-7.68,0.02,0.00,0.03
-2.18,-5.80,-7.61,0.05,0.01,0.03
-2.16,-5.81,-7.60,0.04,-0.02,0.03
-2.22,-5.89,-7.63,0.01,-0.02,0.01
-2.16,-5.74,-7.63,-0.03,-0.02,0.01
-2.23,-5.74,-7.65,-0.01,-0.04,0.04
-2.29,-5.82,-7.65,-0.01,-0.04,0.03
-2.27,-5.80,-7.65,-0.01,-0.03,0.00
-2.29,-5.75,-7.65,-0.02,-0.03,0.00
-2.29,-5.66,-7.64,-0.01,-0.03,0.01
-2.28,-5.66,-7.70,0.00,-0.04,0.02
-2.26,-5.69,-7.72,0.02,-0.04,0.01
-2.30,-5.71,-7.65,0.04,-0.04,0.01
-2.37,-5.79,-7.64,0.02,-0.04,0.02
-2.38,-5.71,-7.63,-0.00,-0.03,0.00
-2.38,-5.69,-7.66,0.03,-0.03,0.00
-2.32,-5.71,-7.64,0.03,-0.02,0.00
-2.34,-5.74,-7.61,0.03,-0.03,0.01
-2.39,-5.74,-7.63,0.01,-0.03,0.01
-2.39,-5.68,-7.64,0.01,-0.03,0.01
-2.41,-5.71,-7.65,0.01,-0.03,0.00
-2.39,-5.73,-7.65,0.02,-0.02,-0.00
-2.39,-5.75,-7.61,0.00,-0.02,0.01
-2.39,-5.72,-7.62,-0.07,-0.01,0.00
-2.40,-5.66,-7.67,-0.07,-0.03,0.00
-2.48,-5.99,-7.63,-0.37,-0.02,0.02
-2.36,-5.41,-7.80,-0.52,0.02,-0.05
-2.32,-5.00,-8.04,-0.26,-0.04,-0.04
-2.39,-4.88,-8.19,-0.04,-0.02,-0.00
-2.35,-5.09,-8.04,0.12,-0.04,0.02
-2.43,-5.34,-7.94,0.06,-0.03,0.02
-2.40,-5.28,-7.95,0.00,-0.02,-0.00
-2.39,-5.21,-7.98,0.02,-0.03,0.00
-2.41,-5.18,-8.01,0.03,-0.02,0.01
-2.40,-5.18,-7.99,0.05,-0.03,0.01
-2.43,-5.30,-7.96,0.06,-0.03,0.02
-2.43,-5.28,-7.93,0.02,-0.01,0.01
-2.42,-5.24,-7.96,0.02,-0.02,0.00
-2.43,-5.23,-7.96,0.03,-0.02,0.00
-2.41,-5.28,-7.94,0.05,-0.03,0.01
-2.43,-5.32,-7.91,0.03,-0.02,0.01
-2.45,-5.28,-7.93,0.02,-0.01,-0.00
-2.44,-5.28,-7.91,0.03,-0.01,-0.01
-2.47,-5.33,-7.95,0.03,0.01,-0.02
-2.42,-5.30,-7.98,0.02,0.02,-0.03
-2.49,-5.36,-8.05,0.08,0.03,-0.07
-2.27,-5.37,-7.99,0.04,0.04,-0.10
-2.39,-5.38,-7.99,0.04,-0.00,-0.12
-2.25,-5.64,-7.90,0.01,-0.00,-0.13
-2.38,-5.83,-7.96,-0.17,0.08,-0.25
-2.02,-5.74,-8.20,-0.33,0.06,-0.29
-1.97,-5.57,-8.29,-0.43,0.06,-0.33
-1.42,-5.26,-8.67,-0.39,0.00,-0.34
-1.27,-4.98,-8.86,-0.48,-0.05,-0.25
-0.75,-4.59,-9.03,-0.53,0.06,-0.19
-0.51,-4.50,-8.93,-0.52,0.08,-0.17
-0.41,-4.67,-8.49,-0.46,0.06,-0.28
-0.59,-4.36,-8.06,-0.69,-0.10,-0.32
-1.15,-3.27,-8.12,-0.81,-0.39,-0.30
-1.67,-2.66,-8.49,-0.79,-0.63,-0.26
-2.50,-2.49,-8.58,-0.68,-1.02,-0.16
-3.29,-2.32,-8.42,-0.84,-1.28,-0.02
-4.06,-1.99,-8.58,-0.60,-1.38,0.00
-5.06,-2.36,-9.19,-0.34,-1.07,-0.07
-4.08,-1.71,-9.17,0.02,-0.93,-0.05
-4.21,-2.07,-7.92,0.52,-1.01,0.17
-5.15,-3.25,-6.58,1.15,-0.97,0.37
-5.80,-4.12,-8.23,1.04,-0.85,0.50
-5.66,-3.53,-9.79,0.96,-1.01,0.60
-6.47,-3.50,-8.58,0.91,-1.50,0.81
-7.78,-2.92,-6.87,1.31,-1.57,1.01
-7.98,-3.41,-5.59,0.72,-1.39,0.88
-8.67,-2.95,-4.47,0.98,-1.23,0.63
-9.76,-2.28,-2.78,0.84,-1.36,0.63
-9.01,-3.03,-2.47,1.19,-0.94,0.56
-8.93,-2.81,-2.06,1.55,-0.73,0.48
-9.28,-2.79,-0.92,1.09,-0.45,0.37
-9.41,-2.06,-0.55,0.79,-0.37,0.32
-9.48,-2.33,-0.70,0.16,-0.19,0.27
-9.27,-1.51,-1.57,-0.15,-0.03,0.22
-8.94,-1.44,-0.92,0.17,0.14,0.20
-9.12,-1.65,-0.51,0.78,0.21,0.19
-9.27,-1.30,-0.37,1.12,0.17,0.06
-8.53,-1.46,-0.13,1.52,0.24,-0.11
-9.25,-1.70,-0.13,1.50,0.30,-0.15
-8.23,-2.17,-0.13,1.15,0.31,-0.11
-8.20,-2.39,-0.40,0.38,0.26,-0.01
-8.94,-2.33,-0.87,-0.22,0.11,0.15
-9.27,-2.39,-1.13,-0.63,0.04,0.28
-9.19,-2.17,-0.93,-0.90,-0.03,0.30
-9.27,-1.39,-0.58,-1.05,0.10,0.21
-9.41,-1.27,-0.72,-0.99,0.18,0.17
-9.27,-0.49,-0.92,-0.75,0.22,0.12
-9.65,-0.13,-0.90,-0.15,0.25,0.18
-9.71,-0.21,-0.94,0.47,0.28,0.26
-9.07,-0.73,-0.97,0.69,0.24,0.28
-8.11,-1.12,-1.48,0.27,-0.03,0.26
-8.78,-1.66,-1.84,-0.59,-0.46,0.35
-10.47,-1.59,-1.77,-1.31,-0.61,0.36
-9.87,-0.24,-1.62,-1.23,-0.39,0.08
-9.90,0.50,-1.32,-0.42,-0.13,-0.27
-10.03,0.51,-1.26,0.02,0.07,-0.34
-9.67,0.28,-1.21,0.24,0.09,-0.16
-9.59,-0.47,-1.17,0.06,-0.06,0.09
-9.32,-0.41,-1.17,-0.30,-0.17,0.22
-9.45,-0.41,-1.11,-0.36,-0.14,0.30
-9.60,-0.36,-1.09,-0.11,-0.01,0.29
-9.29,-0.31,-0.95,0.35,0.09,0.16
-9.22,-0.87,-0.89,0.54,0.06,0.04
-9.45,-1.21,-0.77,0.16,-0.00,-0.03
-9.39,-1.07,-0.95,-0.05,-0.12,-0.07
-9.33,-1.03,-1.10,-0.15,-0.20,-0.11
-9.17,-0.82,-1.27,-0.19,-0.20,-0.15
-9.49,-0.62,-1.51,-0.13,-0.17,-0.18
-9.38,-0.36,-1.53,0.04,-0.03,-0.14
-9.66,-0.42,-1.60,0.11,0.05,-0.13
-9.67,-0.33,-1.31,0.32,0.20,-0.14
-9.60,-0.60,-1.32,0.50,0.24,-0.19
-9.71,-0.90,-1.28,0.38,0.22,-0.17
-9.59,-0.95,-1.20,0.21,0.23,-0.12
-9.46,-0.91,-1.31,0.23,0.22,-0.07
-9.55,-0.88,-1.40,0.34,0.23,-0.09
-9.67,-1.04,-1.44,0.57,0.27,-0.08
-9.60,-1.25,-1.36,0.55,0.26,-0.08
-9.62,-1.28,-1.25,0.43,0.21,-0.04
-9.44,-1.35,-1.24,0.29,0.14,0.01
-9.39,-1.43,-1.32,0.13,0.05,0.04
-9.42,-1.50,-1.45,-0.04,-0.03,0.05
-9.44,-1.35,-1.58,-0.12,-0.04,0.03
-9.40,-1.24,-1.73,-0.05,-0.05,-0.00
-9.28,-1.22,-1.75,0.00,-0.04,-0.02
-9.27,-1.22,-1.77,0.02,-0.03,-0.01
-9.49,-1.33,-1.81,0.01,-0.03,0.02
-9.40,-1.34,-1.83,0.02,-0.02,0.03
-9.49,-1.34,-1.87,0.05,-0.02,-0.01
-9.52,-1.29,-1.80,0.17,0.05,-0.06
-9.31,-1.50,-1.80,0.26,0.04,-0.10
-9.23,-1.72,-1.71,0.15,0.06,-0.12
-9.09,-1.76,-1.75,0.09,0.06,-0.14
-9.10,-1.74,-1.68,0.16,0.06,-0.17
-9.25,-1.73,-1.71,0.31,0.04,-0.19
-9.15,-1.80,-1.67,0.44,0.03,-0.19
-9.06,-1.98,-1.72,0.31,-0.06,-0.14
-9.09,-1.98,-1.77,0.02,-0.12,-0.03
-9.22,-1.89,-1.86,-0.10,-0.14,0.08
-9.19,-1.92,-1.87,-0.04,-0.12,0.14
-9.27,-2.03,-1.79,0.03,-0.09,0.15
-9.46,-2.15,-1.72,0.01,-0.06,0.11
-9.52,-2.16,-1.61,-0.00,-0.03,0.04
-9.53,-2.13,-1.56,-0.01,-0.01,-0.05
-9.45,-2.08,-1.54,-0.04,-0.01,-0.10
-9.32,-1.99,-1.52,-0.10,-0.03,-0.11
-9.23,-1.92,-1.51,-0.14,-0.06,-0.09
-9.21,-1.86,-1.47,-0.15,-0.09,-0.05
-9.22,-1.85,-1.38,-0.13,-0.12,-0.00
-9.08,-1.89,-1.29,-0.16,-0.20,0.04
-9.09,-1.93,-1.31,-0.29,-0.30,0.11
-9.07,-1.86,-1.29,-0.40,-0.37,0.18
-9.12,-1.86,-1.26,-0.37,-0.38,0.18
-9.24,-2.11,-1.15,-0.35,-0.36,0.09
-9.18,-2.19,-0.83,-0.30,-0.34,-0.07
-9.16,-2.41,-0.55,-0.43,-0.37,-0.21
-8.96,-2.23,-0.20,-0.57,-0.35,-0.33
-8.74,-2.08,-0.19,-0.43,-0.36,-0.44
-8.90,-2.10,0.14,-0.23,-0.31,-0.58
-8.94,-2.04,0.28,-0.11,-0.22,-0.68
-8.62,-2.04,0.55,-0.07,-0.24,-0.73
-8.36,-2.42,0.53,-0.32,-0.44,-0.65
-8.31,-2.93,0.75,-1.02,-0.56,-0.51
-8.26,-3.35,0.25,-1.81,-0.48,-0.39
-8.50,-4.05,-0.14,-2.27,-0.28,-0.48
-8.23,-3.33,-1.36,-2.24,0.36,-0.65
-7.89,-3.40,-1.99,-1.49,0.42,-0.72
-8.43,-5.28,-3.20,-0.79,1.18,-0.94
-7.67,-5.15,-2.85,-0.90,1.30,-0.73
-8.55,-6.54,-3.93,-0.83,1.09,-0.64
-7.74,-6.49,-3.75,-0.79,1.31,-0.49
-7.17,-6.69,-4.44,-0.67,1.33,-0.37
-6.67,-6.15,-5.85,-0.86,1.38,-0.13
-5.96,-5.61,-6.54,-1.17,1.54,0.04
-5.38,-5.00,-7.69,-1.47,1.26,0.33
-4.75,-3.52,-9.87,-1.17,1.18,0.59
-2.32,-2.16,-8.90,0.12,1.02,0.87
-2.63,-4.09,-10.26,0.55,0.71,1.01
-2.12,-3.80,-8.48,0.33,0.66,0.45
-2.70,-3.11,-8.34,-0.41,0.34,0.16
-2.86,-1.83,-8.15,-0.39,0.47,-0.14
-2.74,-2.59,-9.32,-0.27,0.34,-0.06
-2.58,-2.59,-9.68,0.15,0.41,-0.03
-2.99,-3.44,-10.40,0.20,0.23,0.20
-3.06,-3.05,-9.08,0.14,0.39,0.13
-2.48,-2.57,-7.97,0.19,0.40,0.10
-1.76,-2.46,-8.36,-0.07,0.35,0.12
-1.14,-2.65,-9.44,0.31,0.24,0.22
-0.49,-3.32,-9.84,0.56,0.18,0.27
-0.70,-3.99,-9.61,0.17,0.15,0.27
-1.09,-3.44,-8.73,0.28,0.02,0.25
-1.84,-3.42,-8.86,0.27,-0.04,0.24
-2.07,-3.58,-9.26,0.55,-0.00,0.21
-2.24,-3.82,-9.26,0.59,0.06,0.19
-2.23,-4.11,-8.98,0.57,0.10,0.20
-2.02,-4.43,-8.71,0.54,0.14,0.20
-1.90,-4.80,-8.52,0.49,0.18,0.16
-1.87,-4.94,-8.36,0.34,0.17,0.11
-1.87,-4.95,-8.29,0.21,0.12,0.08
-1.68,-4.95,-8.28,0.17,0.09,0.06
-1.65,-5.09,-8.30,0.12,0.07,0.04
-1.61,-5.84,-7.44,0.32,0.39,0.07
-1.28,-5.57,-7.57,-0.18,-0.07,0.35
-2.07,-4.05,-9.44,-0.46,-0.28,0.20
-1.71,-3.37,-9.29,-0.17,-0.09,0.02
-2.03,-4.39,-8.64,0.38,-0.08,0.12
-1.96,-5.34,-8.21,0.51,-0.02,0.11
-1.90,-5.54,-7.94,0.29,0.03,0.06
-1.82,-5.27,-8.03,-0.03,-0.02,0.03
-1.89,-4.98,-8.24,-0.07,-0.09,0.03
-1.97,-5.01,-8.27,-0.01,-0.07,0.03
-2.00,-5.08,-8.21,0.03,-0.05,0.01
-2.01,-5.09,-8.18,0.02,-0.04,0.01
-2.05,-5.04,-8.22,0.00,-0.04,0.01
-2.07,-5.01,-8.22,0.01,-0.03,0.01
-2.06,-5.04,-8.24,0.03,-0.03,0.01
-2.03,-5.11,-8.17,0.05,-0.02,-0.00
-2.01,-5.18,-8.14,0.07,0.00,-0.01
-2.03,-5.08,-8.16,0.03,-0.01,-0.01
-2.10,-5.03,-8.23,0.02,-0.02,-0.00
-2.10,-5.06,-8.18,0.02,-0.03,0.00
-2.08,-5.08,-8.20,0.01,-0.02,-0.00
-2.04,-5.10,-8.16,0.03,-0.01,0.00
-2.04,-5.13,-8.15,0.02,-0.01,0.00
-2.04,-5.07,-8.19,0.02,-0.02,0.00
-2.04,-5.09,-8.19,0.02,-0.01,0.01
-2.05,-5.11,-8.16,0.03,-0.01,0.01
-2.05,-5.13,-8.15,0.03,-0.01,0.01
-2.06,-5.11,-8.17,0.02,-0.00,0.01
-2.05,-5.13,-8.16,0.02,-0.01,0.01
-2.04,-5.13,-8.16,0.02,-0.01,0.01
-2.06,-5.10,-8.17,0.02,-0.01,0.01
-2.05,-5.09,-8.18,0.03,-0.00,0.01
-2.03,-5.14,-8.13,0.03,-0.00,0.02
-2.00,-5.16,-8.13,0.02,-0.01,0.02
-2.02,-5.14,-8.15,0.01,-0.01,0.01
-2.04,-5.12,-8.18,0.02,-0.01,0.01
-2.04,-5.12,-8.16,0.02,-0.01,0.01
-2.04,-5.14,-8.14,0.02,-0.01,0.01
-2.04,-5.12,-8.17,0.01,-0.01,0.01
-2.04,-5.11,-8.15,0.02,-0.01,0.01
-2.04,-5.14,-8.15,0.01,-0.01,0.01
-2.04,-5.12,-8.16,0.01,-0.01,0.01
-2.05,-5.09,-8.18,0.02,-0.01,0.00
-2.03,-5.11,-8.16,0.03,-0.01,0.01
-2.02,-5.15,-8.14,0.02,-0.01,0.01
-2.03,-5.14,-8.14,0.02,-0.01,0.01
-2.04,-5.11,-8.18,0.02,-0.01,0.01
-2.04,-5.12,-8.16,0.02,-0.01,0.01
-2.05,-5.13,-8.15,0.02,-0.01,0.01
-2.04,-5.14,-8.17,0.01,-0.01,0.01
-2.04,-5.12,-8.18,0.02,-0.01,0.01
-2.04,-5.12,-8.16,0.02,-0.01,0.01
-2.03,-5.17,-8.15,0.02,-0.01,0.01
-2.02,-5.14,-8.15,0.01,-0.01,0.01
-2.05,-5.10,-8.19,0.01,-0.01,0.01
-2.04,-5.10,-8.17,0.03,-0.01,0.01
-2.00,-5.16,-8.14,0.03,-0.01,0.01
-2.00,-5.16,-8.14,0.01,-0.02,0.01
-2.03,-5.12,-8.18,0.01,-0.01,0.01
-2.03,-5.12,-8.18,0.02,-0.01,0.01
-2.02,-5.15,-8.14,0.02,-0.01,0.01
-2.04,-5.15,-8.16,0.02,-0.01,0.01
-2.02,-5.14,-8.15,0.01,-0.01,0.01
-2.02,-5.13,-8.17,0.02,-0.01,0.01
-2.04,-5.13,-8.17,0.01,-0.01,0.00
-2.02,-5.15,-8.15,0.02,-0.01,0.01
-2.04,-5.10,-8.19,0.02,-0.01,0.01
-2.03,-5.12,-8.17,0.03,-0.01,0.01
-2.00,-5.16,-8.16,0.02,-0.01,0.01
-2.03,-5.15,-8.16,0.02,-0.01,0.01
-1.99,-5.13,-8.16,0.02,-0.01,0.01
-2.00,-5.15,-8.15,0.02,-0.01,0.01
-2.02,-5.16,-8.13,0.02,-0.01,0.01
-2.03,-5.14,-8.15,0.01,-0.01,0.01
-2.03,-5.13,-8.18,0.02,-0.01,0.01
-2.01,-5.14,-8.17,0.02,-0.01,0.01
-2.01,-5.16,-8.15,0.02,-0.01,0.01
-1.99,-5.12,-8.16,0.02,-0.01,0.01
-2.01,-5.17,-8.15,0.01,-0.02,0.01
-2.02,-5.14,-8.15,0.01,-0.02,0.01
-2.04,-5.09,-8.18,0.02,-0.02,0.01
-2.05,-5.13,-8.15,0.03,-0.01,0.01
-2.02,-5.17,-8.13,0.02,-0.01,0.01
-2.03,-5.14,-8.15,0.01,-0.02,0.01
-2.03,-5.11,-8.17,0.02,-0.01,0.01
-2.02,-5.15,-8.16,0.02,-0.01,0.01
-2.03,-5.17,-8.13,0.02,-0.01,0.01
-2.04,-5.15,-8.14,0.01,-0.01,0.01
-2.05,-5.12,-8.16,0.02,-0.01,0.01
-2.02,-5.13,-8.15,0.02,-0.01,0.01
-2.01,-5.16,-8.14,0.02,-0.01,0.01
-2.02,-5.14,-8.16,0.01,-0.01,0.01
-2.02,-5.18,-8.15,0.01,-0.01,0.01
-2.03,-5.15,-8.14,0.01,-0.01,0.01
-2.05,-5.13,-8.17,0.01,-0.01,0.00
-2.07,-5.12,-8.16,0.02,-0.01,0.00
-2.03,-5.13,-8.14,0.03,-0.01,0.00
-2.03,-5.14,-8.15,0.02,-0.01,0.01
-2.03,-5.12,-8.18,0.02,-0.01,0.00
-2.04,-5.13,-8.16,0.02,-0.01,0.00
-2.04,-5.14,-8.14,0.03,-0.01,0.01
-2.02,-5.15,-8.14,0.02,-0.01,0.01
-2.02,-5.13,-8.17,0.02,-0.01,0.01
-2.04,-5.16,-8.17,0.02,-0.01,0.01
-2.03,-5.15,-8.16,0.02,-0.01,0.01
-2.01,-5.15,-8.14,0.02,-0.01,0.01
-1.99,-5.14,-8.14,0.02,-0.01,0.01
-1.99,-5.18,-8.13,0.02,-0.01,0.01
-2.01,-5.17,-8.13,0.01,-0.01,0.01
-2.03,-5.13,-8.16,0.01,-0.01,0.01
-2.03,-5.13,-8.16,0.02,-0.00,0.01
-2.02,-5.16,-8.15,0.02,-0.01,0.01
-2.03,-5.17,-8.19,0.02,-0.00,0.00
-2.04,-5.18,-8.21,0.04,0.02,-0.01
-1.98,-5.18,-8.20,0.04,0.00,-0.01
-2.06,-5.28,-8.13,0.04,0.01,-0.03
-1.98,-5.21,-8.12,-0.00,0.01,-0.04
-1.85,-5.13,-8.14,-0.01,0.00,-0.04
-1.81,-5.12,-8.12,-0.01,-0.01,-0.02
-1.83,-5.14,-8.11,0.01,-0.01,-0.02
-1.92,-5.31,-8.20,0.01,-0.02,-0.05
-1.85,-5.17,-8.07,-0.03,-0.04,-0.08
-1.90,-5.13,-8.29,-0.03,0.00,-0.09
-1.70,-5.29,-8.07,0.07,-0.00,-0.13
-1.70,-5.25,-8.20,-0.07,0.01,-0.14
-1.73,-5.11,-8.45,-0.03,0.04,-0.17
-1.43,-5.34,-8.32,-0.02,-0.02,-0.21
-1.30,-5.10,-8.56,-0.04,-0.09,-0.29
-1.19,-4.79,-8.32,-0.03,-0.12,-0.24
-1.25,-5.04,-8.24,0.01,-0.12,-0.14
-1.15,-5.10,-8.16,0.03,-0.12,-0.09
-1.13,-5.40,-8.11,0.03,-0.14,-0.07
-1.31,-5.49,-8.15,-0.10,-0.20,-0.16
-1.39,-5.21,-8.10,-0.09,-0.30,-0.19
-1.50,-5.01,-8.67,-0.59,-0.42,-0.19
-1.43,-4.29,-8.65,-0.50,-0.48,-0.25
-1.58,-4.00,-8.86,-0.55,-0.60,-0.26
-1.77,-3.77,-9.03,-0.27,-0.63,-0.31
-2.24,-3.86,-8.56,0.20,-0.77,-0.30
-2.59,-4.30,-7.73,0.65,-0.92,-0.25
-3.24,-5.57,-6.36,0.79,-1.35,0.10
-4.60,-7.35,-7.33,0.79,-1.79,0.28
-4.81,-6.08,-8.36,1.13,-1.90,0.62
-4.43,-5.37,-7.62,1.51,-1.60,0.81
-5.04,-4.96,-4.30,1.69,-0.71,0.54
-7.26,-5.75,-5.29,1.36,-0.11,0.50
-7.63,-7.24,-2.43,1.83,-0.13,0.91
-7.43,-7.42,-3.28,1.11,-0.37,0.97
-6.86,-5.69,-3.00,0.76,-0.45,1.18
-8.00,-6.47,-1.26,0.42,-0.71,1.54
-9.17,-5.57,-1.20,-0.41,-1.02,1.56
-10.80,-5.00,-0.56,-0.39,-1.40,1.73
-11.47,-4.95,-0.44,-0.64,-1.47,1.70
-11.25,-3.16,-1.00,-1.01,-1.65,1.28
-10.81,-2.50,-1.40,-1.54,-1.29,0.65
-9.98,-1.56,-1.46,-1.58,-0.81,0.02
-9.39,-0.74,-1.27,-0.84,-0.18,-0.37
-9.11,-0.45,-0.27,0.28,0.56,-0.68
-8.32,-0.65,0.11,1.39,1.29,-0.83
-8.36,-1.69,0.03,1.83,1.69,-0.88
-7.50,-2.47,-0.28,1.46,1.90,-0.78
-7.42,-2.99,-0.70,0.88,1.86,-0.58
-7.02,-3.11,-1.05,0.78,1.59,-0.38
-7.01,-3.62,-1.44,0.89,1.25,-0.24
-6.85,-4.07,-1.63,1.03,0.92,-0.11
-6.70,-4.49,-1.82,1.00,0.56,0.04
-7.56,-5.40,-2.45,-0.36,-0.26,0.37
-8.07,-4.93,-2.82,-0.53,-0.35,0.29
-8.03,-4.48,-2.89,-0.29,-0.35,0.21
-8.03,-4.42,-3.03,-0.19,-0.36,0.20
-7.96,-4.21,-2.81,-0.37,-0.31,0.23
-8.25,-3.82,-2.75,-0.51,-0.20,0.26
-8.30,-3.47,-2.59,-0.34,-0.05,0.27
-8.62,-3.32,-2.45,0.02,0.07,0.25
-8.79,-3.67,-2.38,0.34,0.10,0.21
-8.85,-3.85,-2.24,0.40,0.08,0.13
-8.66,-3.97,-2.38,0.29,-0.05,0.07
-8.63,-3.95,-2.41,0.01,-0.18,0.07
-8.47,-3.70,-2.57,-0.22,-0.22,0.09
-8.51,-3.45,-2.66,-0.15,-0.19,0.10
-8.65,-3.48,-2.67,0.01,-0.12,0.12
-8.66,-3.56,-2.63,0.07,-0.06,0.12
-8.75,-3.57,-2.61,0.06,-0.05,0.10
-8.80,-3.53,-2.53,-0.00,-0.02,0.09
-8.77,-3.39,-2.45,-0.03,0.00,0.07
-8.80,-3.33,-2.32,0.02,0.03,0.04
-8.77,-3.31,-2.20,0.04,0.03,0.03
-8.70,-3.36,-2.19,0.01,-0.01,0.04
-8.74,-3.37,-2.28,-0.06,-0.05,0.05
-8.78,-3.34,-2.34,-0.05,-0.05,0.02
-8.82,-3.30,-2.39,-0.01,-0.05,-0.01
-8.83,-3.28,-2.43,-0.05,-0.04,-0.02
-8.80,-3.13,-2.43,-0.06,-0.03,-0.02
-8.81,-3.07,-2.38,-0.03,-0.01,-0.01
-8.77,-3.04,-2.32,-0.01,0.01,0.02
-8.78,-3.09,-2.28,-0.01,-0.01,0.05
-8.80,-3.10,-2.24,-0.02,-0.01,0.07
-8.79,-3.13,-2.26,0.02,-0.04,0.07
-8.92,-3.22,-2.35,-0.04,-0.08,0.09
-8.92,-3.13,-2.49,-0.12,-0.08,0.10
-8.95,-2.98,-2.51,-0.10,-0.04,0.09
-8.86,-2.93,-2.52,-0.02,-0.01,0.08
-8.78,-2.92,-2.37,0.01,0.02,0.07
-8.75,-2.91,-2.35,0.00,0.00,0.08
-8.81,-2.97,-2.32,-0.02,-0.03,0.10
-8.80,-2.91,-2.33,-0.03,-0.03,0.08
-8.86,-2.88,-2.35,0.00,-0.03,0.05
-8.96,-2.82,-2.29,0.03,-0.02,0.03
-8.92,-2.78,-2.32,0.06,-0.02,0.00
-8.87,-2.81,-2.35,0.06,-0.03,-0.01
-8.96,-2.80,-2.39,0.01,-0.04,-0.01
-9.08,-2.78,-2.51,0.04,-0.01,-0.03
-9.09,-2.76,-2.45,0.16,0.06,-0.06
-8.84,-2.75,-2.32,0.20,0.09,-0.08
-8.73,-2.75,-2.20,0.16,0.04,-0.06
-8.72,-2.77,-2.19,0.08,-0.02,0.02
-8.79,-2.79,-2.18,0.06,-0.03,0.11
-8.76,-2.82,-2.11,0.18,-0.04,0.12
-8.85,-2.96,-2.07,0.24,-0.06,0.11
-8.91,-2.93,-2.05,0.19,-0.08,0.13
-9.06,-2.84,-2.07,0.18,-0.09,0.13
-9.30,-2.84,-2.11,0.19,-0.09,0.15
-9.33,-2.77,-2.25,0.11,-0.12,0.17
-9.06,-2.52,-2.24,0.06,-0.10,0.13
-8.87,-2.36,-2.10,0.07,-0.06,0.12
-9.07,-2.50,-2.07,0.04,-0.08,0.22
-9.22,-2.54,-1.94,-0.00,-0.06,0.26
-9.24,-2.53,-1.92,0.07,-0.04,0.20
-9.19,-2.49,-1.81,0.09,-0.02,0.13
-9.20,-2.43,-1.87,0.05,-0.02,0.11
-9.14,-2.33,-1.83,0.04,-0.01,0.10
-9.27,-2.26,-1.84,0.07,0.00,0.06
-9.24,-2.21,-1.80,0.09,0.03,0.02
-9.25,-2.19,-1.78,0.12,0.04,-0.01
-9.14,-2.18,-1.76,0.07,0.03,-0.02
-9.17,-2.11,-1.79,0.06,0.03,-0.01
-9.23,-2.13,-1.83,0.07,0.00,0.02
-9.26,-2.13,-1.86,0.07,-0.00,0.03
-9.17,-2.13,-1.93,0.08,0.00,0.03
-9.14,-2.04,-1.82,0.10,0.04,0.03
-9.14,-2.12,-1.79,0.13,0.02,0.06
-9.15,-2.19,-1.73,0.09,-0.02,0.10
-9.17,-2.20,-1.71,0.05,-0.04,0.09
-9.17,-2.18,-1.72,0.02,-0.06,0.08
-9.24,-2.21,-1.81,-0.02,-0.09,0.09
-9.28,-2.14,-1.86,-0.05,-0.08,0.08
-9.29,-2.08,-1.83,-0.01,-0.04,0.04
-9.28,-2.08,-1.78,0.02,-0.03,0.02
-9.28,-2.05,-1.73,0.01,-0.03,0.01
-9.24,-2.02,-1.75,-0.01,-0.04,0.01
-9.24,-1.97,-1.77,-0.05,-0.04,0.01
-9.26,-1.92,-1.77,-0.05,-0.05,0.01
-9.30,-1.89,-1.69,-0.06,-0.05,0.03
-9.27,-1.86,-1.66,-0.04,-0.05,0.03
-9.29,-1.86,-1.57,-0.03,-0.06,0.03
-9.24,-1.84,-1.47,-0.00,-0.08,0.03
-9.21,-1.83,-1.40,-0.00,-0.12,0.03
-9.10,-1.80,-1.27,-0.01,-0.16,0.04
-9.08,-1.77,-1.14,0.00,-0.22,0.06
-8.87,-1.76,-0.99,0.01,-0.28,0.06
-8.81,-1.77,-0.82,0.01,-0.36,0.05
-8.61,-1.86,-0.63,-0.05,-0.44,0.03
-8.59,-1.93,-0.32,-0.13,-0.50,-0.03
-8.33,-2.02,-0.20,-0.21,-0.53,-0.12
-8.09,-2.03,0.07,-0.35,-0.48,-0.22
-8.09,-2.14,0.00,-0.57,-0.37,-0.30
-8.21,-1.60,-0.92,-1.42,0.37,-0.52
-8.05,-1.77,-1.45,-0.81,0.51,-0.82
-8.09,-2.28,-2.11,-0.67,0.53,-0.87
-9.03,-3.25,-2.96,-1.06,0.62,-0.64
-9.56,-2.52,-3.05,-0.82,1.05,-0.82
-9.59,-4.48,-3.84,-0.60,1.31,-0.93
-9.97,-5.40,-3.87,-0.23,1.91,-1.29
-9.18,-6.42,-3.79,0.20,1.85,-1.41
-8.88,-6.29,-4.10,-0.16,1.75,-1.30
-8.27,-5.88,-4.65,-0.36,1.65,-1.00
-7.36,-6.06,-6.07,-0.31,1.65,-0.84
-5.02,-5.83,-7.29,-0.61,1.55,-0.71
-3.03,-6.21,-9.04,-0.46,1.22,-0.16
-2.91,-5.53,-7.69,-0.03,0.75,0.42
-3.84,-6.38,-8.18,0.42,0.30,0.55
-2.67,-5.44,-7.31,0.29,0.58,0.19
-2.35,-5.46,-6.87,-0.00,0.52,-0.01
-1.96,-4.77,-6.62,-0.42,0.69,-0.10
-1.53,-5.13,-6.81,0.06,0.52,-0.01
-1.46,-5.80,-7.23,0.20,0.42,0.13
-1.29,-6.06,-7.94,0.47,0.33,0.17
-1.05,-6.84,-8.74,0.26,0.29,0.24
-0.66,-6.01,-8.42,0.07,0.20,0.22
-1.02,-5.19,-8.01,0.04,0.01,0.30
-1.19,-5.04,-7.24,0.19,0.04,0.41
-1.73,-5.37,-6.91,0.61,-0.02,0.59
-2.23,-7.18,-7.67,0.99,-0.04,0.57
-2.55,-7.52,-7.11,0.84,0.03,0.22
-2.57,-6.98,-6.64,0.47,-0.03,0.10
-2.71,-6.78,-6.82,0.17,-0.00,0.08
-2.62,-6.64,-6.92,0.08,0.02,0.02
-2.58,-6.52,-6.94,0.05,0.05,0.03
-2.36,-6.77,-6.66,0.12,0.10,0.03
-2.43,-6.99,-6.40,0.09,0.05,0.03
-2.44,-7.09,-6.38,0.01,0.05,-0.03
-2.59,-6.98,-6.34,0.10,0.12,-0.07
-2.32,-6.81,-6.54,0.02,0.19,-0.14
-2.29,-6.70,-6.92,-0.03,0.05,-0.08
-2.37,-6.49,-6.94,0.02,0.02,0.03
-2.34,-6.94,-6.61,0.10,0.01,0.03
-2.33,-6.92,-6.60,0.02,-0.04,0.03
-2.35,-6.74,-6.69,0.06,-0.05,0.06
-2.27,-6.90,-6.60,0.10,-0.01,0.04
-2.28,-6.98,-6.50,0.09,-0.02,0.04
-2.31,-7.02,-6.46,0.04,-0.02,0.03
-2.32,-6.96,-6.50,0.02,-0.01,0.03
-2.28,-6.90,-6.56,0.00,0.01,0.03
-2.29,-6.85,-6.61,0.01,0.01,0.05
-2.33,-6.89,-6.56,0.04,-0.00,0.07
-2.36,-6.97,-6.51,0.06,-0.01,0.06
-2.35,-6.96,-6.50,0.03,0.01,0.04
-2.36,-7.02,-6.45,0.01,0.05,0.02
-2.24,-7.03,-6.43,-0.04,0.08,-0.00
-2.22,-6.88,-6.60,-0.09,0.03,0.01
-2.27,-6.75,-6.73,0.00,-0.00,0.02
-2.27,-6.83,-6.64,0.07,-0.06,0.03
-2.41,-6.89,-6.59,0.10,-0.06,0.04
-2.42,-6.97,-6.48,0.07,-0.05,0.04
-2.42,-6.93,-6.50,0.02,-0.04,0.05
-2.41,-6.91,-6.51,0.03,-0.03,0.04
-2.39,-6.91,-6.51,0.03,-0.03,0.04
-2.44,-6.92,-6.53,0.04,-0.02,0.03
-2.47,-6.94,-6.50,0.04,-0.02,0.03
-2.46,-6.94,-6.46,0.03,-0.03,0.02
-2.45,-6.94,-6.48,0.03,-0.02,0.02
-2.45,-6.94,-6.46,0.04,-0.02,0.02
-2.46,-6.97,-6.46,0.03,-0.02,0.01
-2.48,-6.95,-6.45,0.02,-0.02,0.01
-2.49,-6.96,-6.45,0.03,-0.02,0.01
-2.49,-6.97,-6.46,0.02,-0.02,-0.00
-2.51,-6.94,-6.47,0.01,-0.02,-0.00
-2.50,-6.96,-6.44,0.01,-0.02,0.00
-2.49,-6.94,-6.46,0.01,-0.02,0.00
-2.52,-6.94,-6.47,0.01,-0.02,-0.00
-2.52,-6.93,-6.47,0.01,-0.01,-0.01
-2.49,-6.93,-6.46,0.01,-0.01,-0.01
-2.49,-6.94,-6.47,0.01,-0.01,-0.00
-2.49,-6.92,-6.49,0.01,-0.01,-0.01
-2.47,-6.92,-6.46,0.02,-0.01,-0.00
-2.48,-6.96,-6.44,0.02,-0.02,0.00
-2.48,-6.94,-6.47,0.01,-0.01,0.00
-2.48,-6.93,-6.50,0.01,-0.02,0.01
-2.47,-6.93,-6.47,0.02,-0.01,0.01
-2.47,-6.95,-6.47,0.01,-0.01,0.01
-2.47,-6.94,-6.45,0.02,-0.01,0.01
-2.49,-6.95,-6.48,0.01,-0.01,0.00
-2.49,-6.92,-6.49,0.01,-0.01,0.00
-2.44,-6.94,-6.46,0.02,-0.01,0.01
-2.45,-6.94,-6.45,0.02,-0.01,0.01
-2.47,-6.94,-6.47,0.02,-0.01,0.01
-2.47,-6.95,-6.48,0.02,-0.01,0.01
-2.47,-6.95,-6.47,0.02,-0.01,0.01
-2.48,-6.95,-6.46,0.01,-0.01,0.01
-2.47,-6.93,-6.48,0.01,-0.01,0.01
-2.47,-6.93,-6.51,0.02,-0.01,0.01
-2.46,-6.96,-6.45,0.02,-0.01,0.01
-2.46,-6.94,-6.45,0.01,-0.01,0.01
-2.48,-6.93,-6.49,0.01,-0.02,0.01
-2.49,-6.93,-6.49,0.01,-0.02,0.00
-2.46,-6.95,-6.47,0.01,-0.02,0.00
-2.50,-6.91,-6.51,0.01,-0.02,0.01
-2.49,-6.93,-6.49,0.02,-0.01,-0.00
-2.48,-6.94,-6.45,0.02,-0.02,-0.01
-2.46,-6.96,-6.44,0.01,-0.03,-0.01
-2.44,-6.92,-6.49,-0.00,-0.04,-0.00
-2.45,-6.89,-6.52,0.01,-0.04,-0.00
-2.45,-6.91,-6.48,0.02,-0.03,-0.01
-2.43,-6.93,-6.44,0.02,-0.03,-0.01
-2.47,-6.97,-6.47,0.05,-0.04,-0.00
-2.52,-7.01,-6.42,0.06,-0.04,-0.03
-2.60,-7.00,-6.44,0.07,-0.03,-0.06
-2.46,-6.96,-6.41,0.13,-0.03,-0.10
-2.40,-6.98,-6.44,0.19,-0.03,-0.09
-2.34,-7.25,-6.27,0.26,-0.02,-0.08
-2.40,-7.33,-6.23,0.16,-0.02,-0.08
-2.20,-7.28,-6.01,0.21,-0.01,-0.06
-2.19,-7.35,-5.94,0.17,0.02,-0.06
-1.95,-7.47,-5.94,0.15,-0.02,-0.01
-1.94,-7.80,-6.24,0.02,-0.09,-0.00
-1.80,-7.86,-6.47,-0.18,-0.10,-0.01
-1.91,-8.62,-6.44,-0.03,-0.18,-0.09
-1.59,-8.17,-5.89,-0.61,-0.25,-0.17
-1.03,-7.60,-5.72,-1.35,-0.32,-0.22
-1.29,-6.28,-6.90,-1.59,-0.42,-0.15
-1.23,-5.04,-7.76,-1.13,-0.27,-0.19
-0.84,-5.05,-7.93,-0.32,-0.18,-0.24
-0.76,-6.36,-7.88,0.13,-0.37,-0.33
-0.74,-6.73,-7.89,-0.54,-0.67,-0.55
-1.38,-6.83,-7.18,-1.20,-1.20,-0.69
-3.49,-5.13,-6.13,-0.80,-1.76,-0.77
-6.31,-4.05,-6.28,0.06,-2.22,-0.59
-7.41,-3.79,-7.34,0.80,-1.49,-0.22
-6.66,-5.85,-5.99,1.31,-1.16,0.17
-6.47,-6.38,-4.94,1.58,-0.57,0.75
-7.06,-7.04,-4.36,0.88,-0.49,1.35
-7.98,-6.03,-3.91,0.96,-0.35,1.63
-8.18,-6.42,-3.97,0.50,-0.90,1.89
-9.26,-5.29,-3.12,0.49,-1.46,1.80
-10.60,-5.00,-3.10,0.22,-1.76,1.58
-10.63,-4.54,-2.15,0.06,-2.07,1.44
-10.73,-3.55,-2.46,-0.68,-1.95,1.27
-10.13,-2.91,-3.28,-0.87,-1.42,0.97
-9.00,-2.58,-2.66,-0.41,-0.75,0.62
-8.13,-1.94,-1.43,-0.45,-0.32,0.23
-8.15,-1.68,-0.91,-0.33,0.07,-0.18
-8.01,-1.31,-0.67,-0.03,0.51,-0.45
-7.89,-1.44,-0.59,0.49,0.96,-0.53
-8.14,-1.77,-0.82,0.77,1.25,-0.41
-8.42,-2.04,-1.13,0.70,1.33,-0.24
-8.76,-1.99,-1.08,0.68,1.17,-0.15
-9.04,-2.08,-1.32,0.62,0.93,-0.15
-8.70,-2.08,-1.31,0.44,0.73,-0.15
-8.30,-1.84,-1.27,0.29,0.58,-0.10
-8.11,-1.67,-1.39,0.37,0.38,0.04
-8.09,-1.74,-1.40,0.55,0.13,0.32
-8.10,-2.01,-1.51,0.67,-0.12,0.61
-8.68,-2.45,-1.91,0.94,-0.38,0.76
-9.30,-3.10,-2.10,1.11,-0.54,0.70
-9.44,-3.59,-2.03,0.79,-0.54,0.63
-9.43,-3.64,-2.03,0.21,-0.44,0.58
-9.20,-3.35,-2.16,-0.21,-0.33,0.50
-9.20,-3.04,-2.25,-0.36,-0.26,0.37
-9.49,-2.81,-2.27,-0.35,-0.15,0.23
-9.59,-2.52,-2.15,-0.22,0.04,0.06
-9.61,-2.19,-2.02,0.06,0.20,-0.19
-9.42,-2.06,-1.75,0.38,0.31,-0.39
-9.23,-2.20,-1.58,0.36,0.32,-0.45
-9.05,-2.19,-1.50,0.06,0.22,-0.37
-9.01,-2.07,-1.66,-0.20,0.07,-0.21
-9.01,-1.93,-1.67,-0.30,-0.03,-0.07
-9.01,-1.87,-1.76,-0.27,-0.05,0.01
-9.17,-1.90,-1.82,-0.14,-0.06,0.07
-9.08,-2.07,-1.87,-0.12,-0.07,0.13
-9.19,-2.08,-1.91,-0.14,-0.08,0.17
-9.19,-2.09,-1.90,-0.07,-0.07,0.17
-9.22,-2.15,-1.93,0.02,-0.06,0.14
-9.21,-2.24,-1.90,0.05,-0.05,0.11
-9.28,-2.26,-1.93,0.01,-0.06,0.07
-9.32,-2.17,-1.90,0.03,-0.03,0.01
-9.26,-2.13,-1.90,0.08,-0.02,-0.05
-9.24,-2.11,-1.85,0.07,-0.01,-0.07
-9.16,-2.08,-1.88,0.01,-0.02,-0.07
-9.27,-2.00,-1.87,-0.02,-0.03,-0.05
-9.24,-1.98,-1.88,-0.00,-0.02,-0.04
-9.29,-2.00,-1.89,0.00,-0.03,-0.02
-9.24,-2.00,-1.93,-0.03,-0.03,0.02
-9.21,-2.00,-1.97,-0.03,-0.01,0.04
-9.29,-2.02,-1.98,-0.00,0.01,0.04
-9.27,-2.02,-1.90,0.05,0.03,0.02
-9.32,-2.05,-1.89,0.07,0.04,0.01
-9.29,-2.04,-1.90,0.07,0.03,0.02
-9.18,-2.00,-1.93,0.07,0.03,0.02
-9.24,-2.01,-1.97,0.07,0.03,0.04
-9.23,-2.04,-1.98,0.07,0.03,0.06
-9.23,-2.06,-2.02,0.08,0.03,0.04
-9.10,-2.03,-1.93,0.09,0.05,0.03
-9.13,-2.04,-1.87,0.08,0.03,0.03
-9.10,-2.02,-1.82,0.05,0.01,0.04
-9.05,-1.99,-1.79,0.07,-0.00,0.03
-9.04,-2.04,-1.81,0.08,-0.06,0.04
-9.17,-2.10,-1.92,0.05,-0.10,0.02
-9.25,-2.10,-1.93,-0.00,-0.09,-0.00
-9.34,-2.01,-1.85,0.00,-0.06,-0.00
-9.40,-2.01,-1.79,0.01,-0.06,0.01
-9.33,-1.98,-1.76,-0.00,-0.06,0.00
-9.33,-1.88,-1.72,0.03,-0.05,-0.02
-9.26,-1.86,-1.64,0.05,-0.06,-0.02
-9.21,-1.88,-1.61,-0.02,-0.10,0.03
-9.21,-1.87,-1.67,-0.13,-0.14,0.08
-9.32,-1.80,-1.69,-0.19,-0.14,0.12
-9.53,-1.68,-1.61,-0.06,-0.09,0.11
-9.37,-1.70,-1.52,0.13,-0.07,0.07
-9.26,-1.77,-1.38,0.19,-0.06,0.06
-9.36,-1.83,-1.41,0.07,-0.10,0.11
-9.43,-1.72,-1.42,-0.02,-0.12,0.17
-9.44,-1.72,-1.59,0.02,-0.12,0.16
-9.47,-1.70,-1.61,0.04,-0.07,0.11
-9.42,-1.64,-1.61,0.11,-0.01,0.05
-9.50,-1.65,-1.57,0.16,0.02,0.03
-9.43,-1.72,-1.56,0.14,0.04,0.05
-9.41,-1.73,-1.51,0.13,0.06,0.03
-9.29,-1.81,-1.39,0.12,0.07,-0.01
-9.28,-1.76,-1.24,0.04,0.06,-0.04
-9.39,-1.68,-1.23,0.02,0.02,-0.05
-9.31,-1.64,-1.29,0.07,-0.01,-0.04
-9.34,-1.66,-1.33,0.10,-0.02,-0.04
-9.31,-1.66,-1.41,0.04,-0.05,-0.03
-9.44,-1.55,-1.50,-0.00,-0.06,0.00
-9.54,-1.52,-1.46,0.06,-0.03,0.02
-9.41,-1.58,-1.39,0.08,-0.02,-0.00
-9.45,-1.56,-1.32,0.05,-0.02,0.01
-9.33,-1.45,-1.29,0.10,-0.03,0.02
-9.32,-1.57,-1.31,0.16,-0.02,0.05
-9.46,-1.62,-1.32,0.09,-0.03,0.06
-9.37,-1.62,-1.37,0.07,-0.03,0.05
-9.53,-1.64,-1.38,0.05,-0.02,0.04
-9.31,-1.59,-1.33,0.10,0.01,0.03
-9.38,-1.70,-1.31,0.12,-0.01,0.02
-9.34,-1.68,-1.25,0.05,0.01,0.03
-9.42,-1.66,-1.32,0.08,-0.01,0.02
-9.46,-1.69,-1.31,0.09,0.01,-0.01
-9.39,-1.59,-1.25,0.06,0.02,-0.03
-9.31,-1.59,-1.28,0.04,0.01,-0.03
-9.29,-1.55,-1.20,0.03,0.02,-0.02
-9.51,-1.61,-1.19,0.05,0.01,0.00
-9.58,-1.63,-1.14,0.06,-0.01,0.03
-9.46,-1.64,-1.18,0.03,-0.04,0.04
-9.40,-1.65,-1.27,-0.06,-0.07,0.07
-9.29,-1.65,-1.39,-0.14,-0.08,0.09
-9.35,-1.65,-1.47,-0.13,-0.06,0.08
-9.43,-1.64,-1.41,-0.02,0.00,0.05
-9.40,-1.69,-1.26,0.05,0.02,0.02
-9.44,-1.65,-1.11,0.03,0.00,0.01
-9.24,-1.58,-1.13,-0.04,-0.03,-0.00
-9.16,-1.45,-1.07,-0.06,-0.04,-0.00
-9.17,-1.42,-0.99,-0.03,-0.07,0.02
-9.24,-1.53,-0.91,-0.03,-0.12,0.07
-9.23,-1.66,-0.94,-0.10,-0.18,0.07
-9.34,-1.65,-0.99,-0.23,-0.18,0.03
-9.34,-1.75,-1.12,-0.19,-0.09,-0.07
-9.19,-1.86,-1.07,-0.10,-0.06,-0.17
-8.98,-1.87,-0.96,-0.09,-0.08,-0.25
-8.76,-1.82,-0.62,-0.07,-0.06,-0.33
-8.51,-1.77,-0.19,-0.01,-0.05,-0.45
-8.00,-1.83,0.18,-0.06,-0.14,-0.62
-8.32,-2.36,0.29,-0.25,-0.37,-0.75
-8.13,-2.43,0.91,-0.70,-0.40,-1.05
-7.86,-2.91,0.62,-0.95,-0.69,-1.30
-7.62,-3.35,0.80,-1.66,-0.69,-1.29
-7.93,-4.13,-0.56,-2.78,-0.39,-1.24
-7.65,-2.94,-1.17,-3.94,-0.00,-1.08
-7.94,-2.15,-3.96,-3.49,0.17,-0.85
-9.56,-4.06,-5.46,-2.12,0.63,-0.71
-8.26,-4.45,-5.57,-1.30,1.24,-0.51
-8.18,-5.55,-4.84,-0.96,1.27,-0.11
-9.81,-7.64,-5.59,-0.87,1.87,-0.02
-8.71,-6.42,-7.20,-0.82,2.13,0.27
-7.30,-3.66,-6.34,-1.10,2.15,0.12
-5.64,-2.69,-9.40,-1.50,1.96,0.30
-5.18,-0.42,-10.65,-0.66,1.56,1.14
-4.09,-2.24,-8.83,1.55,1.14,1.45
-3.32,-3.57,-9.44,1.12,0.76,1.30
-1.91,-3.39,-7.98,0.87,0.66,0.66
-1.60,-3.14,-8.22,0.13,0.56,0.10
-1.44,-2.79,-8.21,-0.12,0.33,0.01
-1.81,-2.82,-9.06,0.02,0.22,0.07
-1.51,-3.01,-9.19,0.74,0.29,0.15
-1.13,-3.27,-8.81,0.73,0.31,0.24
-0.64,-3.04,-8.50,0.53,0.24,0.36
-1.15,-3.24,-8.35,0.09,0.12,0.30
-1.46,-3.40,-8.80,0.48,0.07,0.26
-1.80,-4.24,-9.75,0.78,0.01,0.23
-1.84,-6.08,-9.60,1.16,0.09,0.14
-2.13,-5.86,-8.60,0.44,-0.04,0.03
-2.28,-4.77,-8.09,0.36,-0.05,-0.00
-2.39,-5.30,-8.11,0.31,-0.07,0.03
-2.31,-5.65,-7.89,0.21,0.07,0.06
-2.26,-5.54,-7.66,0.09,0.17,0.09
-2.15,-5.46,-7.91,0.02,0.19,0.11
-2.15,-5.26,-8.15,-0.03,0.15,0.08
-1.92,-5.20,-8.29,-0.06,0.01,0.02
-2.04,-5.12,-8.12,0.00,0.02,0.05
-2.01,-5.25,-8.03,0.02,0.03,0.08
-1.96,-5.27,-8.10,0.00,0.03,0.08
-1.95,-5.18,-8.20,-0.01,-0.00,0.06
-1.96,-5.19,-8.17,-0.01,-0.02,0.05
-1.98,-5.22,-8.12,-0.02,-0.01,0.04
-1.98,-5.20,-8.07,-0.02,0.01,0.03
-1.99,-5.17,-8.12,-0.01,0.02,0.03
-2.00,-5.12,-8.19,0.01,-0.00,0.02
-1.98,-5.16,-8.15,0.02,-0.02,0.01
-1.99,-5.11,-8.17,0.01,-0.03,0.01
-2.02,-5.12,-8.18,0.02,-0.03,0.01
-2.02,-5.17,-8.10,0.02,-0.01,0.02
-2.04,-5.12,-8.19,0.02,-0.01,0.03
-2.05,-5.13,-8.16,0.05,-0.01,0.03
-2.05,-5.15,-8.14,0.03,-0.01,0.02
-2.06,-5.14,-8.13,0.03,0.00,0.02
-2.06,-5.15,-8.12,0.02,0.01,0.03
-2.05,-5.14,-8.13,0.03,0.01,0.03
-2.03,-5.13,-8.16,0.03,0.01,0.03
-2.02,-5.17,-8.16,0.02,0.00,0.03
-2.03,-5.18,-8.11,0.02,0.00,0.03
-2.02,-5.17,-8.13,0.02,0.01,0.03
-2.01,-5.18,-8.12,0.01,0.01,0.03
-2.00,-5.14,-8.16,0.02,0.01,0.03
-2.00,-5.14,-8.17,0.02,0.00,0.03
-2.02,-5.17,-8.13,0.01,0.01,0.02
-1.99,-5.14,-8.14,0.02,0.02,0.02
-1.99,-5.15,-8.16,0.02,0.01,0.02
-1.99,-5.15,-8.17,0.02,0.00,0.02
-1.96,-5.15,-8.17,0.01,-0.00,0.01
-1.95,-5.15,-8.18,0.01,-0.00,0.01
-1.96,-5.15,-8.15,0.02,0.00,0.01
-1.97,-5.14,-8.17,0.02,0.00,0.01
-1.97,-5.14,-8.17,0.02,-0.00,0.00
-1.96,-5.15,-8.14,0.01,-0.00,0.00
-1.94,-5.13,-8.17,0.01,0.00,0.00
-1.94,-5.12,-8.19,0.02,-0.01,0.01
-1.97,-5.14,-8.18,0.02,-0.01,-0.00
-1.96,-5.14,-8.16,0.01,-0.01,-0.00
-1.94,-5.14,-8.15,0.02,-0.01,0.01
-1.94,-5.13,-8.20,0.02,-0.00,0.01
-1.93,-5.12,-8.18,0.02,-0.01,0.01
-1.94,-5.13,-8.18,0.02,-0.01,0.00
-1.95,-5.13,-8.18,0.02,-0.01,0.01
-1.96,-5.14,-8.17,0.02,-0.00,0.01
-1.93,-5.13,-8.18,0.02,-0.01,0.01
-1.91,-5.14,-8.18,0.02,-0.01,0.01
-1.92,-5.14,-8.18,0.02,-0.01,0.01
-1.94,-5.15,-8.17,0.02,-0.01,0.01
-1.94,-5.16,-8.16,0.02,-0.01,0.01
-1.94,-5.13,-8.19,0.03,-0.01,0.02
-1.93,-5.14,-8.19,0.02,-0.01,0.01
-1.92,-5.16,-8.17,0.02,-0.01,0.01
-1.91,-5.15,-8.17,0.02,-0.01,0.01
-1.92,-5.17,-8.16,0.02,-0.01,0.01
-1.94,-5.16,-8.17,0.02,-0.01,0.00
-1.94,-5.14,-8.18,0.02,-0.02,-0.00
-1.95,-5.18,-8.20,0.02,-0.02,-0.01
-1.96,-5.18,-8.34,0.06,-0.02,-0.05
-2.05,-5.37,-8.27,0.10,-0.01,-0.13
-1.87,-5.39,-8.18,-0.20,0.02,-0.23
-1.56,-5.45,-8.59,-0.34,-0.10,-0.27
-1.39,-5.45,-8.67,-0.34,-0.16,-0.31
-1.10,-4.99,-8.66,-0.61,-0.30,-0.30
-1.21,-4.27,-8.91,-0.75,-0.28,-0.32
-0.82,-3.90,-9.06,-0.55,-0.30,-0.27
-0.33,-2.95,-9.04,-0.60,-0.31,-0.29
-0.71,-3.53,-9.26,-0.29,-0.42,-0.19
-0.80,-3.69,-8.86,-0.20,-0.36,-0.31
-1.17,-3.61,-8.32,-0.10,-0.45,-0.31
-1.94,-3.58,-8.25,0.23,-0.61,-0.35
-2.37,-3.38,-7.82,0.59,-0.65,-0.39
-3.45,-4.38,-7.98,1.13,-0.57,-0.39
-3.49,-5.14,-7.70,1.35,-0.52,-0.37
-4.02,-6.04,-6.64,1.64,-0.69,-0.08
-5.34,-6.63,-6.36,2.80,-0.65,0.89
-4.81,-7.54,-6.21,2.08,-0.85,1.42
-4.16,-9.26,-4.94,1.38,-1.00,1.19
-5.06,-6.69,-4.17,0.64,-0.97,0.82
-6.68,-8.01,-2.42,1.13,-0.73,1.12
-7.35,-6.99,-2.57,0.82,-0.73,1.46
-7.99,-7.00,-1.74,0.29,-0.65,1.58
-7.66,-5.50,-2.52,-0.56,-1.01,1.67
-9.76,-5.66,-2.15,-0.92,-1.64,1.81
-11.02,-4.44,-0.95,-1.13,-1.89,1.80
-11.84,-4.23,-0.75,-1.45,-2.05,1.46
-11.48,-3.47,0.15,-2.42,-1.75,0.92
-10.10,-1.70,-1.01,-3.08,-1.02,0.41
-8.90,-0.86,-1.23,-2.12,-0.29,0.03
-8.91,-0.35,-1.03,-0.63,0.28,-0.30
-9.04,-0.30,-1.28,0.43,0.87,-0.38
-8.53,-0.69,-0.76,1.49,1.34,-0.38
-8.28,-1.31,-0.08,1.95,1.77,-0.34
-7.98,-1.65,-0.03,1.83,2.06,-0.31
-7.51,-1.65,-0.27,1.84,2.01,-0.25
-7.25,-1.81,-0.42,1.98,1.61,-0.09
-7.58,-2.31,-0.53,2.21,1.06,0.21
-8.16,-3.46,-1.13,2.11,0.52,0.39
-8.03,-4.60,-1.78,-0.02,-0.15,0.50
-8.04,-3.99,-1.88,-0.06,-0.18,0.44
-8.08,-3.83,-1.93,0.17,-0.11,0.45
-8.21,-3.99,-1.94,0.35,-0.01,0.54
-8.43,-4.14,-2.01,0.20,0.00,0.62
-8.78,-4.12,-2.06,-0.17,-0.10,0.61
-9.17,-3.74,-2.07,-0.49,-0.19,0.50
-9.36,-3.20,-2.22,-0.53,-0.23,0.28
-9.47,-2.75,-2.32,-0.39,-0.24,0.06
-9.28,-2.29,-2.17,-0.17,-0.16,-0.06
-9.18,-2.14,-2.10,0.02,-0.08,-0.09
-8.96,-2.09,-2.02,0.09,-0.03,-0.05
-8.97,-2.14,-2.05,0.07,-0.06,0.05
-9.00,-2.20,-1.95,0.00,-0.06,0.16
-9.13,-2.25,-1.92,-0.05,-0.08,0.21
-9.26,-2.27,-1.96,-0.06,-0.08,0.22
-9.32,-2.28,-1.89,-0.02,-0.04,0.18
-9.31,-2.26,-1.87,0.04,0.00,0.08
-9.28,-2.26,-1.79,0.09,0.04,-0.00
-9.25,-2.22,-1.77,0.11,0.06,-0.05
-9.21,-2.20,-1.74,0.12,0.05,-0.08
-9.16,-2.17,-1.73,0.06,0.03,-0.08
-9.18,-2.11,-1.74,0.03,0.02,-0.07
-9.24,-2.10,-1.80,0.02,-0.01,-0.05
-9.22,-2.07,-1.81,0.00,-0.02,-0.04
-9.24,-2.04,-1.85,0.00,-0.02,-0.02
-9.19,-2.06,-1.88,-0.00,-0.04,0.01
-9.21,-2.07,-1.89,-0.01,-0.03,0.04
-9.22,-2.10,-1.89,0.00,-0.01,0.06
-9.22,-2.15,-1.82,0.02,-0.00,0.06
-9.27,-2.18,-1.74,0.03,0.01,0.05
-9.26,-2.17,-1.72,0.05,0.01,0.03
-9.18,-2.15,-1.72,0.08,-0.00,0.01
-9.15,-2.15,-1.78,0.05,-0.02,0.00
-9.21,-2.11,-1.88,0.01,-0.04,0.02
-9.27,-2.12,-1.95,0.01,-0.03,0.04
-9.29,-2.13,-1.98,0.02,0.01,0.03
-9.22,-2.12,-1.94,0.06,0.03,0.01
-9.24,-2.15,-1.89,0.08,0.04,0.03
-9.16,-2.23,-1.90,0.05,0.03,0.04
-9.21,-2.25,-1.88,0.00,0.01,0.04
-9.21,-2.24,-1.93,-0.01,0.02,0.02
-9.20,-2.23,-1.95,0.01,0.03,-0.01
-9.16,-2.21,-1.97,0.01,0.04,-0.04
-9.19,-2.11,-1.91,0.03,0.06,-0.06
-9.18,-2.08,-1.83,0.08,0.06,-0.08
-9.19,-2.06,-1.85,0.05,0.01,-0.06
-9.16,-2.00,-1.97,-0.01,-0.02,0.00
-9.08,-2.00,-2.05,-0.01,-0.03,0.05
-9.14,-2.06,-2.08,0.02,-0.03,0.08
-9.16,-2.15,-2.04,0.03,-0.01,0.09
-9.14,-2.20,-2.00,0.04,-0.01,0.08
-9.14,-2.25,-1.94,0.05,-0.00,0.07
-9.18,-2.28,-1.88,0.07,-0.01,0.04
-9.17,-2.30,-1.88,0.06,-0.03,-0.01
-9.20,-2.21,-1.92,0.03,-0.04,-0.04
-9.20,-2.13,-2.01,0.04,-0.05,-0.05
-9.21,-2.08,-2.06,0.04,-0.04,-0.04
-9.23,-2.02,-2.10,0.02,-0.03,-0.02
-9.29,-2.04,-2.17,0.02,-0.01,0.03
-9.17,-2.06,-2.11,0.04,0.02,0.06
-9.21,-2.12,-1.97,0.08,0.04,0.04
-9.19,-2.19,-1.86,0.06,0.02,0.04
-9.16,-2.18,-1.84,0.02,-0.02,0.04
-9.14,-2.19,-1.90,-0.00,-0.03,0.04
-9.18,-2.16,-1.96,-0.00,-0.03,0.03
-9.24,-2.15,-1.99,0.01,-0.03,0.02
-9.21,-2.12,-1.98,0.02,-0.01,0.02
-9.18,-2.12,-1.94,0.02,-0.03,0.01
-9.16,-2.10,-1.90,-0.02,-0.04,0.01
-9.16,-2.04,-1.83,-0.05,-0.06,0.01
-9.18,-2.03,-1.76,-0.07,-0.09,0.02
-9.07,-2.01,-1.72,-0.13,-0.13,0.04
-9.15,-2.03,-1.60,-0.20,-0.16,0.07
-9.16,-2.01,-1.46,-0.20,-0.19,0.05
-9.25,-2.03,-1.29,-0.13,-0.23,0.01
-9.16,-2.09,-1.05,-0.11,-0.26,-0.03
-9.08,-2.18,-0.87,-0.15,-0.37,-0.09
-9.01,-2.23,-0.70,-0.28,-0.49,-0.12
-8.65,-2.33,-0.62,-0.42,-0.69,-0.20
-8.89,-2.30,-0.46,-0.54,-0.81,-0.22
-9.04,-2.35,-0.52,-0.76,-0.72,-0.25
-8.80,-2.06,-0.26,-0.81,-0.55,-0.26
-8.60,-1.77,-0.30,-0.99,-0.53,-0.17
-8.28,-1.47,0.08,-0.93,-0.53,-0.11
-7.97,-1.82,0.30,-0.50,-0.63,-0.14
-7.99,-2.49,0.79,-0.61,-0.67,-0.13
-8.03,-2.61,0.71,-0.85,-0.58,-0.13
-8.66,-2.29,0.27,-1.13,-0.22,-0.10
-8.86,-2.19,-0.32,-0.79,0.13,-0.02
-9.96,-2.35,-0.44,-0.71,0.34,-0.09
-10.18,-2.76,-0.40,-0.11,0.87,-0.19
-10.88,-3.70,-1.41,-0.32,1.49,-0.48
-10.30,-3.67,-3.14,0.01,1.63,-0.68
-9.17,-3.33,-2.31,0.22,1.65,-0.73
-8.11,-3.51,-2.66,1.00,1.74,-0.74
-8.18,-5.55,-3.57,1.20,1.76,-0.86
-8.48,-5.79,-3.22,0.70,1.69,-0.75
-8.86,-6.36,-3.00,0.24,1.52,-0.80
-8.48,-7.13,-3.16,-0.01,1.33,-1.02
-4.79,-5.73,-5.92,-0.61,1.54,-1.08
-3.00,-5.64,-8.17,-0.54,1.57,-0.77
-2.10,-5.40,-8.57,0.62,1.30,-0.10
-2.57,-8.56,-6.93,1.01,0.36,0.28
-2.16,-7.84,-5.30,-0.65,0.25,0.56
-1.82,-6.72,-5.79,-0.92,-0.08,0.13
-2.69,-6.49,-7.42,-1.90,-0.13,-0.11
-2.75,-4.98,-7.31,-1.11,-0.01,-0.30
-2.37,-4.86,-7.97,-0.87,0.09,-0.27
-2.48,-4.18,-9.15,-0.75,0.05,-0.10
-2.56,-3.85,-8.38,-0.52,0.06,-0.08
-2.32,-3.37,-7.96,-0.47,-0.01,-0.07
-2.24,-2.96,-8.60,-0.56,0.02,-0.10
-1.90,-2.71,-9.42,-0.05,0.05,-0.13
-1.38,-2.80,-9.70,0.42,0.02,-0.14
-1.23,-3.33,-9.38,0.67,-0.08,-0.06
-1.32,-4.42,-8.78,0.91,-0.10,0.09
-1.67,-5.67,-8.31,0.88,-0.02,0.09
-1.97,-5.81,-7.81,0.56,0.11,0.06
-2.39,-5.71,-7.88,0.18,0.15,0.10
-2.54,-5.04,-8.03,0.03,0.19,0.10
-2.52,-5.08,-7.97,0.15,0.15,0.09
-2.28,-5.47,-8.03,0.08,0.08,0.05
-2.02,-5.42,-8.08,-0.01,0.04,0.02
-2.06,-5.27,-8.02,-0.02,0.04,0.03
-2.20,-5.30,-7.97,0.01,0.08,0.05
-2.13,-5.30,-8.06,-0.03,0.10,0.06
-2.11,-5.08,-8.21,-0.06,0.07,0.07
-2.08,-5.09,-8.25,-0.02,0.04,0.05
-2.06,-5.02,-8.22,-0.01,0.02,0.04
-2.02,-5.12,-8.16,0.03,0.02,0.04
-1.99,-5.22,-8.16,0.01,0.01,0.05
-2.10,-5.07,-8.18,-0.03,0.00,0.04
-2.13,-5.02,-8.20,0.01,-0.00,0.03
-2.05,-5.13,-8.15,0.02,-0.00,0.02
-2.04,-5.12,-8.13,0.02,0.01,0.03
-2.04,-5.11,-8.20,0.04,0.01,0.04
-2.04,-5.08,-8.23,0.01,-0.01,0.05
-2.06,-5.05,-8.17,0.02,-0.02,0.04
-2.07,-5.11,-8.12,0.02,-0.01,0.03
-2.08,-5.12,-8.17,0.01,-0.02,0.02
-2.07,-5.09,-8.15,0.03,-0.02,0.02
-2.08,-5.07,-8.16,0.03,-0.01,0.02
-2.10,-5.05,-8.21,0.04,-0.01,0.02
-2.13,-5.05,-8.14,0.07,-0.01,0.03
-2.10,-5.13,-8.19,0.04,-0.00,0.04
-2.13,-5.10,-8.16,0.04,-0.01,0.04
-2.12,-5.15,-8.16,0.02,-0.02,0.03
-2.10,-5.11,-8.14,0.03,-0.02,0.02
-2.13,-5.10,-8.13,0.02,-0.01,0.02
-2.16,-5.16,-8.12,0.03,-0.01,0.02
-2.14,-5.13,-8.12,0.02,-0.00,0.02
-2.10,-5.08,-8.20,0.02,-0.01,0.03
-2.13,-5.08,-8.14,0.02,-0.03,0.02
-2.11,-5.18,-8.11,0.02,-0.03,0.01
-2.14,-5.14,-8.10,0.01,-0.02,0.02
-2.16,-5.10,-8.10,0.02,-0.01,0.02
-2.18,-5.12,-8.18,0.01,-0.01,0.03
-2.18,-5.11,-8.13,0.02,-0.02,0.03
-2.21,-5.09,-8.12,0.02,-0.02,0.02
-2.20,-5.13,-8.09,0.03,-0.00,0.02
-2.16,-5.15,-8.11,0.03,0.01,0.03
-2.14,-5.10,-8.14,0.02,0.01,0.03
-2.15,-5.11,-8.15,0.02,-0.00,0.02
-2.15,-5.11,-8.13,0.02,-0.00,0.01
-2.17,-5.13,-8.09,0.03,0.01,0.02
-2.17,-5.10,-8.13,0.02,0.01,0.01
-2.14,-5.14,-8.15,0.02,0.01,0.02
-2.12,-5.11,-8.17,0.01,-0.00,0.02
-2.14,-5.11,-8.17,0.02,-0.02,0.01
-2.14,-5.12,-8.11,0.02,-0.01,0.00
-2.13,-5.15,-8.09,0.02,0.00,0.01
-2.11,-5.14,-8.11,0.04,0.01,0.01
-2.11,-5.15,-8.13,0.02,0.00,0.01
-2.11,-5.12,-8.15,0.02,-0.01,0.00
-2.12,-5.15,-8.11,0.01,-0.01,0.00
-2.14,-5.12,-8.12,0.01,-0.01,0.01
-2.13,-5.11,-8.11,0.02,-0.00,0.01
-2.11,-5.15,-8.15,0.01,-0.01,0.01
-2.11,-5.12,-8.16,0.02,-0.01,0.01
-2.13,-5.12,-8.12,0.02,-0.01,0.01
-2.13,-5.14,-8.11,0.02,-0.01,0.00
-2.11,-5.16,-8.14,0.01,-0.00,0.01
-2.09,-5.12,-8.15,0.02,-0.01,0.01
-2.09,-5.12,-8.14,0.02,-0.01,0.01
-2.09,-5.14,-8.13,0.02,-0.01,0.01
-2.11,-5.15,-8.10,0.02,-0.01,0.01
-2.13,-5.12,-8.16,0.02,-0.01,0.01
-2.11,-5.12,-8.12,0.02,-0.01,0.01
-2.09,-5.14,-8.17,0.01,-0.01,0.01
-2.10,-5.12,-8.15,0.02,-0.01,0.01
-2.12,-5.11,-8.12,0.02,-0.01,0.01
-2.11,-5.14,-8.12,0.02,-0.00,0.01
-2.09,-5.15,-8.14,0.02,-0.00,0.01
-2.09,-5.14,-8.15,0.02,-0.01,0.01
-2.08,-5.14,-8.13,0.02,-0.02,0.00
-2.08,-5.16,-8.10,0.02,-0.01,0.00
-2.10,-5.14,-8.13,0.02,-0.01,0.01
-2.11,-5.13,-8.17,0.02,-0.01,0.01
-2.09,-5.13,-8.12,0.02,-0.01,0.00
-2.10,-5.13,-8.15,0.02,-0.01,0.01
-2.10,-5.13,-8.12,0.02,-0.01,0.00
-2.08,-5.17,-8.14,0.02,-0.01,0.01
-2.09,-5.12,-8.16,0.02,-0.02,0.01
-2.08,-5.12,-8.14,0.02,-0.02,0.00
-2.08,-5.14,-8.13,0.02,-0.02,0.00
-2.10,-5.16,-8.10,0.02,-0.02,0.01
-2.12,-5.14,-8.14,0.02,-0.01,0.01
-2.11,-5.10,-8.13,0.02,-0.02,0.01
-2.10,-5.18,-8.14,0.02,-0.02,0.02
-2.09,-5.13,-8.12,0.02,-0.02,0.02
-2.12,-5.13,-8.13,0.02,-0.02,0.01
-2.13,-5.15,-8.09,0.02,-0.02,0.01
-2.12,-5.18,-8.11,0.02,-0.01,0.01
-2.10,-5.14,-8.13,0.02,-0.01,0.01
-2.09,-5.13,-8.13,0.02,-0.02,0.01
-2.10,-5.15,-8.10,0.02,-0.02,0.01
-2.15,-5.17,-8.10,0.02,-0.02,0.01
-2.17,-5.14,-8.10,0.02,-0.01,0.01
-2.16,-5.10,-8.10,0.02,-0.00,0.01
-2.13,-5.18,-8.17,0.02,-0.00,0.02
-2.09,-5.13,-8.14,0.02,-0.01,0.02
-2.14,-5.13,-8.11,0.01,-0.01,0.01
-2.22,-5.23,-8.09,0.01,-0.00,0.01
-2.12,-5.12,-8.12,-0.00,-0.00,-0.00
-2.17,-5.22,-8.17,0.14,0.00,0.00
-2.04,-5.06,-8.15,0.20,-0.00,-0.05
-1.98,-5.50,-8.05,0.16,-0.04,-0.06
-1.98,-5.54,-7.96,0.03,-0.06,-0.07
-2.00,-5.40,-7.92,-0.10,-0.07,-0.11
-2.03,-5.29,-8.05,-0.08,-0.08,-0.12
-2.04,-5.33,-7.98,-0.11,-0.10,-0.16
-2.01,-5.27,-8.31,-0.22,-0.16,-0.18
-2.03,-5.26,-8.33,-0.17,-0.12,-0.20
-2.01,-5.07,-8.23,-0.33,-0.12,-0.21
-2.22,-5.05,-8.38,-0.45,-0.09,-0.22
-1.88,-5.07,-8.78,-0.66,-0.07,-0.26
-1.05,-4.16,-8.75,-0.61,-0.09,-0.22
-1.06,-3.89,-9.07,-0.55,-0.14,-0.21
-0.84,-3.53,-9.21,-0.50,-0.21,-0.17
-1.04,-3.08,-9.07,-0.55,-0.15,-0.17
-0.79,-2.92,-8.86,-0.09,-0.07,-0.17
-0.99,-3.33,-9.12,0.12,-0.15,-0.18
-0.94,-3.45,-9.06,0.33,-0.24,-0.22
-1.49,-3.62,-9.25,0.29,-0.54,-0.35
-1.89,-3.75,-8.37,0.37,-0.89,-0.48
-2.58,-4.19,-6.49,1.24,-1.34,-0.32
-4.77,-6.38,-8.14,2.17,-1.44,0.00
-5.04,-6.39,-5.65,2.42,-1.36,0.58
-4.31,-7.94,-6.23,2.32,-0.97,0.62
-4.05,-7.34,-5.41,1.34,-0.59,0.53
-6.53,-6.90,-3.56,1.21,-0.36,1.08
-8.21,-6.42,-2.49,1.40,-0.19,1.65
-8.05,-7.20,-2.42,1.35,-0.34,1.66
-8.39,-7.15,-1.42,0.49,-0.64,1.89
-9.91,-6.36,-1.41,-0.26,-1.60,2.00
-11.14,-5.67,-0.91,-0.59,-1.68,1.79
-11.28,-4.67,-2.12,-0.71,-1.88,1.67
-11.45,-3.94,-2.15,-1.38,-1.80,1.45
-9.91,-2.81,-1.62,-1.51,-0.88,0.92
-8.34,-2.11,-0.55,-0.87,-0.55,0.24
-7.97,-1.72,-0.24,-0.92,-0.15,-0.24
-7.69,-1.15,-0.03,-0.43,0.39,-0.46
-7.42,-0.39,0.03,0.33,0.88,-0.40
-7.15,-0.96,0.02,1.50,1.08,-0.15
-7.67,-1.87,0.05,2.05,1.11,0.10
-8.03,-2.73,-0.34,1.44,0.92,0.18
-8.31,-2.96,-0.86,0.30,0.54,0.26
-8.72,-2.78,-1.20,-0.60,0.23,0.31
-9.13,-2.32,-1.38,-0.99,0.13,0.31
-9.19,-1.84,-1.59,-0.74,0.17,0.31
-8.85,-1.51,-1.68,0.05,0.24,0.25
-8.72,-1.87,-1.66,0.73,0.25,0.21
-8.83,-2.37,-1.55,0.76,0.22,0.24
-9.10,-2.53,-1.61,0.40,0.12,0.28
-9.31,-2.41,-1.68,0.16,0.03,0.20
-9.39,-2.24,-1.75,0.11,-0.01,0.02
-9.38,-2.05,-1.80,0.13,-0.00,-0.14
-9.15,-1.93,-1.81,0.13,0.00,-0.22
-9.03,-1.89,-1.86,0.07,-0.04,-0.20
-8.97,-1.82,-1.85,0.00,-0.08,-0.11
-9.01,-1.85,-1.96,-0.05,-0.13,0.00
-9.17,-1.91,-2.01,-0.08,-0.14,0.08
-9.36,-1.98,-2.07,-0.08,-0.11,0.11
-9.42,-2.01,-2.05,-0.06,-0.06,0.10
-9.47,-1.99,-2.04,-0.00,-0.00,0.05
-9.33,-1.98,-1.94,0.06,0.04,-0.00
-9.23,-1.99,-1.91,0.08,0.05,-0.02
-9.19,-2.01,-1.90,0.03,0.02,0.01
-9.23,-2.00,-1.91,0.01,0.01,0.03
-9.22,-1.98,-1.86,0.05,0.01,0.00
-9.18,-1.99,-1.86,0.04,-0.00,-0.01
-9.24,-1.97,-1.90,0.01,-0.02,0.01
-9.22,-1.95,-1.94,0.00,-0.03,0.03
-9.24,-2.02,-2.02,0.00,-0.05,0.04
-9.35,-2.04,-2.08,-0.05,-0.04,0.04
-9.27,-1.97,-2.11,-0.04,-0.00,0.02
-9.20,-1.92,-2.10,0.02,0.03,-0.01
-9.20,-1.93,-2.03,0.06,0.06,-0.00
-9.17,-1.94,-1.97,0.07,0.05,0.01
-9.16,-1.90,-1.97,0.05,0.02,-0.01
-9.17,-1.93,-2.04,0.06,-0.00,-0.00
-9.19,-1.92,-2.13,0.03,-0.01,0.01
-9.23,-1.89,-2.22,0.06,0.01,0.00
-9.26,-1.92,-2.24,0.08,0.04,0.01
-9.20,-1.92,-2.18,0.13,0.06,0.01
-9.13,-1.98,-2.13,0.13,0.06,0.01
-9.18,-2.01,-2.07,0.07,0.03,0.04
-9.13,-2.00,-2.11,0.04,0.00,0.05
-9.09,-1.99,-2.11,0.04,0.00,0.05
-9.17,-2.01,-2.16,0.05,-0.02,0.04
-9.20,-2.04,-2.15,0.07,-0.03,0.04
-9.15,-2.06,-2.19,0.05,-0.03,0.03
-9.16,-2.01,-2.19,0.00,-0.03,0.01
-9.17,-1.90,-2.20,0.01,-0.01,0.01
-9.11,-1.93,-2.10,0.05,-0.01,0.02
-9.14,-1.96,-2.04,0.03,-0.02,0.01
-9.13,-1.91,-1.98,0.02,-0.02,0.01
-9.23,-1.90,-1.96,0.08,-0.04,0.02
-9.25,-2.00,-2.00,0.08,-0.06,0.04
-9.23,-2.02,-2.04,0.04,-0.06,0.00
-9.28,-1.92,-2.09,-0.00,-0.06,-0.02
-9.26,-1.82,-2.10,0.02,-0.04,-0.00
-9.22,-1.86,-2.09,0.06,-0.04,0.03
-9.20,-1.94,-2.08,0.01,-0.04,0.05
-9.22,-1.94,-2.10,-0.01,-0.03,0.06
-9.25,-1.99,-2.07,0.02,-0.02,0.06
-9.25,-2.05,-1.98,0.03,0.00,0.03
-9.21,-2.04,-1.92,0.03,0.01,-0.02
-9.28,-1.99,-1.90,0.03,-0.00,-0.04
-9.24,-1.91,-1.92,0.01,-0.01,-0.03
-9.19,-1.86,-1.93,0.03,-0.00,-0.04
-9.22,-1.82,-1.92,0.03,-0.01,-0.04
-9.22,-1.79,-1.89,0.06,-0.01,-0.01
-9.19,-1.85,-1.87,0.08,-0.02,0.02
-9.19,-1.91,-1.89,0.07,-0.04,0.04
-9.21,-1.96,-1.90,0.06,-0.05,0.05
-9.35,-2.02,-2.01,0.04,-0.06,0.06
-9.35,-2.06,-2.08,0.05,-0.05,0.04
-9.26,-2.03,-2.12,0.03,-0.01,-0.00
-9.29,-1.99,-2.12,0.04,0.01,-0.00
-9.32,-1.99,-2.13,0.04,0.03,0.01
-9.22,-2.00,-2.08,0.04,0.07,-0.02
-9.18,-1.94,-1.93,0.05,0.08,-0.04
-9.21,-1.93,-1.87,0.06,0.06,-0.01
-9.13,-1.97,-1.81,0.06,0.03,0.00
-9.14,-1.97,-1.88,0.02,-0.01,0.01
-9.12,-1.95,-1.93,-0.01,-0.04,0.03
-9.20,-1.97,-2.03,-0.01,-0.06,0.04
-9.29,-2.01,-2.05,-0.02,-0.04,0.04
-9.32,-1.96,-2.04,0.03,-0.02,0.02
-9.27,-2.02,-2.06,0.04,-0.01,0.03
-9.16,-1.97,-2.05,0.01,0.00,0.02
-9.18,-1.94,-2.04,0.00,-0.00,0.02
-9.28,-1.93,-2.01,-0.01,-0.00,0.04
-9.22,-1.96,-1.98,0.02,0.00,0.02
-9.19,-1.92,-1.95,0.03,0.01,0.00
-9.17,-1.88,-1.98,0.04,-0.00,0.01
-9.17,-1.91,-1.97,0.04,-0.02,0.04
-9.22,-1.94,-2.03,0.02,-0.03,0.04
-9.24,-1.90,-2.06,0.03,-0.02,0.03
-9.32,-1.90,-2.12,0.05,-0.01,0.03
-9.21,-1.87,-2.10,0.04,-0.00,0.03
-9.14,-1.85,-2.08,0.06,0.02,0.02
-9.19,-1.91,-2.02,0.03,0.01,0.04
-9.23,-1.92,-1.98,0.03,-0.00,0.04
-9.20,-1.98,-1.97,0.02,-0.02,0.02
-9.20,-1.93,-1.98,-0.01,-0.02,0.00
-9.20,-1.94,-1.97,-0.01,-0.03,-0.00
-9.29,-1.91,-2.00,-0.05,-0.04,-0.00
-9.25,-1.84,-1.97,-0.02,-0.02,-0.03
-9.22,-1.80,-1.88,0.00,-0.03,-0.04
-9.22,-1.78,-1.87,-0.02,-0.05,-0.01
-9.15,-1.74,-1.82,-0.04,-0.07,0.01
-9.24,-1.76,-1.80,-0.04,-0.09,0.02
-9.25,-1.71,-1.69,-0.06,-0.12,0.05
-9.21,-1.73,-1.64,-0.04,-0.17,0.06
-9.20,-1.85,-1.64,-0.02,-0.21,0.07
-9.33,-2.17,-1.43,0.04,-0.31,-0.10
-9.32,-2.42,-1.11,0.13,-0.40,-0.25
-9.05,-2.49,-0.92,0.09,-0.42,-0.32
-8.95,-2.44,-0.74,-0.02,-0.44,-0.29
-8.99,-2.25,-0.75,-0.13,-0.45,-0.20
-8.82,-2.11,-0.74,-0.25,-0.46,-0.06
-8.62,-1.84,-0.54,-0.37,-0.53,0.01
-8.51,-1.91,-0.23,-0.38,-0.67,0.06
-8.33,-1.87,0.23,-0.50,-0.74,0.09
-8.14,-1.78,0.60,-0.49,-0.76,0.09
-7.94,-1.70,0.91,-0.38,-0.76,0.08
-7.88,-1.63,1.13,-0.15,-0.62,0.04
-8.69,-1.50,1.00,0.10,-0.52,-0.01
-8.40,-1.94,0.90,0.16,-0.18,-0.03
-9.19,-1.99,0.92,-0.07,0.15,-0.05
-9.32,-1.97,0.68,0.10,0.44,-0.32
-10.78,-3.13,-0.60,-0.08,1.43,-0.65
-10.63,-3.19,-2.20,0.28,1.65,-0.90
-9.05,-3.02,-2.03,1.17,1.60,-1.03
-8.19,-4.11,-1.00,1.26,1.57,-1.15
-9.08,-6.30,-1.32,0.75,1.39,-1.31
-9.97,-6.49,-0.68,0.59,1.23,-1.38
-8.69,-5.81,-2.37,-0.46,0.97,-1.37
-7.55,-5.95,-3.25,-0.25,1.09,-1.22
-5.76,-7.22,-3.57,0.05,1.12,-1.23
-4.38,-8.65,-4.73,-0.20,1.12,-1.07
-3.46,-8.10,-5.09,-0.64,1.08,-0.54
-3.06,-8.67,-5.01,-0.27,0.99,-0.07
-2.78,-7.12,-4.77,-0.25,0.79,0.30
-3.12,-9.02,-4.85,0.51,0.66,-0.04
-2.91,-8.12,-5.09,-0.33,0.75,-0.28
-2.47,-7.35,-4.33,-0.28,0.50,-0.39
-1.94,-6.93,-5.59,-0.29,0.27,-0.38
-1.23,-7.43,-6.79,-0.13,0.13,-0.15
-0.54,-7.16,-6.89,-0.18,0.17,-0.01
-0.73,-7.51,-6.55,-0.34,0.01,0.03
-1.28,-7.77,-6.72,-0.53,-0.14,-0.02
-1.42,-6.91,-6.24,-0.70,-0.21,-0.08
-1.46,-5.08,-6.42,-0.76,-0.29,0.04
-1.36,-4.38,-6.71,-0.51,-0.37,0.30
-2.33,-6.02,-7.65,0.87,-0.33,0.48
-2.89,-8.96,-7.36,1.49,-0.13,0.26
-2.70,-7.62,-5.62,0.35,0.18,0.14
-2.95,-7.88,-5.78,-0.12,0.09,0.18
-3.07,-7.41,-6.06,-0.53,0.15,0.09
-2.93,-6.85,-6.56,-0.55,0.11,0.06
-2.70,-6.52,-6.79,-0.49,0.11,0.06
-2.57,-6.33,-6.91,-0.34,0.09,0.07
-2.55,-6.16,-7.09,-0.25,0.06,0.08
-2.63,-6.24,-7.10,-0.08,0.05,0.09
-2.72,-6.28,-7.06,0.00,0.05,0.07
-2.71,-6.35,-7.05,-0.01,0.04,0.06
-2.64,-6.18,-7.15,0.02,0.05,0.01
-2.59,-6.24,-7.09,0.07,0.03,0.01
-2.53,-6.35,-6.99,0.05,0.02,0.02
-2.50,-6.32,-7.02,-0.03,0.00,0.02
-2.57,-6.31,-7.05,-0.11,-0.02,0.02
-2.64,-6.24,-7.16,-0.14,-0.03,0.01
-2.62,-6.09,-7.22,-0.10,-0.02,0.00
-2.62,-6.08,-7.24,-0.03,-0.01,0.01
-2.64,-6.11,-7.21,0.01,-0.01,0.01
-2.66,-6.11,-7.23,0.02,-0.01,0.01
-2.66,-6.09,-7.21,0.02,-0.02,0.00
-2.64,-6.04,-7.24,-0.03,-0.02,-0.01
-2.62,-6.09,-7.23,-0.04,-0.03,0.00
-2.62,-6.02,-7.30,-0.03,-0.03,0.01
-2.69,-6.00,-7.33,-0.04,-0.02,0.01
-2.70,-5.97,-7.31,-0.01,-0.02,0.01
-2.68,-5.97,-7.32,0.04,-0.02,0.01
-2.69,-6.03,-7.27,0.08,-0.01,0.02
-2.70,-6.06,-7.24,0.07,-0.00,0.02
-2.68,-6.05,-7.23,0.03,0.00,0.02
-2.68,-6.07,-7.25,0.02,-0.01,0.02
-2.67,-6.06,-7.22,0.02,-0.01,0.02
-2.68,-6.04,-7.24,0.04,-0.01,0.03
-2.66,-6.04,-7.26,0.05,-0.01,0.03
-2.71,-6.07,-7.23,0.04,-0.01,0.02
-2.69,-6.10,-7.18,0.03,-0.00,0.02
-2.69,-6.07,-7.22,0.03,-0.01,0.02
-2.68,-6.09,-7.21,0.04,-0.01,0.02
-2.67,-6.12,-7.20,0.02,-0.01,0.02
-2.68,-6.10,-7.20,0.02,-0.01,0.02
-2.69,-6.11,-7.20,0.02,-0.00,0.02
-2.70,-6.10,-7.19,0.01,-0.00,0.01
-2.69,-6.11,-7.19,0.00,-0.01,0.01
-2.66,-6.08,-7.23,0.01,-0.01,0.02
-2.69,-6.08,-7.25,0.01,-0.00,0.01
-2.69,-6.10,-7.21,0.01,0.00,0.00
-2.67,-6.06,-7.22,0.01,-0.00,0.00
-2.67,-6.05,-7.24,0.01,-0.01,0.01
-2.66,-6.07,-7.27,0.01,-0.01,0.00
-2.65,-6.06,-7.25,0.01,-0.00,0.00
-2.67,-6.06,-7.23,0.02,-0.00,0.00
-2.67,-6.04,-7.25,0.01,-0.01,0.00
-2.67,-6.04,-7.26,0.01,-0.00,0.00
-2.66,-6.08,-7.25,0.01,-0.00,0.00
-2.64,-6.05,-7.26,0.01,-0.00,0.01
-2.66,-6.05,-7.28,0.01,-0.01,0.01
-2.67,-6.05,-7.27,0.01,-0.01,0.00
-2.63,-6.06,-7.25,0.01,-0.00,0.00
-2.62,-6.06,-7.27,0.01,-0.01,0.01
-2.64,-6.05,-7.27,0.01,-0.01,0.01
-2.64,-6.03,-7.27,0.00,-0.01,0.01
-2.64,-6.02,-7.28,0.01,-0.01,0.01
-2.65,-6.04,-7.27,0.01,-0.01,0.01
-2.63,-6.02,-7.30,0.01,-0.01,0.01
-2.62,-6.00,-7.29,0.01,-0.01,0.01
-2.64,-6.05,-7.28,0.01,-0.01,0.01
-2.62,-6.03,-7.27,0.01,-0.01,0.01
-2.62,-6.01,-7.33,0.01,-0.01,0.01
-2.63,-5.99,-7.34,0.02,-0.01,0.00
-2.60,-6.06,-7.26,0.02,-0.01,0.00
-2.59,-6.03,-7.27,0.01,-0.01,0.01
-2.61,-6.01,-7.30,0.02,-0.01,0.01
-2.62,-6.02,-7.30,0.01,-0.01,0.01
-2.62,-6.03,-7.31,0.02,-0.01,0.01
-2.62,-6.04,-7.29,0.01,-0.01,0.01
-2.61,-5.99,-7.33,0.01,-0.01,0.01
-2.61,-6.01,-7.31,0.02,-0.01,0.01
-2.60,-5.99,-7.30,0.01,-0.01,0.00
-2.61,-6.03,-7.29,0.01,-0.01,0.01
-2.60,-6.00,-7.29,0.02,-0.01,0.01
-2.60,-6.04,-7.28,0.02,-0.01,0.01
-2.60,-6.03,-7.27,0.02,-0.02,0.01
-2.60,-6.01,-7.32,0.02,-0.02,0.01
-2.61,-6.01,-7.31,0.02,-0.02,0.01
-2.62,-6.03,-7.28,0.03,-0.02,0.01
-2.64,-6.03,-7.28,0.02,-0.02,0.01
-2.64,-6.01,-7.29,0.02,-0.02,0.01
-2.63,-6.02,-7.28,0.03,-0.02,0.02
-2.64,-6.05,-7.29,0.03,-0.02,0.01
-2.65,-6.08,-7.26,0.02,-0.02,0.01
-2.62,-6.00,-7.28,0.03,-0.01,0.02
-2.62,-6.04,-7.29,0.03,-0.02,0.01
-2.66,-6.05,-7.26,0.03,-0.01,0.01
-2.65,-6.06,-7.23,0.02,-0.01,0.01
-2.65,-6.05,-7.26,0.02,-0.01,0.01
-2.66,-6.04,-7.28,0.02,-0.01,0.01
-2.64,-6.05,-7.27,0.02,-0.01,0.01
-2.64,-6.07,-7.26,0.02,-0.01,0.01
-2.68,-6.05,-7.26,0.01,-0.01,0.01
-2.65,-6.03,-7.29,0.01,-0.01,0.01
-2.65,-6.05,-7.29,0.01,-0.01,0.01
-2.64,-6.05,-7.26,0.01,-0.00,0.01
-2.64,-6.05,-7.26,0.01,-0.01,0.01
-2.64,-6.02,-7.29,0.01,-0.01,0.01
-2.64,-6.02,-7.31,0.01,-0.01,0.00
-2.63,-6.05,-7.29,0.01,-0.00,0.00
-2.61,-6.06,-7.27,0.01,-0.00,0.00
-2.61,-6.02,-7.29,0.01,-0.01,0.00
-2.62,-6.01,-7.31,0.01,-0.00,0.00
-2.61,-6.02,-7.29,0.01,-0.01,0.00
-2.62,-6.04,-7.27,0.01,-0.01,0.00
-2.63,-6.02,-7.31,0.01,-0.01,0.01
-2.60,-5.99,-7.33,0.01,-0.01,0.01
-2.58,-6.04,-7.32,0.02,-0.01,0.00
-2.59,-6.03,-7.29,0.02,-0.01,0.00
-2.61,-6.03,-7.29,0.01,-0.01,0.01
-2.59,-6.00,-7.33,0.01,-0.01,0.01
-2.61,-5.99,-7.35,0.01,-0.01,0.01
-2.59,-6.03,-7.33,0.02,-0.00,0.00
-2.57,-6.05,-7.31,0.01,-0.00,0.01
-2.57,-6.01,-7.32,0.01,-0.01,0.01
-2.58,-5.99,-7.33,0.01,-0.01,0.01
-2.58,-6.00,-7.32,0.01,-0.01,0.01
-2.58,-6.02,-7.30,0.01,-0.01,0.01
-2.57,-6.01,-7.32,0.01,-0.01,0.01
-2.56,-5.99,-7.36,0.01,-0.01,0.01
-2.56,-6.01,-7.35,0.02,-0.01,0.01
-2.56,-6.01,-7.33,0.01,-0.01,0.01
-2.57,-6.00,-7.32,0.00,-0.01,0.01
-2.56,-5.97,-7.35,0.01,-0.01,0.01
-2.58,-5.98,-7.37,0.01,-0.01,0.01
-2.58,-6.00,-7.35,0.02,-0.01,0.01
-2.56,-6.00,-7.32,0.02,-0.01,0.01
-2.57,-5.99,-7.35,0.02,-0.02,0.01
-2.57,-5.97,-7.35,0.02,-0.02,0.01
-2.56,-5.98,-7.34,0.02,-0.02,0.01
-2.57,-5.99,-7.32,0.02,-0.02,0.01
-2.59,-5.99,-7.33,0.02,-0.02,0.01
-2.59,-5.96,-7.36,0.02,-0.02,0.01
-2.59,-5.99,-7.34,0.03,-0.02,0.01
-2.60,-6.01,-7.31,0.02,-0.02,0.01
-2.60,-5.98,-7.31,0.02,-0.02,0.01
-2.59,-5.99,-7.33,0.03,-0.02,0.02
-2.63,-6.00,-7.32,0.03,-0.02,0.01
-2.61,-6.02,-7.28,0.03,-0.02,0.01
-2.60,-6.03,-7.30,0.02,-0.02,0.01
-2.60,-6.00,-7.32,0.02,-0.02,0.01
-2.62,-6.00,-7.32,0.03,-0.02,0.01
-2.62,-6.02,-7.29,0.03,-0.02,0.01
-2.64,-6.02,-7.27,0.02,-0.02,0.01
-2.65,-6.00,-7.30,0.02,-0.01,0.01
-2.63,-6.01,-7.30,0.02,-0.01,0.01
-2.63,-6.02,-7.29,0.02,-0.01,0.01
-2.63,-6.04,-7.28,0.01,-0.01,0.01
-2.63,-6.00,-7.32,0.02,-0.01,0.01
-2.64,-6.03,-7.32,0.02,-0.01,0.00
-2.62,-6.01,-7.28,0.01,-0.01,0.00
-2.61,-6.03,-7.28,0.01,-0.01,0.01
-2.62,-6.01,-7.31,0.01,-0.01,0.01
-2.62,-6.02,-7.32,0.01,-0.01,0.00
-2.61,-6.03,-7.29,0.01,-0.01,0.01
-2.69,-6.04,-7.28,0.02,-0.01,0.00
-2.72,-6.11,-7.21,0.04,-0.01,-0.03
-2.73,-5.99,-7.26,0.06,-0.02,-0.08
-2.52,-6.02,-7.07,0.19,-0.02,-0.15
-2.43,-6.42,-7.13,0.19,-0.06,-0.25
-2.20,-6.47,-7.44,0.06,-0.06,-0.29
-2.22,-6.36,-7.45,-0.09,-0.03,-0.26
-2.07,-6.54,-7.53,0.00,0.01,-0.17
-1.55,-7.34,-7.60,-0.35,0.01,-0.18
-1.10,-6.49,-7.60,-0.77,-0.11,-0.21
-1.15,-5.76,-7.70,-1.02,-0.17,-0.21
-0.69,-5.40,-7.55,-0.49,-0.17,-0.24
-0.84,-4.97,-8.19,-0.78,-0.32,-0.17
-0.85,-4.71,-8.60,-0.35,-0.40,-0.19
-1.22,-4.47,-8.32,-0.07,-0.41,-0.26
-1.57,-3.51,-7.45,0.21,-0.48,-0.33
-3.06,-3.89,-7.67,0.91,-0.61,-0.26
-4.15,-6.01,-6.44,1.84,-1.03,-0.12
-5.17,-7.96,-6.51,1.46,-1.70,0.27
-3.97,-8.35,-4.58,1.14,-1.12,0.71
-5.48,-7.16,-3.33,0.94,-0.52,0.78
-6.92,-7.31,-2.29,0.60,-0.22,1.02
-7.61,-6.82,-1.62,0.00,-0.33,1.40
-8.64,-6.21,-1.45,-0.52,-0.66,1.55
-8.84,-5.43,-1.88,-0.92,-1.03,1.50
-10.09,-4.59,-2.18,-1.31,-1.35,1.59
-11.37,-3.94,-2.09,-1.22,-1.77,1.78
-12.45,-4.61,-1.20,-1.35,-2.09,1.50
-11.39,-3.04,-2.19,-2.29,-2.00,0.81
-10.23,-1.25,-2.21,-2.32,-1.20,0.16
-8.83,-0.47,-1.64,-1.40,-0.31,-0.33
-8.06,-0.38,-1.14,-0.13,0.13,-0.58
-8.32,-0.59,-0.60,1.03,0.60,-0.71
-8.33,-1.35,-0.11,1.65,0.97,-0.73
-8.28,-2.10,-0.03,1.46,1.22,-0.60
-8.15,-2.72,-0.35,0.89,1.29,-0.49
-8.12,-2.90,-0.62,0.45,1.11,-0.52
-8.45,-3.37,-0.80,0.42,0.88,-0.63
-8.15,-3.66,-0.98,0.57,0.68,-0.67
-7.70,-4.44,-1.26,0.75,0.54,-0.59
-7.30,-5.05,-1.50,0.62,0.44,-0.48
-7.03,-5.28,-1.77,0.42,0.39,-0.38
-6.75,-5.22,-1.85,0.44,0.38,-0.32
-6.60,-5.44,-1.96,0.50,0.32,-0.23
-6.53,-5.72,-2.04,0.35,0.22,-0.13
-6.71,-5.76,-2.11,0.09,0.09,-0.01
-6.95,-5.64,-2.26,-0.13,-0.06,0.11
-7.24,-5.61,-2.37,-0.38,-0.18,0.21
-7.47,-5.43,-2.52,-0.63,-0.23,0.27
-7.61,-5.03,-2.63,-0.69,-0.20,0.29
-7.77,-4.71,-2.77,-0.46,-0.16,0.30
-7.98,-4.68,-2.70,-0.14,-0.09,0.30
-8.12,-4.85,-2.77,0.03,-0.06,0.26
-8.19,-4.84,-2.74,0.06,-0.06,0.21
-8.21,-4.89,-2.76,0.02,-0.08,0.17
-8.10,-4.73,-2.73,-0.00,-0.08,0.12
-8.06,-4.66,-2.72,-0.00,-0.08,0.10
-7.95,-4.58,-2.66,0.01,-0.07,0.11
-7.98,-4.61,-2.63,0.05,-0.08,0.10
-8.06,-4.60,-2.55,0.00,-0.07,0.08
-8.18,-4.44,-2.44,0.04,-0.04,0.04
-8.11,-4.51,-2.47,0.10,-0.06,0.03
-8.21,-4.61,-2.42,-0.01,-0.08,0.03
-8.21,-4.42,-2.45,-0.12,-0.07,0.02
-8.23,-4.26,-2.36,-0.09,-0.06,0.04
-8.10,-4.19,-2.29,-0.02,-0.06,0.05
-8.07,-4.25,-2.31,0.03,-0.12,0.07
-8.52,-4.58,-2.37,-0.18,-0.16,0.11
-8.59,-4.29,-2.34,-0.32,-0.11,0.13
-8.70,-4.18,-2.53,-0.22,-0.09,0.12
-8.62,-4.05,-2.39,-0.06,-0.04,0.09
-8.36,-3.95,-2.43,0.06,-0.03,0.05
-8.43,-3.97,-2.45,0.05,-0.08,0.08
-8.62,-3.93,-2.43,-0.03,-0.08,0.11
-8.55,-3.86,-2.46,-0.03,-0.07,0.10
-8.46,-3.78,-2.39,0.00,-0.07,0.08
-8.57,-3.85,-2.42,-0.02,-0.06,0.09
-8.60,-3.86,-2.43,-0.05,-0.05,0.09
-8.68,-3.79,-2.34,-0.04,0.01,0.05
-8.55,-3.74,-2.37,0.06,0.02,0.02
-8.52,-3.72,-2.24,0.05,0.01,0.01
-8.53,-3.65,-2.20,0.05,0.04,0.03
-8.52,-3.69,-2.11,0.12,0.02,0.04
-8.56,-3.79,-2.10,0.11,-0.04,0.04
-8.64,-3.83,-2.19,0.01,-0.09,0.05
-8.60,-3.62,-2.24,-0.03,-0.08,0.03
-8.58,-3.57,-2.27,0.04,-0.07,0.05
-8.54,-3.58,-2.21,0.06,-0.08,0.07
-8.64,-3.62,-2.23,0.04,-0.10,0.09
-8.77,-3.52,-2.18,0.03,-0.08,0.09
-8.83,-3.55,-2.16,0.06,-0.05,0.08
-8.75,-3.50,-2.06,0.08,-0.02,0.07
-8.69,-3.50,-2.00,0.10,-0.03,0.06
-8.67,-3.50,-1.93,0.07,-0.05,0.07
-8.75,-3.51,-1.91,0.06,-0.06,0.09
-8.72,-3.48,-1.89,0.04,-0.07,0.08
-8.67,-3.45,-1.84,0.07,-0.08,0.08
-8.74,-3.42,-1.82,0.06,-0.11,0.09
-8.79,-3.28,-1.86,0.05,-0.14,0.10
-9.05,-3.32,-1.97,0.04,-0.14,0.12
-9.16,-3.26,-1.95,0.01,-0.05,0.10
-9.05,-3.21,-1.94,0.07,0.00,0.07
-9.03,-3.30,-1.85,0.05,0.02,0.07
-8.93,-3.27,-1.78,0.03,0.06,0.06
-8.88,-3.32,-1.71,0.04,0.05,0.03
-8.83,-3.30,-1.63,0.03,0.04,0.02
-8.83,-3.28,-1.63,0.02,0.00,0.01
-8.86,-3.20,-1.62,0.04,-0.01,-0.02
-8.95,-3.18,-1.70,0.00,-0.06,-0.01
-9.00,-3.05,-1.72,-0.01,-0.04,-0.00
-8.99,-2.99,-1.76,0.05,-0.01,-0.00
-8.91,-3.06,-1.73,0.08,-0.02,0.02
-8.95,-3.15,-1.75,-0.00,-0.04,0.05
-8.90,-3.08,-1.80,-0.03,-0.04,0.05
-8.99,-3.12,-1.80,0.01,-0.02,0.06
-9.07,-3.17,-1.72,0.03,0.01,0.07
-9.02,-3.21,-1.71,0.05,0.00,0.05
-9.06,-3.15,-1.77,0.00,-0.01,0.03
-8.85,-2.96,-1.78,0.00,0.01,0.03
-8.91,-3.05,-1.75,0.05,0.02,0.03
-8.88,-3.05,-1.59,0.06,0.01,0.03
-8.91,-3.03,-1.63,0.06,-0.03,0.05
-8.94,-3.05,-1.64,0.10,-0.07,0.04
-8.94,-3.12,-1.70,0.06,-0.09,0.02
-9.03,-3.02,-1.76,-0.01,-0.07,0.02
-9.09,-2.97,-1.79,0.05,-0.05,0.03
-9.07,-3.06,-1.73,0.06,-0.00,0.01
-8.84,-2.95,-1.56,0.07,-0.01,-0.02
-8.98,-3.05,-1.62,0.02,-0.05,0.01
-9.01,-3.03,-1.50,0.02,-0.03,0.01
-9.04,-3.05,-1.55,0.04,-0.06,-0.03
-9.12,-3.03,-1.62,-0.05,-0.10,-0.03
-9.13,-2.82,-1.70,-0.06,-0.04,-0.02
-9.04,-2.76,-1.56,0.07,0.01,-0.01
-9.02,-2.88,-1.40,0.21,0.05,-0.00
-9.06,-3.06,-1.25,0.26,0.04,-0.00
-9.13,-3.21,-1.28,0.27,0.03,-0.02
-9.05,-3.27,-1.40,0.24,0.06,-0.04
-8.88,-3.13,-1.60,0.15,0.09,-0.03
-8.82,-3.14,-1.75,0.20,0.08,-0.00
-8.92,-3.27,-1.77,0.24,0.07,0.01
-8.93,-3.35,-1.67,0.17,0.04,0.02
-8.91,-3.28,-1.64,0.07,0.00,0.02
-8.94,-3.19,-1.68,0.02,-0.03,0.03
-9.00,-3.23,-1.66,0.01,-0.06,0.05
-9.07,-3.28,-1.62,0.08,-0.04,0.02
-9.06,-3.37,-1.47,0.16,-0.02,-0.03
-8.93,-3.25,-1.36,0.08,0.00,-0.04
-8.92,-3.17,-1.28,0.09,0.03,-0.03
-8.90,-3.20,-1.31,0.13,0.02,-0.02
-8.97,-3.25,-1.36,0.06,-0.01,0.02
-8.95,-3.29,-1.42,0.04,-0.02,0.02
-8.92,-3.32,-1.42,-0.00,-0.04,0.02
-8.99,-3.33,-1.37,-0.03,-0.06,0.02
-8.97,-3.28,-1.33,0.00,-0.05,0.00
-9.00,-3.33,-1.27,0.03,-0.05,-0.02
-8.93,-3.27,-1.15,0.01,-0.06,-0.04
-8.89,-3.26,-1.10,0.01,-0.10,-0.02
-8.82,-3.24,-1.01,-0.01,-0.13,0.01
-8.79,-3.22,-0.92,0.01,-0.19,0.02
-8.74,-3.17,-0.88,-0.04,-0.28,0.04
-8.61,-3.14,-0.67,-0.08,-0.37,0.04
-8.52,-3.06,-0.55,-0.07,-0.42,0.04
-8.23,-3.14,-0.17,0.01,-0.48,0.01
-8.06,-3.05,0.04,-0.01,-0.62,0.02
-7.93,-3.19,0.34,-0.09,-0.72,0.01
-7.77,-2.71,0.41,-0.20,-0.68,0.09
-7.63,-2.69,0.58,-0.12,-0.71,0.05
-7.62,-2.74,0.46,-0.40,-0.68,0.15
-7.84,-2.57,0.53,-0.64,-0.66,0.16
-8.15,-2.44,-0.22,-0.67,-0.35,0.14
-8.38,-2.59,-0.28,-0.74,0.04,0.12
-8.65,-2.38,-0.04,-0.51,0.58,-0.05
-10.61,-3.68,-1.13,-0.13,1.25,-0.28
-9.55,-2.86,-2.35,0.10,2.03,-0.59
-9.81,-3.40,-3.69,0.82,2.03,-0.61
-9.08,-3.75,-2.97,1.71,1.92,-0.77
-9.18,-5.61,-1.35,2.21,1.53,-1.00
-9.41,-6.75,-1.12,1.35,1.20,-1.25
-9.71,-7.09,-0.73,0.95,0.68,-1.38
-9.20,-7.12,-0.79,0.23,0.61,-1.43
-8.65,-6.98,-1.43,0.25,0.66,-1.39
-7.79,-7.24,-1.71,0.76,0.87,-1.36
-6.12,-9.50,-1.77,1.26,0.95,-1.42
-4.99,-11.61,-2.49,-0.69,1.15,-1.03
-4.31,-8.51,-2.87,-1.04,1.14,-0.41
-3.18,-8.97,-3.09,-0.35,0.75,-0.22
-2.61,-8.65,-3.90,-1.37,0.80,-0.01
-2.15,-7.33,-4.33,-0.87,0.73,-0.14
-1.37,-7.00,-4.29,-0.72,0.46,-0.30
-1.13,-6.32,-5.06,-0.42,0.19,-0.32
-1.04,-6.68,-5.50,-0.43,0.21,-0.17
-0.44,-6.76,-6.00,-0.59,0.10,0.06
-0.71,-7.20,-7.21,-0.29,-0.05,0.13
-0.52,-7.45,-7.26,-0.43,0.00,0.21
-1.32,-6.89,-6.69,-0.23,0.01,0.35
-2.55,-7.05,-6.16,0.32,0.06,0.37
-2.99,-7.51,-6.17,0.38,0.09,0.34
-2.81,-7.65,-6.01,0.32,0.06,0.22
-2.50,-7.39,-6.38,0.07,-0.01,0.15
-2.58,-7.06,-6.56,0.02,-0.00,0.12
-2.68,-7.08,-6.35,0.17,0.06,0.12
-2.80,-7.31,-6.00,0.19,0.08,0.12
-2.77,-7.32,-5.95,0.11,0.08,0.10
-2.68,-7.40,-5.70,0.12,0.03,0.10
-2.96,-7.43,-5.85,-0.18,0.07,0.06
-2.77,-7.31,-5.96,-0.15,-0.04,0.00
-2.90,-7.00,-6.23,-0.36,-0.13,-0.01
-2.97,-6.64,-6.64,-0.18,0.02,0.05
-2.84,-7.02,-6.26,0.20,0.01,0.06
-2.88,-7.06,-6.14,0.05,0.02,0.03
-2.86,-6.98,-6.24,-0.05,0.01,0.04
-2.83,-6.90,-6.26,-0.04,-0.01,0.06
-2.86,-6.94,-6.24,0.06,-0.00,0.06
-2.90,-7.06,-6.20,0.09,0.02,0.05
-2.92,-7.18,-6.13,0.12,0.03,0.05
-2.92,-7.15,-6.05,0.13,0.05,0.04
-2.86,-6.95,-6.21,-0.03,0.05,0.03
-2.80,-6.90,-6.32,-0.01,0.04,0.04
-2.82,-7.09,-6.14,0.07,0.01,0.01
-2.81,-7.09,-6.09,0.06,-0.01,0.02
-2.85,-7.07,-6.10,0.01,-0.01,0.03
-2.80,-7.04,-6.19,-0.06,-0.00,0.04
-2.89,-6.98,-6.25,-0.03,-0.01,0.04
-2.91,-7.04,-6.21,0.04,-0.01,0.03
-2.89,-7.08,-6.12,0.07,0.01,0.01
-2.89,-7.02,-6.17,0.04,0.02,0.01
-2.84,-7.04,-6.17,0.03,0.02,0.02
-2.86,-7.04,-6.19,0.02,0.02,0.01
-2.86,-7.06,-6.15,0.03,0.01,0.00
-2.82,-7.07,-6.13,0.03,0.00,0.00
-2.79,-7.04,-6.17,0.02,-0.00,0.01
-2.80,-7.05,-6.16,0.02,-0.01,0.01
-2.81,-7.07,-6.15,0.02,-0.01,0.01
-2.83,-7.07,-6.16,0.02,-0.01,0.01
-2.83,-7.10,-6.16,0.02,-0.01,0.01
-2.83,-7.06,-6.19,0.01,-0.01,-0.00
-2.86,-7.07,-6.18,0.00,-0.01,0.00
-2.82,-7.06,-6.14,0.01,-0.01,0.01
-2.80,-7.04,-6.19,0.01,-0.01,0.00
-2.83,-7.05,-6.17,0.01,-0.01,-0.00
-2.81,-7.04,-6.15,0.01,-0.02,-0.00
-2.83,-7.03,-6.17,0.01,-0.02,0.00
-2.84,-7.00,-6.24,0.02,-0.01,0.01
-2.84,-7.03,-6.22,0.03,-0.01,0.02
-2.83,-7.06,-6.18,0.03,-0.01,0.02
-2.83,-7.10,-6.16,0.02,-0.01,0.01
-2.82,-7.08,-6.15,0.01,-0.01,0.01
-2.83,-7.02,-6.20,0.01,-0.01,0.01
-2.82,-7.01,-6.22,0.02,-0.01,0.01
-2.81,-7.03,-6.19,0.03,-0.00,0.01
-2.81,-7.08,-6.14,0.02,-0.01,0.01
-2.81,-7.07,-6.18,0.03,-0.01,0.01
-2.81,-7.07,-6.19,0.02,-0.01,0.00
-2.82,-7.07,-6.18,0.02,-0.01,0.00
-2.79,-7.05,-6.16,0.02,-0.01,0.01
-2.79,-7.09,-6.17,0.02,-0.01,0.01
-2.80,-7.06,-6.18,0.02,-0.01,0.01
-2.81,-7.06,-6.17,0.04,-0.01,0.00
-2.82,-7.06,-6.15,0.03,-0.02,0.01
-2.82,-7.07,-6.14,0.03,-0.02,0.02
-2.83,-7.06,-6.16,0.03,-0.02,0.02
-2.81,-7.06,-6.15,0.04,-0.02,0.01
-2.81,-7.08,-6.14,0.04,-0.02,0.01
-2.79,-7.12,-6.10,0.04,-0.02,0.01
-2.82,-7.08,-6.10,0.02,-0.02,0.01
-2.86,-7.09,-6.10,0.02,-0.02,0.02
-2.86,-7.09,-6.13,0.03,-0.02,0.02
-2.86,-7.10,-6.13,0.03,-0.01,0.01
-2.86,-7.12,-6.08,0.02,-0.02,0.01
-2.85,-7.10,-6.07,0.02,-0.02,0.02
-2.85,-7.12,-6.08,0.03,-0.01,0.01
-2.84,-7.09,-6.11,0.02,-0.01,0.01
-2.87,-7.11,-6.11,0.02,-0.00,0.01
-2.84,-7.12,-6.08,0.02,0.02,-0.00
-2.87,-7.10,-6.11,0.01,0.03,0.00
-2.85,-7.11,-6.11,0.00,0.07,-0.01
-2.81,-7.09,-6.13,0.01,0.03,-0.00
-2.78,-7.14,-6.12,0.01,0.06,-0.01
-2.72,-7.14,-6.14,-0.01,0.03,-0.01
-2.73,-7.11,-6.16,-0.00,-0.00,0.01
-2.71,-7.06,-6.19,0.00,-0.02,0.01
-2.70,-7.05,-6.25,0.02,-0.04,0.01
-2.80,-7.10,-6.16,0.04,-0.05,0.01
-2.78,-7.14,-6.13,0.00,0.00,-0.00
-2.77,-7.09,-6.16,-0.00,0.02,0.00
-2.71,-7.08,-6.21,-0.01,0.02,-0.00
-2.70,-7.07,-6.21,-0.01,0.03,-0.00
-2.68,-7.06,-6.22,0.01,-0.02,0.01
-2.72,-7.06,-6.21,0.03,-0.05,0.01
-2.72,-7.07,-6.18,0.03,-0.04,0.01
-2.74,-7.09,-6.17,0.03,-0.04,0.01
-2.73,-7.08,-6.17,0.03,-0.06,0.02
-2.77,-7.10,-6.15,0.03,-0.05,0.02
-2.80,-7.12,-6.17,0.01,-0.03,0.01
-2.78,-7.10,-6.13,-0.00,-0.01,0.00
-2.80,-7.07,-6.19,0.01,-0.02,0.01
-2.77,-7.06,-6.20,0.02,-0.02,0.01
-2.81,-7.07,-6.17,0.02,-0.03,0.01
-2.78,-7.06,-6.17,0.02,-0.03,0.02
-2.80,-7.09,-6.17,0.03,-0.03,0.02
-2.81,-7.08,-6.17,0.02,-0.02,0.01
-2.81,-7.07,-6.14,0.02,-0.02,0.01
-2.81,-7.08,-6.12,0.02,-0.02,0.01
-2.81,-7.08,-6.15,0.02,-0.01,0.01
-2.82,-7.07,-6.16,0.02,-0.01,0.01
-2.82,-7.08,-6.14,0.02,-0.01,0.01
-2.82,-7.08,-6.14,0.02,-0.01,0.01
-2.81,-7.10,-6.12,0.02,-0.01,0.01
-2.80,-7.07,-6.15,0.02,-0.01,0.01
-2.82,-7.08,-6.14,0.02,-0.01,0.01
-2.83,-7.09,-6.13,0.02,-0.01,0.01
-2.82,-7.08,-6.18,0.02,-0.01,0.01
-2.82,-7.08,-6.14,0.02,-0.01,0.00
-2.81,-7.09,-6.12,0.02,-0.01,0.01
-2.81,-7.10,-6.14,0.02,-0.01,0.01
-2.80,-7.08,-6.14,0.02,-0.01,0.01
-2.80,-7.08,-6.14,0.02,-0.01,0.00
-2.81,-7.11,-6.12,0.02,-0.01,0.01
-2.79,-7.09,-6.12,0.02,-0.02,0.01
-2.81,-7.09,-6.13,0.02,-0.02,0.01
-2.80,-7.10,-6.12,0.03,-0.02,0.02
-2.81,-7.09,-6.16,0.02,-0.02,0.01
-2.83,-7.12,-6.10,0.02,-0.02,0.02
-2.82,-7.09,-6.11,0.03,-0.02,0.02
-2.83,-7.09,-6.14,0.03,-0.02,0.02
-2.84,-7.09,-6.13,0.03,-0.02,0.01
-2.84,-7.11,-6.09,0.03,-0.02,0.01
-2.85,-7.12,-6.08,0.03,-0.02,0.02
-2.86,-7.11,-6.09,0.02,-0.02,0.01
-2.85,-7.09,-6.10,0.02,-0.02,0.01
-2.84,-7.10,-6.09,0.03,-0.01,0.01
-2.86,-7.13,-6.09,0.02,-0.01,0.01
-2.86,-7.10,-6.10,0.02,-0.01,0.01
-2.85,-7.11,-6.09,0.02,-0.01,0.01
-2.86,-7.12,-6.08,0.03,-0.02,0.01
-2.85,-7.13,-6.07,0.02,-0.01,0.01
-2.88,-7.12,-6.06,0.02,-0.01,0.01
-2.89,-7.15,-6.04,0.03,-0.02,0.00
-2.89,-7.08,-6.05,0.06,-0.03,-0.02
-2.90,-7.26,-5.87,0.13,-0.02,-0.10
-2.78,-7.39,-5.88,0.11,-0.05,-0.19
-2.56,-7.41,-6.06,0.06,-0.04,-0.25
-2.50,-7.43,-6.01,0.03,-0.04,-0.28
-2.31,-7.57,-5.71,-0.24,-0.07,-0.19
-2.14,-7.72,-5.94,-0.52,0.12,-0.26
-1.90,-7.86,-6.16,-0.59,0.11,-0.19
-1.89,-7.63,-7.02,-0.66,-0.09,-0.27
-1.41,-7.19,-7.38,-0.47,-0.23,-0.36
-0.88,-6.45,-7.48,-0.72,-0.43,-0.32
-0.44,-6.13,-7.66,-0.69,-0.50,-0.27
-0.02,-5.73,-7.54,-0.39,-0.58,-0.25
-0.68,-5.62,-7.78,-0.53,-0.64,-0.24
-1.59,-5.06,-7.08,-0.34,-0.65,-0.18
-2.43,-6.89,-7.31,-0.69,-1.12,0.02
-3.83,-6.29,-6.74,-0.88,-1.62,0.47
-5.49,-6.22,-6.94,-1.10,-1.75,0.42
-6.10,-3.57,-5.77,-0.57,-1.45,0.14
-6.73,-3.41,-7.33,-0.11,-1.38,0.11
-7.44,-3.61,-4.89,0.68,-1.26,0.58
-9.51,-6.75,-6.15,0.15,-1.57,0.90
-8.65,-4.23,-1.44,0.64,-1.46,0.52
-9.83,-3.55,-4.37,-0.62,-1.67,0.65
-10.27,-2.97,-5.60,-0.17,-1.81,0.67
-10.58,-3.69,-3.92,-0.20,-2.17,0.67
-10.56,-3.22,-3.23,-0.58,-2.23,0.58
-11.25,-2.17,-4.25,-1.31,-1.80,0.45
-10.25,-1.95,-2.58,0.09,-0.81,0.17
-8.83,-2.11,-1.14,0.85,0.06,-0.15
-8.44,-1.99,-1.00,0.95,0.58,-0.56
-8.02,-2.69,-0.65,1.02,1.00,-0.84
-7.22,-2.27,-0.38,1.07,1.52,-0.90
-6.80,-2.30,-0.55,1.35,1.58,-0.84
-6.68,-3.17,-0.90,1.39,1.39,-0.66
-6.92,-3.85,-1.13,1.24,0.97,-0.46
-7.20,-4.96,-1.50,0.88,0.60,-0.34
-7.04,-4.93,-1.75,0.53,0.35,-0.34
-6.83,-5.16,-2.17,0.51,0.15,-0.36
-6.60,-5.23,-2.15,0.58,0.06,-0.26
-6.75,-5.64,-2.04,0.51,0.04,-0.10
-6.87,-5.71,-1.95,0.41,0.02,0.02
-7.19,-6.17,-1.90,0.25,0.01,0.06
-7.51,-6.31,-1.94,0.11,-0.03,0.04
-7.58,-6.18,-1.91,-0.02,-0.01,-0.02
-7.35,-5.71,-1.84,0.00,-0.00,-0.05
-7.24,-5.66,-1.80,0.07,-0.05,-0.01
-7.35,-5.88,-1.83,0.00,-0.08,0.04
-7.33,-5.87,-1.90,-0.05,-0.06,0.05
-7.37,-5.81,-1.91,0.08,0.03,0.03
-7.29,-5.99,-1.85,0.26,0.10,0.04
-7.32,-6.14,-1.81,0.23,0.13,0.04
-7.29,-6.22,-1.87,0.18,0.11,0.03
-7.27,-6.26,-1.85,0.12,0.08,-0.01
-7.38,-6.00,-1.77,0.12,0.08,-0.03
-7.35,-6.04,-1.76,0.11,0.05,0.01
-7.36,-6.00,-1.81,0.03,0.00,0.03
-7.28,-5.92,-1.89,0.01,-0.01,0.04
-7.26,-5.91,-1.86,0.05,-0.02,0.05
-7.32,-6.08,-1.82,0.05,-0.01,0.06
-7.30,-6.04,-1.71,0.07,-0.02,0.03
-7.39,-5.98,-1.69,0.00,-0.07,0.02
-7.37,-5.91,-1.71,0.00,-0.09,0.03
-7.42,-5.90,-1.86,-0.02,-0.09,0.01
-7.51,-5.82,-1.80,0.06,-0.00,0.01
-7.55,-5.88,-1.60,0.16,0.07,0.01
-7.51,-5.95,-1.48,0.18,0.05,-0.00
-7.63,-5.97,-1.45,0.12,-0.00,-0.01
-7.50,-5.89,-1.56,0.06,-0.07,-0.01
-7.49,-5.86,-1.58,0.08,-0.08,0.00
-7.50,-5.93,-1.44,0.15,-0.02,0.01
-7.19,-6.02,-1.36,0.23,0.02,0.00
-7.16,-6.26,-1.55,0.15,0.01,0.02
-7.15,-6.28,-1.56,0.14,0.03,0.01
-7.19,-6.18,-1.41,0.18,0.05,-0.00
-7.21,-6.12,-1.28,0.19,0.03,0.01
-7.27,-6.15,-1.19,0.10,-0.03,0.05
-7.40,-6.28,-1.26,0.03,-0.11,0.07
-7.58,-6.26,-1.40,-0.11,-0.15,0.07
-7.52,-5.97,-1.39,-0.10,-0.12,0.05
-7.63,-5.87,-1.00,0.08,-0.01,0.07
-7.65,-5.94,-1.03,0.07,-0.02,0.07
-7.68,-5.92,-1.19,0.01,-0.03,0.05
-7.54,-5.82,-1.35,0.02,-0.03,0.03
-7.57,-5.98,-1.41,0.06,-0.02,0.05
-7.67,-6.03,-1.37,0.01,-0.02,0.04
-7.57,-5.72,-1.12,0.04,0.00,0.02
-7.55,-5.70,-1.05,0.07,0.02,0.03
-7.54,-5.80,-1.04,0.12,0.04,0.05
-7.62,-5.91,-1.11,0.10,0.04,0.04
-7.55,-5.80,-1.20,0.08,0.03,0.02
-7.67,-5.81,-1.31,0.05,0.03,0.01
-7.63,-5.79,-1.22,0.11,0.04,0.01
-7.61,-5.85,-1.14,0.09,0.05,0.01
-7.52,-5.84,-1.08,0.07,0.05,-0.01
-7.47,-5.81,-1.06,0.07,0.04,0.00
-7.57,-5.90,-1.14,0.06,0.06,-0.00
-7.59,-5.74,-1.08,0.10,0.08,-0.01
-7.66,-5.87,-1.10,0.11,0.07,-0.01
-7.60,-5.88,-1.13,0.10,0.07,-0.02
-7.51,-5.85,-1.25,0.10,0.05,-0.02
-7.53,-5.91,-1.36,0.13,0.06,-0.02
-7.52,-5.92,-1.22,0.21,0.09,0.00
-7.56,-6.07,-1.12,0.21,0.09,0.00
-7.46,-6.13,-1.10,0.13,0.07,0.00
-7.44,-6.04,-1.09,0.09,0.05,-0.01
-7.48,-6.08,-1.16,0.08,0.04,0.00
-7.48,-6.11,-1.19,0.03,0.01,-0.01
-7.47,-5.89,-1.21,-0.03,0.00,0.01
-7.50,-5.95,-1.18,-0.00,-0.01,0.03
-7.46,-6.05,-1.23,-0.01,-0.01,0.02
-7.48,-6.09,-1.22,-0.02,-0.01,0.01
-7.48,-6.00,-1.14,-0.05,0.02,-0.00
-7.42,-5.94,-1.18,0.02,0.01,-0.02
-7.44,-6.11,-1.27,-0.03,0.01,-0.01
-7.35,-6.13,-1.47,-0.06,-0.01,-0.01
-7.40,-5.91,-1.40,-0.08,0.00,0.01
-7.50,-5.97,-1.31,-0.09,-0.01,0.07
-7.61,-6.12,-1.33,-0.12,-0.01,0.10
-7.50,-5.83,-1.47,-0.15,-0.02,0.03
-7.41,-5.63,-1.39,-0.03,0.03,0.05
-7.48,-5.58,-1.28,0.04,0.05,0.07
-7.40,-5.68,-1.42,0.07,-0.00,0.08
-7.76,-5.73,-1.55,0.07,-0.07,0.07
-7.75,-6.04,-1.52,0.19,0.01,0.06
-7.57,-5.92,-1.62,0.08,0.04,0.04
-7.52,-5.81,-1.45,0.13,0.06,0.03
-7.53,-5.72,-1.29,0.11,0.08,0.05
-7.51,-5.81,-1.32,0.13,0.05,0.05
-7.58,-5.88,-1.56,0.05,0.03,0.04
-7.74,-5.68,-1.48,0.09,0.08,0.02
-7.67,-5.62,-1.34,0.15,0.06,0.03
-7.72,-5.69,-1.30,0.09,0.02,0.06
-7.69,-5.67,-1.31,0.08,-0.02,0.06
-7.57,-5.72,-1.33,0.07,-0.06,0.07
-7.55,-5.64,-1.30,0.05,-0.08,0.09
-7.59,-5.56,-1.23,0.09,-0.09,0.12
-7.65,-5.50,-1.12,0.13,-0.11,0.15
-7.64,-5.36,-1.08,0.14,-0.15,0.18
-7.67,-5.29,-1.10,0.13,-0.21,0.24
-7.72,-5.11,-0.94,0.10,-0.25,0.28
-7.59,-4.87,-0.75,0.08,-0.34,0.33
-7.55,-4.59,-0.46,0.00,-0.44,0.42
-7.61,-4.45,-0.27,-0.03,-0.56,0.49
-7.72,-4.14,0.07,-0.02,-0.65,0.58
-7.72,-4.10,0.26,-0.04,-0.73,0.60
-7.84,-4.31,0.29,-0.40,-0.75,0.56
-7.72,-3.84,0.49,-0.65,-0.64,0.38
-7.22,-3.28,0.50,-0.62,-0.70,0.23
-7.39,-2.96,0.52,-0.64,-0.58,0.20
-7.99,-3.39,0.56,-0.95,-0.60,0.23
-8.61,-3.48,0.63,-1.07,-0.19,0.19
-8.85,-3.35,0.24,-1.00,0.09,0.05
-9.26,-3.20,-0.25,-0.48,0.40,-0.21
-9.33,-3.44,-0.63,0.14,0.92,-0.22
-9.00,-3.67,-1.13,0.56,1.12,-0.32
-8.84,-4.67,-0.36,1.47,1.02,-0.52
-9.31,-5.75,-0.18,0.70,1.08,-0.56
-9.92,-5.76,-0.91,1.45,1.07,-0.98
-9.51,-6.70,0.06,1.22,1.14,-1.25
-9.18,-6.35,-0.54,0.71,1.19,-1.33
-9.03,-6.91,-0.62,0.37,0.95,-1.40
-8.68,-6.89,-1.02,0.11,0.84,-1.44
-8.29,-8.65,-1.46,0.19,0.74,-1.43
-7.81,-8.47,-2.40,-0.69,0.83,-1.17
-7.05,-8.21,-2.97,-0.52,0.99,-0.62
-5.62,-7.59,-2.78,-0.10,0.94,-0.14
-4.48,-9.19,-2.72,-0.00,0.84,0.07
-2.57,-8.13,-3.13,-0.39,0.66,-0.20
-2.26,-8.35,-3.70,-0.53,0.41,-0.53
-1.96,-7.97,-3.82,-0.44,0.27,-0.61
-2.43,-8.33,-3.98,-0.40,0.33,-0.48
-2.30,-8.71,-4.28,-0.43,0.36,-0.29
-1.89,-8.12,-4.78,-0.70,0.43,-0.34
-1.27,-7.45,-5.24,-0.78,0.31,-0.35
-1.14,-6.68,-5.67,-0.87,0.23,-0.25
-1.00,-6.23,-5.93,-0.67,0.14,-0.02
-1.25,-6.85,-6.48,-0.08,-0.00,0.24
-1.69,-7.61,-6.79,-0.31,-0.06,0.37
-2.39,-7.73,-6.98,-0.51,-0.12,0.24
-2.55,-6.78,-6.87,0.07,0.06,0.15
-2.60,-6.80,-6.83,0.05,0.08,0.03
-2.64,-6.57,-6.72,-0.01,0.01,0.00
-2.66,-6.57,-6.79,0.01,-0.03,-0.01
-2.65,-6.66,-6.74,0.04,-0.04,-0.01
-2.61,-6.70,-6.74,0.04,0.01,-0.01
-2.58,-6.64,-6.71,0.02,0.03,0.01
-2.56,-6.62,-6.72,0.05,0.04,0.04
-2.53,-6.71,-6.65,0.10,0.02,0.06
-2.51,-6.82,-6.58,0.07,-0.02,0.05
-2.53,-6.89,-6.62,0.04,-0.04,0.04
-2.56,-6.81,-6.57,0.05,-0.05,0.02
-2.62,-6.89,-6.63,0.09,-0.03,0.01
-2.47,-6.69,-6.61,-0.00,0.01,0.01
-2.54,-6.73,-6.64,0.02,-0.05,0.01
-2.66,-6.69,-6.72,-0.04,-0.02,0.02
-2.65,-6.59,-6.70,0.02,-0.02,0.03
-2.70,-6.71,-6.62,0.05,-0.01,0.04
-2.68,-6.76,-6.56,0.04,-0.01,0.03
-2.68,-6.75,-6.58,0.01,-0.00,0.03
-2.62,-6.70,-6.62,0.01,-0.00,0.02
-2.65,-6.71,-6.65,0.02,0.01,0.02
-2.63,-6.71,-6.62,0.03,0.01,0.02
-2.64,-6.76,-6.61,0.03,0.01,0.02
-2.65,-6.79,-6.58,0.03,-0.01,0.02
-2.62,-6.69,-6.61,0.03,-0.02,0.02
-2.64,-6.73,-6.63,0.05,-0.03,0.02
-2.59,-6.71,-6.61,0.06,-0.01,0.03
-2.63,-6.80,-6.54,0.07,-0.02,0.03
-2.68,-6.86,-6.50,0.06,-0.02,0.03
-2.78,-6.89,-6.46,0.07,-0.01,-0.01
-2.67,-6.83,-6.48,0.05,-0.01,-0.01
-2.64,-6.82,-6.52,0.05,-0.01,0.00
-2.68,-6.85,-6.51,0.04,-0.00,0.01
-2.71,-6.82,-6.50,0.01,-0.00,0.01
-2.70,-6.79,-6.52,0.01,-0.00,0.00
-2.66,-6.81,-6.49,0.02,-0.01,0.01
-2.64,-6.83,-6.50,0.01,-0.01,0.01
-2.64,-6.84,-6.51,0.02,-0.02,0.02
-2.68,-6.84,-6.49,0.02,-0.01,0.02
-2.67,-6.84,-6.50,0.02,-0.01,0.02
-2.67,-6.84,-6.50,0.01,-0.01,0.01
-2.65,-6.85,-6.49,0.02,-0.02,0.01
-2.65,-6.90,-6.48,0.03,-0.02,0.02
-2.67,-6.87,-6.49,0.01,-0.01,0.01
-2.67,-6.82,-6.50,0.01,-0.01,0.01
-2.66,-6.81,-6.51,0.02,-0.01,0.01
-2.67,-6.85,-6.49,0.03,-0.02,0.02
-2.69,-6.84,-6.48,0.01,-0.02,0.02
-2.68,-6.81,-6.53,0.01,-0.01,0.01
-2.68,-6.82,-6.52,0.02,-0.01,0.01
-2.71,-6.83,-6.48,0.03,-0.01,0.01
-2.68,-6.80,-6.51,0.02,-0.02,0.01
-2.68,-6.79,-6.52,0.02,-0.02,0.01
-2.69,-6.84,-6.47,0.05,-0.03,0.01
-2.69,-6.90,-6.44,0.04,-0.02,0.02
-2.69,-6.85,-6.48,0.02,-0.02,0.01
-2.70,-6.82,-6.50,0.03,-0.02,0.01
-2.70,-6.84,-6.46,0.04,-0.01,0.01
-2.70,-6.86,-6.43,0.04,-0.02,0.01
-2.72,-6.87,-6.42,0.03,-0.02,0.02
-2.71,-6.85,-6.44,0.03,-0.03,0.02
-2.71,-6.84,-6.45,0.03,-0.03,0.02
-2.75,-6.89,-6.42,0.05,-0.03,0.02
-2.75,-6.90,-6.39,0.05,-0.02,0.02
-2.76,-6.90,-6.41,0.02,-0.01,0.01
-2.78,-6.89,-6.39,0.02,-0.01,0.00
-2.74,-6.90,-6.40,0.02,-0.01,0.01
-2.75,-6.91,-6.39,0.02,-0.01,0.01
-2.77,-6.90,-6.41,0.01,-0.01,0.00
-2.75,-6.91,-6.40,0.01,-0.00,-0.00
-2.73,-6.87,-6.41,0.01,-0.00,-0.00
-2.76,-6.88,-6.41,0.01,-0.01,0.00
-2.73,-6.88,-6.41,0.01,-0.01,0.00
-2.70,-6.88,-6.41,0.01,-0.01,0.00
-2.69,-6.88,-6.43,0.01,-0.01,-0.00
-2.68,-6.89,-6.43,0.02,-0.00,-0.00
-2.73,-6.91,-6.42,0.02,-0.00,0.00
-2.76,-6.91,-6.40,0.01,-0.00,-0.00
-2.72,-6.91,-6.40,0.01,-0.00,0.00
-2.68,-6.90,-6.42,0.00,-0.00,-0.00
-2.65,-6.88,-6.44,0.00,-0.01,0.00
-2.66,-6.86,-6.44,0.01,-0.01,0.00
-2.69,-6.87,-6.44,0.01,-0.01,0.01
-2.70,-6.85,-6.45,0.01,-0.01,0.01
-2.70,-6.85,-6.45,0.02,-0.01,0.02
-2.69,-6.88,-6.42,0.02,-0.01,0.01
-2.68,-6.89,-6.43,0.01,-0.01,0.00
-2.67,-6.90,-6.42,0.02,-0.01,0.01
-2.70,-6.88,-6.42,0.02,-0.01,0.02
-2.73,-6.91,-6.42,0.01,0.02,0.02
-2.69,-6.86,-6.50,-0.01,-0.02,0.00
-2.63,-6.80,-6.51,0.00,-0.00,-0.00
-2.63,-6.90,-6.45,0.04,-0.01,0.00
-2.65,-6.90,-6.44,0.02,-0.02,0.00
-2.65,-6.85,-6.44,0.02,-0.02,0.00
-2.63,-6.90,-6.45,0.02,-0.02,0.01
-2.66,-6.90,-6.45,0.03,-0.02,0.01
-2.71,-6.91,-6.40,0.02,0.01,-0.00
-2.72,-6.91,-6.45,-0.00,0.01,-0.02
-2.68,-6.92,-6.47,0.01,0.01,-0.02
-2.51,-6.90,-6.44,-0.01,-0.01,-0.01
-2.60,-6.76,-6.59,-0.04,-0.00,-0.01
-2.60,-6.80,-6.57,0.02,-0.01,-0.01
-2.55,-6.91,-6.48,0.03,-0.01,-0.01
-2.54,-6.91,-6.48,0.01,-0.02,-0.01
-2.55,-6.85,-6.50,0.00,-0.02,-0.01
-2.57,-6.83,-6.49,0.01,-0.03,0.00
-2.54,-6.88,-6.51,0.02,-0.03,0.01
-2.56,-6.88,-6.51,0.02,-0.02,0.01
-2.60,-6.89,-6.56,-0.00,-0.00,-0.01
-2.59,-6.83,-6.54,0.00,0.00,-0.02
-2.56,-6.85,-6.50,0.01,-0.00,-0.02
-2.49,-6.86,-6.49,0.03,-0.03,-0.01
-2.46,-6.99,-6.40,0.06,-0.05,0.02
-2.49,-6.99,-6.48,0.05,-0.06,0.00
-2.58,-6.72,-6.54,0.00,-0.03,-0.01
-2.62,-6.90,-6.51,0.08,-0.05,-0.01
-2.58,-6.92,-6.42,0.05,-0.03,-0.01
-2.58,-7.04,-6.39,0.05,-0.04,-0.01
-2.55,-6.95,-6.43,0.01,-0.01,-0.01
-2.51,-6.90,-6.44,0.03,-0.02,0.00
-2.53,-6.94,-6.42,0.04,-0.02,0.02
-2.55,-6.96,-6.41,0.05,-0.02,0.02
-2.55,-6.95,-6.37,0.04,-0.06,0.02
-2.61,-6.97,-6.40,0.01,-0.06,0.01
-2.62,-6.92,-6.43,0.02,-0.03,0.01
-2.63,-6.97,-6.37,0.04,-0.02,0.02
-2.60,-7.05,-6.33,0.03,-0.01,0.01
-2.64,-7.00,-6.37,0.01,-0.02,0.00
-2.62,-6.94,-6.37,0.00,-0.01,-0.01
-2.57,-6.99,-6.36,0.02,-0.01,-0.01
-2.54,-7.00,-6.35,0.02,-0.02,0.01
-2.58,-6.99,-6.36,0.02,-0.02,0.01
-2.61,-6.96,-6.39,0.01,-0.02,0.01
-2.64,-6.98,-6.37,0.02,-0.01,0.01
-2.65,-6.98,-6.39,0.01,-0.01,-0.01
-2.63,-6.95,-6.36,0.00,-0.01,-0.01
-2.57,-6.96,-6.36,-0.00,-0.01,-0.00
-2.55,-6.97,-6.34,0.01,-0.02,0.01
-2.57,-7.00,-6.36,0.01,-0.03,0.02
-2.60,-6.97,-6.41,0.01,-0.02,0.03
-2.63,-6.95,-6.40,0.01,-0.01,0.02
-2.66,-6.94,-6.39,0.01,-0.02,0.02
-2.64,-6.94,-6.40,0.00,-0.01,0.02
-2.63,-6.95,-6.43,0.01,-0.01,0.01
-2.57,-6.94,-6.43,0.01,0.01,0.01
-2.55,-6.93,-6.44,0.01,-0.01,0.01
-2.62,-6.94,-6.38,0.02,-0.01,0.01
-2.67,-6.94,-6.39,0.01,-0.02,0.01
-2.64,-6.89,-6.43,0.01,-0.02,0.01
-2.61,-6.90,-6.45,0.01,-0.02,0.01
-2.59,-6.96,-6.42,0.02,-0.01,0.01
-2.61,-6.99,-6.36,0.02,-0.01,0.01
-2.63,-6.96,-6.39,0.00,-0.01,0.00
-2.63,-6.92,-6.44,0.00,-0.01,-0.00
-2.59,-6.90,-6.42,0.02,-0.01,0.00
-2.58,-6.95,-6.40,0.02,-0.02,0.01
-2.59,-6.94,-6.39,0.01,-0.01,0.01
-2.61,-6.91,-6.43,0.01,-0.01,0.01
-2.62,-6.90,-6.43,0.02,-0.01,0.01
-2.62,-6.93,-6.41,0.02,-0.02,0.01
-2.62,-6.92,-6.43,0.01,-0.01,0.01
-2.61,-6.93,-6.46,0.01,-0.01,0.01
-2.60,-6.89,-6.41,0.02,-0.00,0.00
-2.61,-6.93,-6.42,0.02,-0.02,0.01
-2.61,-6.93,-6.40,0.02,-0.01,0.01
-2.63,-6.93,-6.46,0.01,-0.01,0.01
-2.63,-6.89,-6.43,0.02,-0.01,0.00
-2.61,-6.96,-6.42,0.02,-0.02,0.01
-2.62,-6.95,-6.41,0.01,-0.02,0.01
-2.60,-6.90,-6.44,0.01,-0.01,0.00
-2.59,-6.91,-6.44,0.02,-0.01,0.00
-2.61,-6.92,-6.42,0.02,-0.02,0.01
-2.62,-6.92,-6.40,0.02,-0.02,0.01
-2.62,-6.91,-6.42,0.02,-0.01,0.01
-2.60,-6.89,-6.44,0.02,-0.01,0.01
-2.64,-6.96,-6.37,0.04,0.00,0.02
-2.58,-6.99,-6.38,0.00,-0.01,0.01
-2.61,-6.82,-6.50,0.01,-0.01,0.01
-2.62,-6.89,-6.43,0.04,-0.02,0.01
-2.63,-6.97,-6.38,0.03,-0.02,0.01
-2.61,-6.95,-6.39,0.02,-0.02,0.01
-2.60,-6.91,-6.44,0.02,-0.01,0.01
-2.61,-6.91,-6.42,0.02,-0.02,0.01
-2.63,-6.92,-6.41,0.03,-0.02,0.01
-2.64,-6.93,-6.38,0.03,-0.02,0.02
-2.63,-6.96,-6.41,0.02,-0.02,0.02
-2.62,-6.92,-6.39,0.02,-0.01,0.01
-2.63,-6.98,-6.38,0.03,-0.02,0.02
-2.61,-6.94,-6.40,0.03,-0.01,0.02
-2.65,-6.92,-6.42,0.02,-0.01,0.01
-2.65,-6.94,-6.38,0.03,-0.02,0.01
-2.64,-6.97,-6.36,0.02,-0.02,0.01
-2.66,-6.96,-6.37,0.02,-0.02,0.01
-2.66,-6.94,-6.40,0.02,-0.02,0.01
-2.67,-6.96,-6.35,0.02,-0.01,0.01
-2.66,-6.97,-6.35,0.02,-0.02,0.01
-2.66,-6.96,-6.36,0.02,-0.01,0.01
-2.65,-6.95,-6.39,0.01,-0.01,0.01
-2.66,-6.96,-6.36,0.01,-0.00,0.01
-2.66,-6.92,-6.40,0.01,-0.00,0.01
-2.66,-6.96,-6.36,0.01,-0.01,0.00
-2.63,-6.97,-6.37,0.01,-0.01,0.01
-2.64,-6.97,-6.37,0.01,-0.02,0.01
-2.65,-6.94,-6.39,0.01,-0.01,0.01
-2.64,-6.94,-6.39,0.01,-0.01,0.01
-2.66,-6.96,-6.36,0.02,-0.01,0.01
-2.67,-6.93,-6.37,0.01,-0.01,0.01
-2.66,-6.93,-6.40,0.01,-0.01,0.01
-2.65,-6.90,-6.40,0.01,-0.01,0.00
-2.64,-6.95,-6.40,0.02,-0.01,0.01
-2.64,-6.94,-6.39,0.02,-0.01,0.01
-2.67,-6.92,-6.40,0.02,-0.00,0.00
-2.66,-6.92,-6.40,0.01,-0.01,0.00
-2.61,-6.94,-6.40,0.02,-0.01,0.00
-2.63,-6.99,-6.37,0.02,-0.01,0.00
-2.61,-6.93,-6.39,0.01,-0.01,0.00
-2.62,-6.93,-6.40,0.02,-0.00,0.01
-2.61,-6.96,-6.37,0.02,-0.01,0.01
-2.60,-6.95,-6.38,0.01,-0.02,0.01
-2.61,-6.96,-6.42,0.02,-0.01,0.01
-2.63,-6.92,-6.39,0.02,-0.01,0.01
-2.65,-6.96,-6.37,0.02,-0.01,0.02
-2.61,-6.95,-6.36,0.02,-0.01,0.02
-2.64,-6.92,-6.41,0.01,-0.02,0.02
-2.66,-6.91,-6.42,0.01,-0.02,0.01
-2.66,-6.93,-6.41,0.02,-0.02,0.02
-2.64,-6.94,-6.40,0.02,-0.01,0.02
-2.63,-6.91,-6.41,0.01,-0.01,0.01
-2.64,-6.91,-6.41,0.02,-0.01,0.01
-2.67,-6.94,-6.38,0.02,-0.01,0.01
-2.66,-6.95,-6.38,0.02,-0.00,0.00
-2.62,-6.90,-6.42,0.02,-0.01,0.00
-2.64,-6.92,-6.42,0.02,-0.01,0.01
-2.65,-6.97,-6.37,0.02,-0.02,0.01
-2.64,-6.94,-6.37,0.02,-0.01,0.01
-2.64,-6.90,-6.42,0.04,-0.03,0.02
-2.67,-6.95,-6.39,0.01,-0.01,0.00
-2.64,-6.95,-6.41,0.01,-0.01,0.00
-2.64,-6.93,-6.40,0.01,-0.01,0.01
-2.65,-6.92,-6.42,0.01,-0.01,0.00
-2.63,-6.93,-6.40,0.02,-0.01,0.00
-2.64,-6.93,-6.38,0.02,-0.01,0.01
-2.66,-6.92,-6.40,0.02,-0.01,0.01
-2.65,-6.91,-6.42,0.02,-0.01,0.01
-2.65,-6.90,-6.40,0.02,-0.01,0.01
-2.64,-6.96,-6.39,0.02,-0.02,0.01
-2.62,-6.94,-6.38,0.02,-0.01,0.01
-2.64,-6.93,-6.41,0.02,-0.02,0.01
-2.64,-6.91,-6.41,0.02,-0.02,0.00
-2.64,-6.94,-6.39,0.03,-0.02,0.01
-2.65,-6.96,-6.38,0.03,-0.02,0.01
-2.66,-6.93,-6.41,0.02,-0.02,0.01
-2.66,-6.93,-6.39,0.03,-0.02,0.01
-2.65,-6.96,-6.37,0.02,-0.02,0.01
-2.67,-6.95,-6.38,0.02,-0.01,0.01
-2.65,-6.93,-6.41,0.03,-0.02,0.01
-2.64,-6.95,-6.36,0.03,-0.01,-0.00
-2.65,-7.00,-6.32,0.03,-0.01,0.00
-2.68,-6.94,-6.33,0.02,-0.02,0.01
-2.70,-6.93,-6.39,0.02,-0.02,0.00
-2.63,-6.95,-6.38,0.02,-0.01,-0.02
-2.65,-6.98,-6.37,0.02,-0.01,-0.01
-2.60,-6.96,-6.35,0.02,-0.01,-0.02
-2.60,-6.95,-6.35,-0.00,0.00,-0.02
-2.60,-6.97,-6.34,0.02,-0.00,-0.01
-2.60,-7.05,-6.33,0.03,-0.01,0.01
-2.73,-6.93,-6.38,-0.01,0.04,-0.00
-2.67,-6.92,-6.39,-0.05,0.02,0.01
-2.55,-6.82,-6.52,-0.07,0.03,-0.03
-2.45,-6.86,-6.44,-0.02,-0.01,-0.02
-2.52,-6.94,-6.44,0.01,-0.02,-0.02
-2.54,-6.94,-6.39,-0.01,-0.02,-0.01
-2.48,-6.93,-6.48,0.03,-0.01,-0.01
-2.48,-7.02,-6.44,0.05,-0.03,0.00
-2.61,-6.95,-6.42,-0.02,-0.01,-0.01
-2.81,-6.62,-6.58,-0.03,0.00,-0.01
-2.48,-6.80,-6.65,0.06,0.13,-0.10
-2.02,-7.00,-6.47,0.02,0.03,-0.05
-2.10,-7.06,-6.45,0.03,-0.05,-0.02
-2.40,-7.06,-6.60,0.07,-0.07,-0.05
-2.47,-6.93,-6.41,0.04,-0.09,-0.05
-2.50,-7.08,-6.47,0.05,0.00,-0.06
-2.37,-6.96,-6.40,0.08,0.04,-0.11
-2.20,-7.10,-6.38,0.06,0.03,-0.06
-2.16,-7.08,-6.36,0.05,-0.03,-0.05
-2.26,-7.13,-6.36,0.06,-0.08,-0.04
-2.31,-7.11,-6.47,0.00,0.04,-0.03
-2.16,-7.03,-6.37,-0.02,0.02,-0.01
-2.16,-7.11,-6.41,-0.00,-0.02,0.00
-2.24,-7.01,-6.45,0.03,-0.00,-0.00
-2.08,-7.10,-6.38,0.08,0.03,-0.03
-2.07,-7.21,-6.31,0.09,-0.04,-0.05
-2.23,-7.26,-6.37,0.04,-0.02,-0.01
-2.16,-7.12,-6.35,-0.02,0.05,0.01
-2.05,-7.15,-6.36,0.01,0.03,-0.02
-1.98,-7.18,-6.37,0.03,-0.06,-0.01
-2.22,-7.15,-6.37,0.05,-0.02,-0.02
-2.05,-7.18,-6.34,0.01,0.07,0.01
