-8.17,-3.16,-4.11,0.12,-0.00,0.05
-8.11,-3.07,-3.90,0.05,-0.08,0.19
-8.30,-3.21,-3.94,0.13,-0.02,0.09
-8.29,-3.30,-3.83,0.13,-0.02,0.05
-8.31,-3.18,-3.86,0.00,-0.03,-0.01
-8.32,-2.93,-3.82,0.08,-0.03,-0.04
-8.44,-2.77,-3.69,0.22,-0.01,-0.05
-8.30,-2.42,-3.56,0.27,-0.02,-0.02
-8.31,-2.27,-3.33,0.51,-0.05,0.03
-8.23,-2.61,-3.45,0.52,-0.18,0.29
-8.35,-2.76,-3.21,0.52,-0.26,0.36
-8.73,-3.29,-3.34,0.71,-0.21,0.37
-8.77,-3.32,-3.13,0.73,-0.16,0.33
-8.83,-3.57,-2.98,0.93,-0.08,0.18
-8.82,-3.91,-2.49,1.06,-0.01,0.05
-8.76,-4.26,-2.20,0.69,-0.00,-0.11
-8.62,-4.16,-2.21,0.21,-0.13,-0.09
-8.38,-3.94,-2.18,-0.09,-0.29,0.11
-8.25,-3.79,-2.24,-0.26,-0.38,0.31
-8.53,-3.70,-2.35,-0.48,-0.41,0.40
-8.86,-3.56,-2.51,-0.75,-0.39,0.43
-9.22,-3.23,-2.57,-0.89,-0.38,0.39
-9.15,-2.83,-2.62,-0.75,-0.41,0.30
-9.10,-2.17,-2.17,-0.47,-0.36,0.16
-9.31,-1.96,-1.87,-0.20,-0.12,0.08
-9.25,-1.80,-1.89,0.10,0.14,0.10
-9.27,-2.00,-1.87,0.38,0.18,0.05
-9.18,-2.27,-1.77,0.27,0.16,-0.01
-9.19,-2.12,-1.78,0.01,0.14,-0.01
-9.06,-2.00,-1.91,0.05,0.09,0.02
-9.16,-2.07,-1.81,0.18,0.08,0.05
-9.17,-2.26,-1.83,0.21,0.09,0.06
-9.19,-2.24,-1.91,0.20,0.01,0.05
-9.10,-2.29,-2.01,0.15,-0.07,0.07
-9.07,-2.18,-2.08,0.06,-0.09,0.07
-9.24,-2.16,-2.21,0.04,-0.09,0.09
-9.31,-2.12,-2.13,0.11,-0.07,0.08
-9.20,-2.14,-2.09,0.15,-0.04,0.04
-9.12,-2.09,-1.98,0.15,-0.01,0.04
-9.03,-2.13,-1.93,0.15,-0.01,0.05
-9.10,-2.24,-1.91,0.06,-0.03,0.07
-9.24,-2.15,-1.87,0.07,0.01,0.04
-9.29,-2.14,-1.86,0.19,0.02,-0.00
-9.24,-2.21,-1.87,0.10,-0.01,0.00
-9.12,-2.06,-1.91,0.01,0.00,0.01
-9.17,-2.04,-1.91,0.06,-0.00,0.03
-9.27,-2.09,-1.83,0.07,0.00,0.05
-9.28,-2.11,-1.87,0.07,0.01,0.04
-9.19,-2.03,-1.82,0.10,0.02,0.02
-9.17,-2.05,-1.86,0.10,-0.00,0.03
-9.24,-2.12,-1.92,0.01,-0.03,0.07
-9.36,-2.06,-1.97,-0.02,-0.00,0.04
-9.35,-2.00,-1.97,0.04,0.04,0.02
-9.22,-2.02,-1.84,0.00,0.02,0.06
-9.21,-2.10,-1.99,-0.14,-0.03,0.12
-9.13,-1.97,-1.99,-0.17,0.01,0.11
-9.17,-1.92,-1.97,0.05,0.07,0.02
-9.07,-1.95,-1.83,0.20,0.10,-0.06
-9.00,-1.90,-1.82,0.20,0.08,-0.10
-9.21,-1.88,-1.98,0.10,0.02,-0.08
-9.30,-1.78,-1.99,0.13,0.02,-0.03
-9.28,-1.94,-2.14,0.05,-0.05,0.04
-9.20,-1.96,-2.18,-0.06,-0.05,0.10
-9.11,-1.81,-2.05,0.07,0.01,0.06
-9.08,-1.96,-1.92,0.23,-0.01,0.05
-9.21,-2.14,-1.90,0.10,-0.06,0.08
-9.28,-2.04,-1.91,0.08,-0.07,0.03
-9.35,-2.06,-1.98,0.10,-0.10,-0.00
-9.29,-1.96,-1.98,0.01,-0.08,0.04
-9.21,-1.85,-2.02,0.06,-0.07,0.04
-9.16,-1.97,-2.04,0.07,-0.05,0.07
-9.22,-2.01,-1.96,0.07,-0.01,0.04
-9.25,-2.03,-1.83,0.14,0.01,-0.02
-9.22,-2.05,-1.71,0.09,-0.01,-0.03
-9.17,-2.19,-1.85,-0.07,-0.08,0.01
-9.25,-2.15,-1.86,-0.20,-0.08,0.02
-9.47,-2.02,-1.76,-0.03,-0.01,-0.03
-9.29,-1.98,-1.63,0.13,0.00,-0.08
-9.21,-1.95,-1.63,0.08,-0.01,-0.07
-9.35,-1.86,-1.74,0.01,-0.04,-0.03
-9.31,-1.79,-1.76,0.04,-0.04,0.04
-9.10,-1.93,-1.81,0.06,-0.04,0.06
-9.33,-1.90,-1.70,0.00,-0.02,0.06
-9.37,-1.88,-1.68,0.15,-0.00,0.07
-9.26,-2.17,-1.69,0.08,-0.07,0.11
-9.19,-2.11,-1.79,-0.12,-0.06,0.11
-9.34,-1.98,-1.94,0.01,-0.01,0.05
-9.53,-2.01,-1.80,0.21,0.10,-0.02
-9.46,-2.02,-1.58,0.31,0.14,-0.09
-9.24,-2.06,-1.53,0.10,0.01,-0.03
-9.06,-2.15,-1.85,-0.43,-0.13,0.14
-9.38,-1.94,-2.06,-0.62,-0.08,0.20
-9.38,-1.78,-2.07,-0.19,0.07,0.09
-9.03,-1.93,-1.80,0.17,0.18,-0.02
-9.05,-2.03,-1.68,0.17,0.17,-0.10
-9.21,-1.88,-1.82,0.09,0.12,-0.16
-9.38,-1.54,-1.78,0.21,0.18,-0.22
-9.15,-1.57,-1.92,0.35,0.10,-0.20
-9.16,-1.71,-1.88,0.11,-0.02,-0.03
-9.15,-1.75,-2.09,-0.15,-0.09,0.12
-9.21,-2.01,-2.08,0.19,0.00,0.13
-9.12,-2.00,-2.01,0.17,0.02,0.09
-9.20,-2.01,-1.92,0.21,0.01,0.05
-9.19,-2.11,-1.89,0.18,-0.01,0.05
-9.35,-2.11,-1.95,0.10,-0.04,0.03
-9.30,-2.01,-1.99,0.05,-0.05,0.04
-9.36,-2.04,-2.06,-0.04,-0.10,0.10
-9.31,-2.13,-2.21,-0.18,-0.10,0.14
-9.32,-1.99,-2.24,-0.24,-0.05,0.08
-9.38,-1.79,-2.27,-0.11,0.04,0.01
-9.18,-1.66,-2.08,0.11,0.11,-0.05
-8.81,-1.75,-2.04,0.05,0.08,-0.07
-9.23,-1.59,-2.01,-0.07,0.10,-0.04
-9.06,-1.48,-1.95,0.15,0.12,-0.06
-9.40,-1.71,-1.82,0.23,0.07,-0.06
-9.19,-1.82,-1.89,0.04,-0.01,-0.03
-9.18,-1.67,-1.97,-0.14,-0.08,0.00
-9.13,-1.65,-2.06,-0.10,-0.09,0.06
-9.21,-1.79,-2.06,-0.08,-0.10,0.11
-9.29,-1.91,-2.11,-0.05,-0.08,0.11
-9.34,-1.91,-2.09,-0.06,-0.06,0.05
-9.25,-1.79,-2.09,-0.02,-0.03,-0.00
-9.26,-1.70,-1.93,0.05,-0.01,-0.00
-9.25,-1.77,-1.90,0.06,-0.06,0.03
-9.21,-1.83,-1.94,-0.04,-0.11,0.05
-9.23,-1.80,-2.08,-0.11,-0.09,0.02
-9.39,-1.73,-2.26,-0.03,-0.04,-0.04
-9.60,-1.54,-1.96,0.13,0.08,-0.15
-9.31,-1.40,-1.78,0.20,0.11,-0.18
-9.02,-1.57,-1.77,0.08,-0.06,-0.01
-9.11,-1.79,-1.90,-0.26,-0.18,0.17
-9.39,-1.81,-2.15,-0.35,-0.17,0.19
-9.64,-1.64,-2.15,-0.13,-0.04,0.05
-9.41,-1.56,-1.91,0.28,0.10,-0.09
-9.43,-1.80,-1.96,0.25,0.06,-0.10
-9.32,-1.63,-1.91,0.03,0.05,-0.02
-9.00,-1.46,-1.88,0.07,0.02,-0.00
-8.92,-1.73,-1.78,0.12,-0.02,0.09
-8.98,-1.94,-1.75,0.01,-0.07,0.16
-9.38,-2.14,-2.03,-0.05,-0.13,0.13
-9.69,-1.95,-1.90,-0.00,-0.03,0.01
-9.76,-1.74,-2.01,0.22,0.07,-0.14
-9.28,-1.66,-1.87,0.33,0.06,-0.17
-9.13,-1.70,-1.86,0.09,0.02,-0.03
-9.15,-1.61,-1.83,-0.00,0.00,0.10
-9.13,-1.70,-1.81,0.15,-0.02,0.13
-9.08,-1.88,-1.73,0.14,-0.01,0.12
-9.17,-1.89,-1.77,0.10,-0.04,0.09
-9.35,-1.94,-1.82,0.06,-0.09,0.04
-9.45,-1.85,-1.87,-0.09,-0.09,-0.00
-9.64,-1.63,-1.86,-0.12,-0.07,-0.06
-9.09,-1.45,-1.80,0.03,-0.05,-0.08
-9.07,-1.63,-1.78,0.01,-0.09,0.02
-9.04,-1.76,-1.74,-0.17,-0.07,0.12
-9.38,-1.77,-1.80,-0.07,-0.05,0.09
-9.44,-1.88,-1.74,0.07,0.01,0.01
-9.38,-1.85,-1.72,0.04,0.02,-0.05
-9.26,-1.75,-1.71,-0.01,-0.00,-0.05
-9.28,-1.70,-1.67,-0.04,-0.00,-0.03
-9.34,-1.64,-1.65,-0.01,0.00,-0.03
-9.27,-1.73,-1.73,0.03,-0.01,-0.03
-9.38,-1.67,-1.60,-0.01,0.04,-0.00
-9.32,-1.67,-1.55,0.14,0.04,-0.01
-9.25,-1.87,-1.53,0.19,0.00,-0.01
-9.36,-1.83,-1.62,0.04,-0.03,-0.02
-9.36,-1.70,-1.77,0.04,-0.05,-0.03
-9.51,-1.75,-1.95,-0.05,-0.07,0.00
-9.52,-1.63,-1.99,-0.07,-0.01,0.04
-9.39,-1.65,-1.94,0.09,0.03,0.03
-9.29,-1.79,-1.75,0.12,0.05,0.05
-9.21,-1.83,-1.66,0.07,0.04,0.06
-9.18,-1.89,-1.63,0.05,0.01,0.06
-9.26,-1.83,-1.63,0.03,0.01,0.04
-9.18,-1.84,-1.65,0.08,0.00,0.03
-9.29,-1.87,-1.67,0.07,-0.01,-0.00
-9.25,-1.81,-1.74,0.05,-0.01,-0.03
-9.31,-1.72,-1.72,0.09,-0.01,-0.03
-9.26,-1.78,-1.77,0.05,-0.03,-0.01
-9.24,-1.78,-1.75,0.05,-0.03,0.01
-9.36,-1.85,-1.74,0.02,-0.04,0.01
-9.44,-1.85,-1.75,0.04,-0.02,0.01
-9.36,-1.87,-1.75,0.03,-0.04,0.00
-9.29,-1.82,-1.82,-0.03,-0.03,0.01
-9.29,-1.74,-1.78,-0.02,-0.01,0.02
-9.33,-1.84,-1.76,0.01,-0.00,0.03
-9.34,-1.84,-1.71,-0.00,0.01,0.01
-9.29,-1.80,-1.66,0.04,0.02,-0.00
-9.29,-1.83,-1.63,0.05,0.00,0.01
-9.28,-1.86,-1.65,-0.00,-0.02,0.02
-9.28,-1.80,-1.69,-0.02,-0.03,0.01
-9.29,-1.78,-1.71,0.02,-0.02,0.01
-9.28,-1.81,-1.68,0.04,-0.02,0.02
-9.30,-1.85,-1.69,0.02,-0.03,0.01
-9.25,-1.82,-1.73,0.00,-0.03,0.00
-9.30,-1.82,-1.73,-0.01,-0.04,0.01
-9.35,-1.85,-1.76,0.01,-0.03,0.01
-9.33,-1.87,-1.75,0.03,-0.02,-0.01
-9.30,-1.81,-1.74,0.01,-0.02,-0.01
-9.32,-1.81,-1.76,0.01,-0.01,-0.00
-9.34,-1.84,-1.71,0.01,-0.02,0.01
-9.37,-1.79,-1.81,-0.03,-0.02,0.00
-9.33,-1.78,-1.83,-0.02,-0.01,0.01
-9.31,-1.77,-1.84,-0.03,0.01,0.02
-9.31,-1.76,-1.76,-0.02,0.03,0.03
-9.28,-1.81,-1.70,0.02,0.04,0.02
-9.30,-1.87,-1.63,0.01,0.04,0.02
-9.21,-1.82,-1.65,-0.00,0.02,0.00
-9.30,-1.77,-1.68,0.02,0.01,-0.00
-9.32,-1.75,-1.75,0.03,0.01,0.02
-9.21,-1.78,-1.83,0.06,0.02,0.02
-9.21,-1.83,-1.79,0.05,0.02,0.02
-9.29,-1.85,-1.77,0.04,0.00,0.01
-9.33,-1.87,-1.78,0.03,-0.01,-0.02
-9.25,-1.78,-1.84,0.00,-0.01,-0.03
-9.28,-1.72,-1.84,0.00,-0.01,0.00
-9.30,-1.72,-1.86,0.01,-0.00,0.03
-9.35,-1.83,-1.87,0.04,-0.02,0.02
-9.27,-1.81,-1.85,0.01,-0.01,0.01
-9.26,-1.78,-1.79,0.04,-0.00,0.01
-9.23,-1.86,-1.76,0.02,-0.02,0.01
-9.28,-1.84,-1.74,0.01,-0.01,0.00
-9.27,-1.79,-1.70,0.03,-0.02,-0.00
-9.27,-1.79,-1.71,0.04,-0.03,0.01
-9.27,-1.84,-1.76,-0.01,-0.05,0.02
-9.31,-1.78,-1.80,-0.02,-0.05,0.01
-9.32,-1.77,-1.82,0.00,-0.04,0.01
-9.32,-1.78,-1.82,0.02,-0.03,0.02
-9.32,-1.81,-1.80,0.03,-0.02,0.02
-9.35,-1.80,-1.81,0.01,-0.02,0.02
-9.33,-1.78,-1.78,0.03,-0.01,0.02
-9.33,-1.84,-1.79,0.01,-0.01,0.02
-9.27,-1.82,-1.78,0.00,0.00,0.01
-9.28,-1.79,-1.72,0.03,0.01,0.00
-9.27,-1.80,-1.68,0.03,-0.00,0.00
-9.30,-1.80,-1.71,0.01,-0.01,0.00
-9.25,-1.74,-1.74,0.02,-0.02,-0.01
-9.28,-1.74,-1.75,0.03,-0.02,0.01
-9.30,-1.78,-1.76,0.01,-0.03,0.02
-9.31,-1.81,-1.77,0.03,-0.02,0.01
-9.29,-1.81,-1.73,0.04,-0.01,0.01
-9.29,-1.79,-1.71,0.05,-0.01,0.00
-9.29,-1.84,-1.74,0.04,-0.02,0.01
-9.29,-1.80,-1.74,0.02,-0.02,0.01
-9.26,-1.82,-1.75,0.05,-0.01,0.00
-9.35,-1.80,-1.73,0.05,-0.01,-0.00
-9.33,-1.76,-1.79,0.14,0.01,-0.00
-9.30,-1.89,-1.79,0.12,0.01,0.00
-9.31,-1.86,-1.78,0.02,0.00,0.01
-9.28,-1.83,-1.73,0.03,0.00,0.02
-9.29,-1.91,-1.68,0.02,-0.01,0.02
-9.30,-1.92,-1.68,0.00,-0.01,0.00
-9.30,-1.86,-1.69,0.01,-0.02,-0.01
-9.26,-1.76,-1.78,0.01,-0.03,-0.00
-9.32,-1.64,-1.93,0.12,0.00,0.02
-9.31,-1.92,-1.99,0.18,0.04,0.05
-9.36,-2.03,-1.88,0.06,0.04,0.02
-9.27,-1.93,-1.77,0.01,0.05,0.00
-9.19,-1.92,-1.65,0.01,0.04,-0.00
-9.17,-1.91,-1.62,-0.01,0.01,-0.00
-9.23,-1.90,-1.63,0.01,-0.02,-0.00
-9.24,-1.92,-1.72,0.03,-0.03,0.00
-9.29,-1.92,-1.79,0.04,-0.04,-0.00
-9.31,-1.93,-1.87,0.04,-0.04,0.00
-9.35,-1.96,-1.94,0.03,-0.03,-0.01
-9.33,-1.95,-1.97,-0.02,-0.02,-0.01
-9.30,-1.85,-1.93,-0.05,-0.00,-0.01
-9.26,-1.82,-1.90,-0.01,0.01,0.00
-9.29,-1.83,-1.80,0.03,0.03,0.01
-9.22,-1.88,-1.72,0.05,0.02,0.02
-9.26,-1.94,-1.67,0.02,-0.01,0.02
-9.22,-1.92,-1.71,0.00,-0.02,0.01
-9.22,-1.90,-1.74,0.02,-0.04,0.01
-9.25,-1.92,-1.77,0.01,-0.04,0.01
-9.32,-1.90,-1.81,0.02,-0.04,0.00
-9.27,-1.88,-1.87,0.02,-0.03,-0.01
-9.31,-1.81,-1.85,0.02,-0.02,0.00
-9.31,-1.89,-1.87,0.02,-0.02,0.02
-9.31,-1.91,-1.84,-0.02,-0.01,0.03
-9.25,-1.90,-1.82,0.02,0.01,0.01
-9.24,-1.87,-1.68,0.04,0.01,0.01
-9.31,-1.95,-1.65,0.03,-0.01,0.02
-9.35,-1.99,-1.72,0.00,-0.04,0.01
-9.42,-1.98,-1.87,-0.05,-0.06,-0.02
-9.28,-1.73,-1.93,-0.08,-0.02,-0.03
-9.27,-1.68,-1.94,-0.00,0.01,0.00
-9.32,-1.71,-1.86,0.03,0.03,0.04
-9.28,-1.80,-1.83,0.04,0.03,0.06
-9.26,-1.86,-1.75,0.04,0.03,0.08
-9.25,-1.92,-1.74,0.04,0.00,0.08
-9.21,-1.98,-1.75,0.04,0.00,0.06
-9.32,-1.93,-1.69,0.06,0.01,0.02
-9.20,-1.90,-1.69,0.10,-0.01,-0.01
-9.17,-1.88,-1.70,0.05,-0.03,-0.03
-9.22,-1.75,-1.79,-0.03,-0.05,-0.02
-9.28,-1.71,-1.87,0.02,-0.04,0.00
-9.32,-1.81,-1.91,0.00,-0.04,0.01
-9.36,-1.83,-1.97,-0.02,-0.02,0.01
-9.30,-1.83,-1.92,0.02,0.02,0.00
-9.25,-1.84,-1.79,0.05,0.03,-0.01
-9.27,-1.86,-1.70,0.03,0.01,-0.00
-9.34,-1.77,-1.75,-0.03,-0.03,-0.02
-9.23,-1.78,-1.79,0.00,-0.04,-0.01
-9.27,-1.81,-1.85,-0.04,-0.05,0.02
-9.34,-1.80,-1.89,-0.04,-0.04,0.04
-9.32,-1.86,-1.87,0.02,-0.03,0.04
-9.30,-1.89,-1.79,0.01,-0.01,0.01
-9.28,-1.81,-1.75,0.01,-0.00,0.01
-9.25,-1.78,-1.69,0.04,-0.00,0.01
-9.28,-1.88,-1.72,0.01,-0.03,0.03
-9.27,-1.83,-1.76,-0.01,-0.03,0.01
-9.28,-1.84,-1.79,0.01,-0.01,0.00
-9.31,-1.81,-1.77,0.03,-0.02,0.00
-9.32,-1.85,-1.75,0.03,-0.02,-0.01
-9.31,-1.77,-1.77,-0.01,-0.02,-0.01
-9.28,-1.74,-1.80,0.02,-0.01,-0.00
-9.31,-1.75,-1.78,0.02,-0.02,0.02
-9.31,-1.84,-1.78,0.03,-0.01,0.03
-9.31,-1.84,-1.77,0.02,-0.02,0.02
-9.27,-1.83,-1.74,0.03,-0.02,0.02
-9.30,-1.90,-1.78,0.01,-0.03,0.02
-9.34,-1.87,-1.79,-0.03,-0.03,0.02
-9.24,-1.86,-1.80,0.01,-0.02,0.00
-9.29,-1.86,-1.81,-0.02,-0.02,-0.00
-9.34,-1.76,-1.77,-0.01,-0.01,-0.00
-9.25,-1.76,-1.73,0.02,-0.01,0.00
-9.22,-1.77,-1.66,0.00,-0.01,0.02
-9.29,-1.79,-1.63,0.00,-0.02,0.04
-9.29,-1.87,-1.66,0.03,-0.04,0.02
-9.33,-1.84,-1.65,0.04,-0.03,0.00
-9.30,-1.83,-1.72,0.04,-0.05,-0.01
-9.34,-1.80,-1.81,0.01,-0.04,0.00
-9.33,-1.78,-1.86,-0.00,-0.04,0.01
-9.29,-1.79,-1.83,0.01,-0.02,0.02
-9.33,-1.80,-1.73,0.04,0.00,0.01
-9.33,-1.86,-1.66,0.03,-0.00,0.01
-9.29,-1.82,-1.61,0.04,-0.00,-0.00
-9.27,-1.82,-1.61,0.02,-0.02,-0.00
-9.33,-1.79,-1.64,0.01,-0.02,0.01
-9.32,-1.82,-1.66,0.03,-0.02,-0.00
-9.34,-1.81,-1.68,0.01,-0.02,-0.01
-9.34,-1.74,-1.66,0.02,-0.02,-0.00
-9.32,-1.80,-1.71,0.02,-0.02,0.02
-9.30,-1.80,-1.70,0.00,-0.01,0.02
-9.33,-1.83,-1.68,0.04,-0.01,0.01
-9.31,-1.83,-1.64,0.04,-0.00,0.01
-9.30,-1.85,-1.62,0.04,-0.01,0.00
-9.33,-1.83,-1.64,0.02,-0.01,-0.01
-9.28,-1.80,-1.68,0.03,-0.01,-0.01
-9.34,-1.82,-1.65,0.02,-0.01,0.01
-9.35,-1.90,-1.68,0.01,-0.02,0.02
-9.32,-1.91,-1.69,0.00,-0.00,0.01
-9.33,-1.85,-1.65,0.02,0.01,-0.02
-9.29,-1.85,-1.62,0.04,0.01,-0.02
-9.25,-1.89,-1.60,0.00,-0.01,-0.01
-9.24,-1.81,-1.57,-0.03,-0.01,-0.02
-9.29,-1.81,-1.58,0.00,-0.02,0.00
-9.34,-1.90,-1.58,0.00,-0.04,0.01
-9.34,-1.88,-1.64,-0.01,-0.04,-0.01
-9.33,-1.82,-1.70,-0.02,-0.05,-0.01
-9.39,-1.86,-1.79,-0.03,-0.05,0.02
-9.34,-1.85,-1.82,-0.02,-0.01,0.01
-9.33,-1.87,-1.78,-0.01,0.01,0.02
-9.35,-1.89,-1.70,0.00,0.02,0.03
-9.31,-1.98,-1.67,0.00,0.02,0.02
-9.28,-1.96,-1.62,-0.02,0.02,0.00
-9.27,-1.89,-1.61,0.00,0.02,-0.02
-9.29,-1.87,-1.60,0.01,0.01,-0.02
-9.29,-1.82,-1.65,0.00,-0.01,-0.01
-9.28,-1.79,-1.70,-0.01,-0.02,-0.00
-9.30,-1.79,-1.76,-0.01,-0.02,0.02
-9.31,-1.85,-1.79,0.01,-0.01,0.03
-9.32,-1.87,-1.78,0.02,0.00,0.02
-9.29,-1.87,-1.76,0.02,0.00,0.03
-9.26,-1.86,-1.73,0.03,0.01,0.02
-9.28,-1.93,-1.75,0.02,-0.00,0.02
-9.23,-1.90,-1.75,-0.00,-0.00,0.02
-9.23,-1.91,-1.72,0.03,0.00,0.00
-9.28,-1.89,-1.68,0.02,-0.01,-0.00
-9.28,-1.86,-1.73,0.02,-0.02,-0.00
-9.26,-1.82,-1.76,0.01,-0.02,-0.00
-9.28,-1.80,-1.80,0.00,-0.03,0.02
-9.31,-1.83,-1.79,0.02,-0.02,0.03
-9.30,-1.89,-1.79,0.03,-0.02,0.02
-9.29,-1.87,-1.75,0.01,-0.02,0.02
-9.26,-1.87,-1.74,0.03,-0.02,0.02
-9.31,-1.91,-1.78,0.00,-0.03,0.02
-9.26,-1.86,-1.78,-0.00,-0.02,0.01
-9.29,-1.88,-1.76,0.02,-0.01,0.00
-9.32,-1.85,-1.72,0.01,-0.01,0.01
-9.31,-1.85,-1.72,0.01,-0.02,-0.00
-9.27,-1.81,-1.75,-0.00,-0.02,-0.00
-9.30,-1.76,-1.75,0.01,-0.01,0.01
-9.32,-1.82,-1.74,0.02,-0.01,0.02
-9.31,-1.84,-1.71,0.02,-0.00,0.01
-9.29,-1.84,-1.69,0.02,-0.01,0.01
-9.28,-1.83,-1.72,0.02,-0.00,0.00
-9.29,-1.86,-1.73,0.03,-0.00,0.01
-9.30,-1.84,-1.74,0.01,-0.01,0.01
-9.25,-1.85,-1.72,0.04,-0.00,0.01
-9.31,-1.85,-1.70,0.01,-0.01,0.01
-9.28,-1.84,-1.77,0.00,-0.02,0.02
-9.31,-1.85,-1.78,0.02,-0.02,0.02
-9.27,-1.89,-1.75,0.03,-0.01,0.02
-9.29,-1.90,-1.72,0.02,-0.01,0.01
-9.24,-1.84,-1.70,0.03,-0.00,0.00
-9.26,-1.84,-1.64,0.05,-0.00,-0.00
-9.28,-1.86,-1.64,0.04,-0.02,0.01
-9.26,-1.86,-1.66,0.04,-0.02,-0.00
-9.28,-1.84,-1.70,0.05,-0.02,-0.02
-9.35,-1.83,-1.72,0.06,-0.02,-0.01
-9.33,-1.85,-1.75,0.06,-0.02,-0.00
-9.32,-1.83,-1.80,0.04,-0.02,-0.00
-9.35,-1.86,-1.80,0.06,-0.01,0.02
-9.32,-1.95,-1.82,0.04,-0.01,0.04
-9.35,-2.00,-1.83,0.02,0.01,0.02
-9.30,-1.93,-1.77,0.04,0.03,-0.00
-9.23,-1.92,-1.69,0.07,0.03,-0.01
-9.27,-1.92,-1.60,0.05,0.01,0.00
-9.27,-1.93,-1.70,-0.02,-0.03,0.02
-9.25,-1.89,-1.77,-0.04,-0.03,0.03
-9.27,-1.89,-1.77,0.01,-0.02,0.02
-9.28,-1.86,-1.69,0.04,-0.02,0.02
-9.27,-1.93,-1.67,0.02,-0.03,0.03
-9.31,-1.89,-1.73,-0.01,-0.04,0.03
-9.27,-1.87,-1.81,-0.01,-0.03,0.03
-9.30,-1.89,-1.79,0.02,-0.02,0.03
-9.29,-1.95,-1.74,0.02,0.00,0.01
-9.28,-1.91,-1.69,0.01,-0.00,-0.00
-9.28,-1.87,-1.66,0.01,-0.01,-0.01
-9.29,-1.85,-1.71,0.01,-0.02,-0.01
-9.28,-1.83,-1.72,-0.00,-0.03,-0.00
-9.29,-1.81,-1.74,-0.00,-0.02,0.00
-9.28,-1.82,-1.73,0.02,-0.02,0.01
-9.32,-1.86,-1.72,0.01,-0.02,0.02
-9.31,-1.85,-1.68,0.01,-0.01,0.01
-9.28,-1.86,-1.66,0.01,-0.01,0.01
-9.30,-1.81,-1.63,0.00,-0.01,0.01
-9.32,-1.83,-1.63,0.03,-0.02,0.00
-9.33,-1.83,-1.66,0.01,-0.02,0.00
-9.28,-1.78,-1.70,0.02,-0.02,-0.00
-9.33,-1.81,-1.72,0.03,-0.01,0.01
-9.36,-1.79,-1.78,0.03,-0.00,0.02
-9.28,-1.81,-1.74,0.06,0.02,0.02
-9.23,-1.81,-1.64,0.08,0.01,0.03
-9.22,-1.87,-1.60,0.06,-0.01,0.06
-9.25,-2.02,-1.64,0.04,-0.04,0.05
-9.31,-2.11,-1.76,-0.04,-0.04,0.02
-9.40,-2.04,-1.82,-0.05,0.00,-0.02
-9.47,-1.93,-1.84,-0.00,0.02,-0.08
-9.30,-1.69,-1.77,0.02,0.04,-0.07
-9.11,-1.74,-1.71,0.05,0.02,0.01
-9.23,-1.92,-1.75,-0.06,-0.03,0.05
-9.49,-2.01,-1.83,-0.09,-0.00,0.04
-9.35,-1.87,-1.74,-0.03,0.04,-0.02
-9.18,-1.76,-1.65,0.02,0.03,-0.03
-9.14,-1.75,-1.59,0.03,0.00,0.02
-9.25,-1.95,-1.70,-0.02,-0.05,0.05
-9.28,-2.01,-1.83,-0.09,-0.03,0.02
-9.23,-2.05,-1.89,-0.06,-0.00,-0.04
-9.32,-2.02,-1.89,-0.08,0.04,-0.08
-9.23,-1.87,-1.79,0.01,0.08,-0.12
-9.25,-1.84,-1.84,-0.04,0.04,-0.10
-9.23,-1.79,-1.89,-0.04,0.04,-0.03
-9.20,-2.02,-2.04,-0.06,-0.00,0.00
-9.29,-2.00,-2.13,-0.18,0.04,0.02
-9.36,-1.89,-2.13,-0.03,0.08,-0.01
-9.25,-1.96,-2.03,0.04,0.08,-0.02
-9.19,-2.06,-2.06,-0.02,0.05,0.00
-9.17,-2.08,-2.13,-0.17,0.01,0.05
-9.21,-2.03,-2.25,-0.19,0.03,0.07
-9.03,-1.93,-2.20,-0.15,0.05,0.06
-8.91,-1.82,-2.06,-0.02,0.06,0.03
-9.05,-1.94,-2.18,0.01,-0.01,0.03
-9.30,-1.95,-2.33,-0.16,-0.06,0.05
-9.40,-1.75,-2.41,-0.15,-0.05,0.03
-9.17,-1.74,-2.44,-0.09,-0.07,0.02
-9.14,-1.73,-2.43,-0.18,-0.06,0.04
-9.23,-1.68,-2.42,-0.20,-0.05,0.06
-9.31,-1.66,-2.27,-0.09,-0.01,0.05
-9.37,-1.75,-2.23,0.00,-0.01,0.01
-9.13,-1.67,-2.20,0.00,-0.00,-0.02
-9.18,-1.61,-2.25,-0.01,-0.01,-0.04
-9.06,-1.52,-2.20,0.01,0.00,-0.03
-9.23,-1.76,-2.29,0.03,0.06,-0.04
-9.06,-1.83,-2.49,0.03,0.04,-0.04
-9.02,-1.81,-2.36,0.05,-0.02,-0.08
-9.03,-1.70,-2.34,0.05,-0.03,-0.08
-9.25,-1.81,-2.39,0.05,-0.08,-0.03
-9.36,-1.73,-2.29,0.06,-0.08,-0.05
-9.25,-1.68,-2.23,0.12,-0.04,-0.10
-9.11,-1.68,-2.15,0.08,-0.04,-0.05
-9.11,-1.79,-2.10,-0.01,-0.08,0.03
-9.27,-1.91,-2.07,-0.05,-0.09,0.06
-9.35,-1.98,-2.07,-0.04,-0.07,0.05
-9.27,-1.93,-2.08,0.01,-0.06,0.04
-9.29,-1.95,-2.07,0.05,-0.03,0.04
-9.28,-1.98,-2.01,0.08,-0.05,0.02
-9.29,-1.95,-2.12,-0.01,-0.02,0.02
-9.21,-1.85,-2.10,0.03,-0.01,0.01
-9.19,-1.88,-2.06,0.04,-0.01,0.02
-9.19,-1.90,-1.91,0.05,-0.02,-0.00
-9.26,-1.94,-1.97,0.02,-0.04,-0.00
-9.21,-1.87,-1.99,-0.01,-0.06,-0.00
-9.25,-1.88,-2.00,0.00,-0.05,0.00
-9.19,-1.89,-1.98,0.00,-0.04,0.02
-9.27,-1.93,-1.98,0.02,-0.02,0.03
-9.29,-1.97,-1.88,0.06,-0.02,0.01
-9.40,-1.97,-1.97,0.04,-0.01,-0.01
-9.30,-1.86,-2.00,0.06,0.01,-0.03
-9.26,-1.84,-2.02,0.10,0.01,-0.05
-9.11,-1.75,-2.03,0.06,0.01,0.02
-9.09,-1.77,-1.96,0.07,-0.02,0.11
-9.16,-1.90,-1.84,0.07,-0.07,0.14
-9.25,-2.04,-1.93,-0.02,-0.10,0.13
-9.33,-1.99,-1.93,-0.07,-0.06,0.08
-9.36,-1.99,-1.99,0.01,-0.00,-0.04
-9.19,-1.83,-1.97,0.06,0.01,-0.07
-9.14,-1.96,-2.03,0.06,-0.03,-0.06
-9.23,-1.95,-2.09,-0.08,-0.05,-0.01
-9.39,-1.92,-2.12,-0.09,-0.04,-0.03
-9.44,-1.85,-2.13,-0.07,0.02,-0.05
-9.23,-1.81,-2.05,0.01,0.05,-0.06
-9.13,-1.85,-1.92,-0.02,0.05,-0.04
-9.16,-1.87,-1.88,-0.08,0.01,0.01
-9.26,-1.89,-1.87,-0.07,-0.01,0.02
-9.27,-1.94,-1.93,-0.04,0.00,-0.00
-9.25,-1.92,-1.95,-0.00,0.01,-0.04
-9.32,-1.90,-2.07,0.04,0.02,-0.06
-9.34,-2.11,-2.16,0.20,0.01,-0.13
-9.23,-2.28,-2.07,0.32,0.05,-0.24
-8.96,-2.31,-2.01,0.22,0.08,-0.25
-8.93,-2.28,-1.97,0.08,0.03,-0.15
-9.08,-2.23,-1.97,-0.10,-0.03,-0.02
-9.14,-2.11,-2.00,-0.19,-0.05,0.04
-9.14,-2.01,-2.02,-0.17,-0.07,0.06
-9.12,-2.01,-1.98,-0.16,-0.08,0.11
-9.15,-2.06,-1.99,-0.12,-0.09,0.13
-9.18,-2.09,-1.95,-0.00,-0.06,0.11
-9.11,-2.20,-1.90,0.11,-0.01,0.07
-9.06,-2.31,-1.87,0.16,-0.02,0.03
-9.11,-2.39,-1.85,0.06,-0.04,0.01
-9.21,-2.23,-1.90,-0.00,-0.06,-0.01
-9.25,-2.14,-1.89,0.04,-0.08,-0.03
-9.15,-2.19,-2.01,-0.02,-0.11,-0.02
-9.20,-2.06,-1.94,-0.09,-0.13,0.01
-9.01,-2.02,-1.77,-0.12,-0.11,0.07
-9.27,-2.01,-1.58,-0.10,-0.18,0.08
-9.27,-1.93,-1.57,-0.11,-0.22,0.12
-9.29,-1.91,-1.67,-0.01,-0.26,0.17
-9.25,-1.98,-1.66,0.14,-0.20,0.17
-9.27,-2.06,-1.48,0.22,-0.13,0.13
-9.37,-2.03,-1.34,0.18,-0.11,0.06
-9.42,-1.86,-1.14,0.20,-0.13,-0.01
-9.36,-1.81,-1.09,0.17,-0.13,-0.04
-9.32,-1.64,-1.03,0.27,-0.12,-0.04
-9.30,-1.75,-0.98,0.38,-0.12,0.01
-9.38,-1.85,-0.80,0.35,-0.13,0.04
-9.48,-1.89,-0.69,0.28,-0.16,0.07
-9.51,-1.95,-0.65,0.12,-0.22,0.14
-9.47,-1.92,-0.65,0.00,-0.25,0.20
-9.56,-1.90,-0.68,-0.01,-0.23,0.20
-9.63,-1.91,-0.63,0.01,-0.16,0.19
-9.61,-1.92,-0.53,0.01,-0.11,0.11
-9.52,-1.78,-0.48,0.03,-0.08,0.00
-9.50,-1.74,-0.41,0.00,-0.05,-0.03
-9.45,-1.65,-0.33,0.01,-0.01,-0.05
-9.50,-1.65,-0.29,0.05,0.00,-0.06
-9.48,-1.66,-0.20,0.05,0.02,-0.06
-9.45,-1.62,-0.16,0.03,0.01,-0.07
-9.42,-1.62,-0.07,0.06,0.00,-0.05
-9.44,-1.66,-0.10,0.04,-0.03,-0.02
-9.48,-1.66,-0.13,0.02,-0.05,-0.00
-9.48,-1.71,-0.25,0.01,-0.07,0.01
-9.47,-1.72,-0.35,-0.01,-0.08,0.02
-9.50,-1.75,-0.38,0.01,-0.03,0.03
-9.60,-1.79,-0.41,0.01,0.01,0.04
-9.48,-1.78,-0.29,0.09,0.06,0.01
-9.43,-1.85,-0.25,0.06,0.04,-0.02
-9.50,-1.80,-0.19,0.00,0.03,-0.00
-9.52,-1.80,-0.21,0.02,0.02,-0.01
-9.56,-1.74,-0.21,0.00,0.01,-0.03
-9.50,-1.68,-0.26,0.01,0.01,-0.03
-9.54,-1.66,-0.32,-0.04,0.00,0.00
-9.42,-1.56,-0.29,-0.01,0.02,0.02
-9.42,-1.67,-0.32,0.01,0.01,0.04
-9.39,-1.70,-0.23,-0.00,0.01,0.06
-9.45,-1.76,-0.23,0.00,-0.01,0.06
-9.54,-1.81,-0.32,-0.03,-0.04,0.09
-9.53,-1.76,-0.36,-0.02,-0.01,0.05
-9.46,-1.70,-0.43,0.02,0.00,-0.01
-9.35,-1.67,-0.38,-0.01,0.01,0.01
-9.36,-1.64,-0.32,-0.02,-0.00,0.03
-9.51,-1.83,-0.39,-0.07,-0.05,0.07
-9.51,-1.76,-0.35,-0.12,-0.04,0.05
-9.45,-1.70,-0.33,-0.08,-0.00,-0.00
-9.32,-1.61,-0.23,-0.07,-0.01,0.00
-9.32,-1.63,-0.18,-0.03,-0.03,0.03
-9.62,-1.73,-0.32,-0.08,-0.06,0.07
-9.66,-1.67,-0.48,-0.03,-0.03,0.03
-9.71,-1.68,-0.67,-0.03,-0.01,-0.03
-9.47,-1.64,-0.51,-0.09,0.04,0.03
-9.45,-1.67,-0.51,-0.09,0.05,0.03
-9.40,-1.72,-0.51,-0.04,0.06,-0.02
-9.46,-1.64,-0.46,-0.05,0.07,-0.04
-9.45,-1.59,-0.47,-0.00,0.06,-0.05
-9.49,-1.58,-0.52,-0.02,0.02,-0.02
-9.58,-1.61,-0.67,-0.07,-0.02,0.02
-9.66,-1.57,-0.77,-0.13,-0.01,0.02
-9.50,-1.41,-0.86,-0.06,0.02,-0.01
-9.47,-1.40,-0.83,0.00,0.06,0.01
-9.37,-1.49,-0.74,0.08,0.07,0.05
-9.41,-1.71,-0.71,0.08,0.04,0.05
-9.47,-1.78,-0.75,-0.00,0.01,0.03
-9.52,-1.77,-0.88,-0.12,-0.02,0.02
-9.51,-1.69,-0.97,-0.12,0.00,0.01
-9.47,-1.69,-0.99,-0.07,0.05,-0.03
-9.47,-1.71,-0.99,-0.04,0.08,-0.05
-9.57,-1.74,-0.98,-0.05,0.08,-0.05
-9.52,-1.78,-1.05,-0.08,0.08,-0.08
-9.46,-1.69,-1.07,-0.11,0.09,-0.15
-9.45,-1.53,-1.11,-0.16,0.09,-0.12
-9.17,-1.45,-1.14,-0.12,0.11,-0.03
-9.09,-1.57,-1.17,-0.02,0.12,0.06
-9.15,-1.70,-1.21,0.12,0.14,0.09
-9.25,-1.83,-1.21,0.31,0.17,0.06
-9.51,-1.96,-1.19,0.43,0.16,-0.00
-9.53,-2.05,-1.35,0.37,0.13,-0.07
-9.45,-1.87,-1.45,0.33,0.14,-0.11
-9.36,-1.84,-1.65,0.26,0.13,-0.07
-9.26,-1.75,-1.73,0.26,0.13,0.00
-9.15,-1.94,-1.92,0.22,0.11,0.05
-9.12,-1.94,-1.86,0.15,0.12,0.06
-9.25,-1.99,-1.93,0.07,0.10,0.04
-9.29,-1.93,-1.90,0.04,0.10,0.05
-9.25,-1.95,-1.81,0.04,0.09,0.05
-9.17,-1.95,-1.84,-0.01,0.06,0.06
-9.02,-1.91,-1.81,-0.02,0.04,0.06
-9.06,-1.99,-1.84,-0.07,0.00,0.07
-9.28,-2.07,-1.95,-0.13,-0.03,0.07
-9.51,-2.13,-2.07,-0.23,-0.02,-0.00
-9.49,-1.81,-1.98,-0.20,0.06,-0.12
-9.29,-1.69,-1.93,-0.07,0.07,-0.18
-9.11,-1.64,-1.84,-0.06,0.01,-0.12
-9.10,-1.73,-1.94,-0.11,-0.08,-0.01
-9.22,-1.92,-2.08,-0.13,-0.14,0.04
-9.41,-2.02,-2.16,-0.12,-0.12,-0.02
-9.34,-1.99,-2.10,-0.04,-0.06,-0.05
-9.27,-2.02,-1.94,0.11,-0.05,-0.07
-9.17,-2.14,-1.86,0.18,-0.06,-0.08
-9.11,-2.22,-1.84,0.23,-0.05,-0.11
-9.01,-2.27,-1.77,0.28,-0.05,-0.15
-8.99,-2.29,-1.72,0.16,-0.08,-0.12
-9.15,-2.17,-1.74,-0.02,-0.13,-0.03
-9.37,-2.11,-1.88,-0.09,-0.16,0.04
-9.29,-2.03,-1.88,-0.09,-0.10,0.07
-9.20,-2.05,-1.85,0.02,-0.06,0.06
-9.29,-2.07,-1.60,0.05,-0.03,0.07
-9.18,-2.08,-1.47,0.10,-0.06,0.09
-9.08,-2.21,-1.37,0.05,-0.09,0.12
-9.12,-2.23,-1.43,-0.05,-0.11,0.13
-9.32,-2.19,-1.53,-0.10,-0.11,0.12
-9.41,-2.09,-1.55,-0.02,-0.06,0.08
-9.42,-2.19,-1.56,0.03,-0.04,0.04
-9.46,-2.19,-1.57,-0.12,-0.06,0.03
-9.41,-2.04,-1.58,-0.25,-0.05,0.02
-9.35,-1.87,-1.58,-0.22,-0.04,0.01
-9.22,-1.86,-1.48,-0.13,0.00,0.02
-9.27,-1.92,-1.33,-0.04,0.03,0.02
-9.33,-2.00,-1.25,0.04,0.02,-0.01
-9.28,-2.03,-1.27,0.14,0.00,-0.07
-9.24,-2.10,-1.35,0.15,-0.01,-0.10
-9.31,-2.24,-1.56,0.13,-0.05,-0.14
-9.69,-2.86,-1.80,0.12,-0.00,-0.28
-9.28,-3.26,-2.17,0.23,0.09,-0.52
-9.03,-4.18,-2.29,0.32,0.07,-0.75
-8.09,-4.59,-2.25,0.26,0.15,-0.98
-6.70,-4.82,-2.15,0.41,0.17,-1.05
-5.81,-5.08,-1.60,0.60,0.20,-1.10
-5.56,-5.04,-1.12,1.07,0.21,-1.10
-6.05,-5.47,-0.44,1.83,0.23,-1.06
-6.61,-5.88,-0.75,2.60,0.36,-1.09
-7.99,-5.47,0.33,3.92,0.50,-1.06
-10.14,-6.72,0.58,3.70,0.79,-1.05
-13.21,-7.45,2.34,2.29,1.41,-0.58
-10.60,-4.64,0.51,0.39,1.04,-0.29
-7.58,-4.97,-0.44,0.35,-0.06,-0.06
-6.22,-5.15,0.98,0.29,-0.41,0.20
-6.19,-5.94,2.43,0.37,-0.15,0.19
-7.03,-6.50,2.96,0.01,0.18,0.35
-7.44,-6.52,2.78,-0.18,0.18,0.30
-7.38,-6.36,2.32,-0.09,0.10,0.09
-7.04,-6.29,2.13,0.07,0.06,0.03
-6.90,-6.24,2.23,0.13,0.04,0.03
-6.97,-6.36,2.27,0.11,0.03,0.02
-7.17,-6.34,2.28,0.09,0.02,0.02
-7.33,-6.29,2.14,0.10,0.02,-0.03
-7.28,-6.10,2.04,0.02,0.01,-0.05
-7.19,-6.09,2.06,0.02,0.04,-0.03
-7.07,-6.09,1.90,-0.15,0.01,0.02
-7.20,-6.20,2.07,-0.01,0.02,0.04
-7.02,-6.17,1.90,-0.03,-0.02,0.04
-7.04,-6.24,2.00,0.04,-0.11,0.03
-6.89,-6.34,2.10,0.08,-0.19,-0.04
-6.53,-6.62,2.21,0.26,-0.30,-0.11
-6.59,-6.52,2.33,0.65,-0.38,-0.24
-6.97,-6.19,3.38,1.23,-0.39,-0.35
-7.35,-6.03,4.28,1.30,-0.48,-0.36
-8.14,-5.54,4.73,0.72,-0.60,-0.28
-8.51,-5.25,4.78,-0.53,-0.35,-0.29
-6.89,-4.78,2.69,-1.27,-0.12,-0.24
-6.43,-5.96,4.52,0.29,-0.53,0.18
-3.35,-6.72,3.81,0.02,-1.20,0.32
-3.12,-8.73,-2.84,0.24,-0.12,-0.14
-4.05,-5.78,1.95,1.08,0.56,0.17
-8.89,-6.44,7.04,1.65,0.81,0.12
-9.21,-5.14,11.37,-0.29,0.06,-0.00
-8.72,-4.45,6.35,-0.42,-0.51,-0.13
-6.47,-4.86,6.18,0.38,-1.30,-0.01
-1.71,-7.49,-0.99,-0.33,-1.06,0.28
-3.22,-8.37,1.72,-0.05,0.04,-0.04
-4.48,-5.06,4.35,-0.53,0.80,-0.10
-10.77,-3.26,9.54,0.57,0.66,0.14
-9.19,-2.07,7.82,-0.82,-0.31,0.22
-8.21,-5.92,8.30,0.92,-0.96,0.15
-3.42,-7.10,1.98,-0.15,-1.27,0.41
-1.30,-10.77,-1.05,0.42,0.20,-0.31
-2.88,-6.21,4.04,0.15,1.03,-0.36
-8.36,-5.27,4.93,1.50,1.55,-0.49
-10.08,-1.65,11.65,-0.72,0.29,0.22
-9.11,-4.12,6.78,-0.18,-0.34,0.03
-6.33,-4.51,5.97,0.32,-0.77,0.06
-2.63,-6.73,2.94,-0.12,-0.89,0.51
-2.81,-8.89,2.13,-0.03,0.17,0.06
-3.79,-6.28,3.57,-0.62,0.97,-0.18
-9.05,-5.39,5.66,0.94,1.35,-0.11
-8.81,-3.89,9.84,-1.17,-0.02,0.26
-8.68,-4.61,5.79,-0.47,-0.54,0.20
-7.64,-4.37,5.28,0.49,-0.71,-0.08
-4.84,-5.65,3.87,0.42,-0.03,-0.12
-2.94,-6.37,2.83,-0.07,0.92,-0.22
-3.48,-6.05,3.38,0.82,0.71,-0.58
-4.87,-6.37,3.97,0.81,0.18,-0.01
-6.50,-6.79,5.38,-1.01,-0.34,0.70
-7.59,-6.78,6.72,-2.97,-0.93,0.96
-8.57,-7.28,5.21,-4.37,-0.10,0.96
-8.34,-5.57,4.17,-4.37,1.56,0.27
-7.96,-1.48,-0.49,0.93,1.30,-0.41
-7.26,-5.26,2.65,4.37,0.20,-0.09
-5.70,-8.46,4.73,4.37,-0.59,-0.18
-5.21,-7.84,4.98,-0.55,-1.08,0.29
-4.39,-8.03,2.26,-3.01,0.02,0.45
-3.95,-6.59,2.25,-4.02,0.85,0.25
-7.48,-4.56,0.40,-0.17,1.13,0.06
-7.49,-4.94,0.91,2.22,0.47,-0.46
-9.39,-6.47,6.09,3.61,-0.01,-0.30
-8.24,-5.71,6.04,1.75,-1.10,-0.18
-5.62,-7.33,6.71,1.65,-1.87,0.23
-2.08,-7.22,-0.24,0.88,-1.41,0.46
-1.94,-9.21,1.45,0.89,-0.28,0.23
-3.30,-6.59,4.56,-0.19,0.51,-0.15
-7.97,-5.11,6.22,0.98,1.12,-0.39
-9.38,-2.19,11.44,-0.61,0.15,0.13
-8.61,-3.41,6.73,-1.14,-0.83,0.42
-5.43,-6.04,4.85,-1.12,-1.39,0.87
-2.44,-7.81,-1.40,-0.34,-0.40,0.66
-2.94,-7.75,3.61,0.18,0.51,0.13
-5.40,-5.84,3.91,0.54,1.42,-0.33
-10.61,-5.06,11.23,0.64,0.80,-0.39
-9.63,-3.21,8.26,-1.33,-0.73,0.01
-7.88,-3.92,6.53,-0.05,-1.36,0.34
-2.69,-6.75,-0.81,-0.99,-1.32,0.56
-2.77,-8.66,-0.92,0.62,0.18,-0.13
-3.36,-7.01,3.79,0.73,1.18,-0.34
-10.22,-5.76,7.62,0.80,1.26,-0.54
-9.10,-2.64,9.89,-0.90,0.05,0.09
-8.89,-4.26,6.60,0.51,-0.43,-0.14
-5.21,-5.64,4.57,-0.07,-1.06,0.27
-1.36,-8.22,-1.23,0.06,0.02,0.08
-3.46,-6.64,4.16,0.52,0.87,-0.22
-6.90,-5.19,4.83,0.92,1.32,-0.28
-10.68,-3.76,11.52,-0.10,0.27,-0.06
-9.87,-2.30,7.04,-0.71,-0.71,0.12
-6.96,-3.94,7.10,0.62,-1.46,0.47
-1.16,-9.45,-2.33,0.05,-0.73,0.38
-3.20,-8.07,3.19,1.32,0.70,-0.46
-4.77,-6.83,5.27,0.34,1.12,-0.70
-9.93,-4.99,9.13,0.02,0.76,-0.67
-8.72,-1.66,8.63,-1.22,-0.42,0.06
-8.87,-3.68,7.70,0.12,-1.12,0.21
-4.46,-4.89,2.08,-0.74,-1.44,0.64
-2.11,-8.80,-0.57,0.24,-0.09,0.21
-2.61,-6.42,4.80,0.36,0.95,-0.25
-8.02,-5.76,6.54,1.38,1.39,-0.60
-9.47,-2.92,11.58,-0.57,0.00,-0.10
-8.44,-3.88,7.49,-0.82,-0.87,0.17
-6.51,-3.34,5.51,0.29,-1.37,0.41
-1.93,-8.24,-2.21,-0.19,-0.57,0.25
-2.86,-5.90,3.71,1.02,0.74,-0.12
-6.09,-5.52,6.11,0.72,1.50,-0.34
-10.70,-4.88,12.15,-0.38,0.53,-0.28
-4.18,-4.88,4.88,-0.27,-0.81,0.72
-2.52,-8.46,1.80,0.10,-0.20,0.48
-3.89,-7.33,4.53,-0.24,0.67,-0.07
-6.82,-5.74,4.89,0.05,1.25,-0.40
-9.52,-3.71,9.18,0.04,0.70,-0.31
-8.65,-3.34,7.21,0.33,-0.06,-0.19
-8.11,-3.58,8.00,0.85,-0.61,-0.05
-4.92,-5.81,5.39,-0.21,-1.36,0.43
-2.75,-8.86,-0.46,0.07,-0.52,0.13
-3.00,-7.49,3.78,-0.00,0.35,-0.36
-6.26,-3.85,4.43,0.24,1.15,-0.41
-10.11,-1.57,11.05,0.53,0.56,0.18
-9.44,-2.96,7.28,-0.54,-0.26,0.33
-7.03,-3.74,7.46,0.74,-0.77,0.46
-3.02,-7.48,2.61,-0.41,-0.92,0.63
-3.18,-7.53,2.48,-0.05,0.12,-0.10
-4.31,-6.43,3.92,-0.80,0.96,-0.37
-8.86,-3.60,6.40,0.95,1.23,-0.40
-9.18,-3.49,9.81,-0.04,0.18,0.01
-9.21,-2.51,8.26,0.15,-0.57,0.25
-6.84,-3.20,7.46,-0.16,-1.23,0.40
-2.70,-5.91,1.47,-0.62,-0.96,0.58
-3.34,-8.29,1.49,0.12,0.20,-0.07
-4.57,-6.31,4.19,0.24,1.06,-0.61
-8.97,-4.80,7.65,-0.12,1.10,-0.68
-8.62,-3.04,10.10,-1.16,-0.12,-0.14
-8.50,-3.25,7.27,-0.82,-0.85,0.11
-6.15,-4.63,6.64,-0.90,-1.52,0.29
-3.01,-6.10,-3.27,-0.85,-0.55,0.16
-2.83,-7.34,1.19,1.22,0.71,-0.05
-5.57,-6.30,4.02,0.83,1.49,-0.22
-10.42,-5.62,10.16,0.78,1.06,-0.38
-8.30,-3.84,8.34,-0.90,-0.24,-0.32
-7.09,-4.22,6.80,0.21,-0.92,0.13
-4.27,-5.80,3.86,-0.74,-1.44,0.59
-2.67,-8.83,-0.54,0.30,-0.42,0.15
-3.86,-7.64,3.47,-1.16,0.60,-0.33
-8.60,-5.04,5.68,1.06,1.20,-0.37
-9.01,-3.78,9.29,-0.46,0.12,-0.03
-8.67,-3.78,6.83,0.18,-0.51,0.06
-5.46,-5.74,6.67,-0.12,-1.33,0.40
-1.55,-8.50,-1.55,-0.22,-0.77,0.30
-3.18,-7.76,2.31,0.35,0.49,-0.31
-4.92,-6.76,3.29,0.47,1.35,-0.48
-9.92,-5.39,9.35,0.26,0.99,-0.39
-8.41,-3.19,7.83,-1.36,-0.29,-0.07
-8.04,-4.86,8.21,0.24,-1.09,0.03
-2.89,-6.14,0.66,-0.47,-1.34,0.35
-2.69,-9.07,-1.07,0.38,0.09,0.13
-3.67,-6.52,3.99,0.18,1.04,-0.06
-9.26,-6.44,7.21,0.30,1.29,-0.22
-8.81,-4.54,9.51,-1.19,0.03,0.00
-7.58,-4.41,7.21,0.05,-1.08,0.11
-4.22,-5.90,2.68,0.11,-1.56,0.50
-1.39,-9.61,-1.14,0.50,-0.13,-0.07
-2.69,-7.23,3.78,0.89,1.04,-0.44
-6.84,-5.21,5.44,1.06,1.44,-0.40
-9.99,-5.65,9.03,0.21,0.58,-0.21
-8.24,-5.17,5.19,-1.10,-0.17,-0.04
-6.78,-5.83,4.84,0.02,-0.20,0.08
-5.08,-6.30,6.50,-1.40,-0.26,0.27
-3.57,-6.12,1.78,-1.61,0.60,-0.10
-2.71,-6.10,3.02,1.19,0.38,-0.35
-3.12,-5.21,3.21,1.63,0.33,0.01
-5.77,-7.89,4.19,1.11,0.02,0.10
-7.06,-7.13,4.44,-2.53,-0.17,0.76
-8.28,-7.11,4.74,-4.37,-0.22,0.96
-9.65,-6.90,3.49,-4.37,0.95,0.08
-8.09,-5.23,-0.16,-0.21,0.81,-0.60
-7.16,-7.27,0.82,4.37,0.05,-0.14
-5.10,-6.55,2.56,4.37,-0.94,0.03
-3.68,-8.20,2.88,-1.02,-0.68,0.35
-4.03,-7.06,2.92,-4.37,0.30,0.66
-4.99,-5.09,-1.72,-4.36,0.89,-0.05
-8.08,-5.46,0.26,2.70,0.75,0.17
-9.11,-8.50,4.85,3.62,0.41,-0.38
-9.42,-6.09,5.17,3.08,-0.13,-0.23
-6.50,-7.46,6.43,1.62,-1.38,0.16
-2.27,-5.64,0.24,1.50,-1.61,0.53
-0.22,-10.80,2.30,1.60,-0.33,0.11
-2.18,-7.41,4.92,0.04,0.25,-0.26
-5.91,-5.17,5.22,0.69,0.65,-0.39
-10.58,-3.26,10.30,0.20,0.19,-0.12
-9.19,-2.77,7.29,-1.17,-0.72,0.42
-6.87,-4.19,6.50,-0.78,-1.54,1.01
-2.46,-8.66,-1.47,-0.07,-0.57,0.74
-2.96,-7.84,4.06,-0.17,0.51,-0.05
-4.35,-6.63,3.50,0.14,1.17,-0.43
-9.16,-4.85,8.06,1.01,0.97,-0.46
-8.47,-3.99,9.79,-0.73,-0.30,-0.04
-7.84,-3.54,7.32,-0.51,-1.34,0.55
-3.03,-6.49,-0.09,-1.21,-1.43,0.88
-2.61,-8.72,-0.31,0.13,0.35,-0.07
-3.06,-6.67,4.09,0.91,1.50,-0.48
-9.83,-5.76,7.23,0.84,1.51,-0.65
-9.52,-3.51,10.44,-0.98,-0.19,-0.06
-8.70,-3.41,7.38,0.34,-0.97,0.15
-4.24,-6.05,2.18,-0.81,-1.53,0.54
-0.98,-8.56,-2.12,-0.04,-0.03,0.04
-3.06,-8.34,5.06,0.98,0.96,-0.30
-9.04,-2.68,6.80,-1.44,-0.72,0.26
-7.93,-4.64,6.33,0.79,-1.16,0.42
-1.10,-8.34,-1.18,-0.77,-0.51,0.26
-2.55,-7.86,1.89,0.45,0.72,-0.23
-4.89,-8.13,2.76,-0.27,1.68,-0.44
-10.51,-7.11,7.12,0.52,2.31,-0.16
-8.52,-3.64,6.96,-0.94,0.41,0.43
-9.90,-5.32,6.59,-1.71,-1.50,0.01
-6.07,-6.00,2.66,-1.23,-1.12,-0.30
-2.02,-6.53,-1.12,0.54,-0.52,-0.06
-3.19,-7.27,-0.96,1.04,0.55,-0.09
-7.90,-5.53,2.63,2.26,1.24,0.18
-9.97,-5.32,8.28,2.06,0.27,0.06
-9.90,-4.70,9.68,-1.26,-0.31,-0.10
-7.86,-4.13,5.41,-0.49,-0.45,-0.26
-4.77,-6.13,3.48,-0.68,-0.61,-0.05
-2.22,-7.01,0.61,0.12,-0.36,0.24
-2.79,-9.28,0.20,-0.12,0.36,-0.19
-5.62,-6.45,1.22,0.90,1.13,-0.22
-8.55,-6.15,5.56,0.70,0.56,0.01
-10.66,-4.95,11.08,-0.92,-0.47,0.05
-9.23,-4.18,7.58,-1.96,-0.77,-0.23
-6.60,-5.92,2.66,-1.47,-1.10,-0.18
-2.92,-7.16,-0.40,-0.18,-0.48,-0.11
-1.35,-6.31,0.75,1.24,-0.06,-0.01
-2.89,-7.35,2.28,1.87,0.48,0.15
-7.47,-4.64,3.27,1.89,0.64,0.23
-11.61,-5.70,10.74,0.67,0.19,0.22
-8.51,-5.02,7.91,-1.13,-0.35,-0.21
-5.83,-5.57,6.55,0.23,-1.07,-0.13
-2.06,-8.59,1.07,0.35,-0.90,0.23
-2.73,-6.86,0.79,0.17,0.14,0.21
-4.25,-5.64,5.36,0.61,0.89,-0.05
-9.88,-5.01,9.07,0.99,1.05,-0.32
-8.54,-3.74,8.85,-1.81,-0.58,0.25
-8.65,-2.05,7.91,-0.04,-1.47,0.49
-3.52,-7.91,1.08,-0.01,-1.50,0.74
-3.20,-8.95,-0.85,0.50,0.34,-0.18
-3.26,-7.15,3.92,0.56,1.40,-0.51
-10.09,-5.47,6.59,0.71,1.72,-0.65
-9.01,-3.95,11.84,-0.77,-0.07,-0.22
-7.84,-3.10,8.14,-0.09,-1.13,0.08
-2.52,-7.52,1.28,-0.26,-1.36,0.53
-3.33,-7.71,-0.38,-0.15,0.23,-0.15
-3.17,-5.29,4.86,0.71,1.24,-0.30
-9.94,-4.48,8.58,0.89,1.07,-0.23
-8.73,-4.03,9.28,-1.39,-0.49,0.30
-8.20,-3.91,6.50,0.65,-0.88,0.24
-5.42,-5.38,5.30,0.50,-1.20,0.48
-1.00,-6.54,2.09,-0.91,-0.46,0.36
-3.35,-7.84,2.92,0.64,0.68,-0.32
-6.20,-5.83,3.70,0.63,1.36,-0.69
-10.12,-4.66,9.63,0.35,0.76,-0.31
-8.59,-4.08,8.21,-1.25,-0.46,0.02
-7.21,-3.82,7.20,-0.31,-1.15,0.36
-2.83,-7.29,1.35,-0.41,-0.95,0.47
-2.92,-7.75,1.63,0.07,0.41,-0.34
-3.64,-6.62,4.44,0.98,1.29,-0.62
-9.39,-4.55,6.84,1.13,1.24,-0.50
-8.86,-4.30,9.86,-0.19,-0.15,0.09
-8.48,-4.26,5.87,0.03,-0.80,0.06
-5.06,-4.00,5.93,0.44,-1.14,0.39
-0.84,-6.04,2.18,-0.57,-0.53,0.41
-2.39,-7.30,3.25,0.74,0.59,-0.17
-4.91,-5.75,4.51,0.53,1.16,-0.43
-9.33,-5.34,7.69,0.58,1.02,-0.29
-8.86,-4.45,9.02,-0.59,-0.34,0.17
-8.78,-4.27,6.12,0.33,-0.80,0.05
-6.87,-4.11,5.22,0.35,-0.91,0.02
-4.93,-4.67,4.23,-0.52,-0.40,0.17
-4.02,-5.10,5.44,-1.19,-0.03,0.28
-4.35,-5.35,5.90,-0.39,0.27,0.15
-4.57,-6.37,5.60,-0.31,0.38,0.09
-4.69,-5.58,5.51,-0.14,0.34,0.13
-4.96,-6.44,5.80,0.12,0.22,0.14
-5.05,-6.62,5.51,-0.25,0.20,0.10
-5.07,-6.09,5.23,-0.38,0.36,-0.03
-5.19,-6.12,4.95,-0.13,0.60,-0.10
-6.08,-5.66,4.73,-0.16,0.59,-0.07
-6.81,-5.75,4.62,-0.06,0.39,0.01
-7.53,-5.44,4.81,-0.28,0.10,0.09
-7.73,-5.26,4.13,-0.50,-0.10,0.05
-7.68,-4.83,3.44,-0.29,-0.23,0.02
-7.54,-5.04,3.96,0.21,-0.08,0.04
-7.05,-5.64,4.05,0.32,0.07,0.05
-6.62,-5.67,4.20,0.40,0.08,0.04
-6.18,-5.92,4.25,0.36,0.07,0.05
-5.94,-5.84,4.49,0.25,0.10,0.08
-6.07,-5.85,4.59,0.12,0.11,0.14
-6.24,-5.91,4.87,-0.03,0.09,0.13
-6.16,-6.50,5.09,-0.65,0.09,0.02
-6.10,-6.81,5.56,-1.30,-0.18,-0.13
-5.20,-7.49,4.49,-2.04,-0.52,-0.18
-5.03,-7.78,2.51,-1.97,-0.85,-0.33
-6.07,-7.41,-0.11,-0.87,-0.07,-0.56
-6.79,-5.89,0.54,0.03,0.82,-0.43
-8.18,-5.27,4.44,0.06,0.79,-0.10
-8.62,-6.13,3.46,-0.43,0.36,-0.28
-7.23,-5.88,3.40,-1.74,-0.33,-0.14
-6.57,-7.37,1.01,-1.31,-0.57,-0.03
-3.35,-8.18,-3.26,0.20,-0.54,-0.09
-4.07,-7.52,-1.78,0.64,0.13,0.09
-6.32,-7.88,0.47,-0.03,0.84,0.02
-8.66,-7.89,4.77,1.02,0.47,0.07
-8.47,-8.10,4.35,-0.26,-0.28,-0.40
-6.00,-7.96,2.18,0.60,-0.83,-0.42
-3.60,-6.24,-3.55,1.24,-0.60,-0.17
-3.66,-6.95,-0.56,0.36,-0.37,0.05
-4.10,-7.50,0.12,-2.12,0.29,0.14
-7.78,-9.10,2.40,-1.79,0.78,0.13
-7.81,-11.44,4.32,0.47,0.23,-0.18
-6.22,-8.92,3.13,0.69,-1.10,-0.53
-3.93,-7.62,-3.87,-0.63,-1.01,-0.30
-2.12,-5.19,-3.29,-0.12,-0.11,0.00
-3.36,-7.51,-0.76,-1.29,0.61,0.31
-7.91,-8.18,2.93,0.56,0.82,0.59
-8.12,-11.05,5.40,0.26,-0.15,-0.08
-5.79,-9.76,2.49,0.57,-1.13,-0.46
-2.43,-5.41,-6.24,0.65,-0.66,-0.11
-2.66,-6.57,-2.09,0.81,0.27,0.29
-6.66,-8.08,0.48,-0.80,1.10,0.41
-9.49,-9.89,6.83,0.43,0.74,0.09
-7.67,-10.29,4.72,-0.43,-0.62,-0.44
-4.67,-8.04,0.18,0.19,-1.27,-0.51
-2.39,-5.88,-5.33,0.57,-0.46,-0.02
-2.23,-6.66,-0.70,-0.74,0.40,0.24
-6.81,-8.48,2.07,-0.12,1.09,0.37
-8.19,-12.48,6.39,0.73,0.61,-0.19
-7.05,-8.96,3.84,1.02,-0.49,-0.47
-3.02,-7.38,-2.89,0.31,-0.87,-0.42
-1.86,-4.08,-4.33,0.67,0.05,0.22
-3.64,-7.44,0.54,-0.37,0.87,0.34
-8.96,-10.27,6.47,0.59,0.89,0.32
-7.78,-10.98,5.71,-0.63,-0.15,-0.29
-5.50,-8.31,3.39,0.37,-1.09,-0.44
-2.90,-4.24,-3.94,-0.31,-0.63,-0.01
-1.84,-7.02,-0.50,-0.21,-0.08,0.12
-4.59,-8.60,0.22,-1.31,0.65,0.07
-7.42,-11.54,5.38,0.66,0.67,0.20
-7.47,-10.14,4.85,-0.30,-0.20,-0.09
-5.39,-8.32,2.25,-0.19,-1.13,-0.48
-2.12,-3.98,-6.32,-0.82,-0.61,-0.08
-2.67,-6.51,-3.16,-1.69,0.36,0.24
-6.80,-8.83,-0.72,-2.12,1.17,0.58
-7.13,-14.41,4.57,-0.68,0.00,0.32
-6.02,-10.05,2.10,-0.59,-0.63,-0.19
-3.64,-5.32,-2.96,0.11,-0.85,-0.27
-3.53,-3.00,-5.10,0.15,-0.28,0.48
-4.09,-7.15,-2.94,-1.62,0.30,0.73
-6.72,-9.99,-2.48,-1.33,0.35,0.64
-7.33,-10.75,0.42,-0.71,-0.31,0.37
-6.68,-9.20,-0.18,-1.27,-0.76,-0.39
-5.59,-7.13,-2.62,-1.70,-1.09,-0.59
-5.24,-5.13,-4.61,-0.94,-0.87,-0.22
-5.85,-6.82,-4.95,-0.66,-0.59,-0.06
-5.66,-6.85,-4.48,-0.59,-0.33,-0.25
-4.88,-4.81,-5.37,-0.64,-0.00,-0.15
-5.04,-4.50,-5.68,0.84,0.50,0.62
-6.85,-6.08,-3.39,2.03,1.02,1.02
-8.86,-10.36,0.50,2.52,0.67,0.34
-7.85,-10.19,1.40,1.93,-0.14,-0.68
-5.07,-7.68,0.41,2.00,-0.75,-1.10
-2.96,-4.86,-6.41,0.85,-0.22,-0.49
-2.78,-5.03,-3.42,1.62,0.74,0.24
-6.14,-7.44,-0.18,2.86,1.41,0.58
-8.42,-9.46,6.11,3.30,0.80,0.19
-6.81,-9.14,4.31,1.04,-0.13,-0.13
-5.77,-7.01,3.38,1.48,-0.44,-0.19
-4.76,-6.92,3.65,1.02,-0.51,-0.06
-4.36,-7.29,3.73,0.29,-0.53,0.05
-4.09,-7.72,3.41,0.31,-0.68,-0.09
-4.16,-7.10,2.73,0.21,-0.43,-0.05
-4.77,-6.74,3.10,-0.20,0.08,0.00
-5.45,-6.39,2.79,-0.43,0.53,0.12
-5.90,-6.43,3.42,0.06,0.80,0.30
-6.58,-7.54,4.78,0.31,0.72,0.34
-7.24,-7.48,6.11,-0.05,0.23,0.21
-6.92,-7.16,6.43,0.07,-0.42,0.04
-5.69,-6.98,6.33,0.34,-1.04,-0.12
-4.09,-6.64,4.04,1.15,-1.49,-0.14
-1.75,-6.61,1.48,1.58,-1.11,-0.08
-4.14,-6.70,-3.04,2.87,1.02,-0.62
-8.24,-6.33,8.50,2.66,1.82,-1.08
-7.68,-5.48,11.40,0.85,0.68,-0.94
-6.19,-3.17,9.24,-0.48,-0.86,0.18
-3.66,-7.36,3.57,0.17,-1.12,0.44
-2.53,-6.29,2.12,0.29,0.17,-0.41
-2.85,-4.27,5.71,1.15,1.23,-1.09
-5.92,-1.53,10.26,1.15,1.35,-1.07
-7.56,-4.92,12.76,-0.17,-0.11,-0.13
-6.36,-3.23,9.03,-1.36,-1.37,0.74
-3.05,-8.55,1.73,-0.67,-1.16,0.59
-2.53,-5.39,1.00,0.46,0.48,-0.53
-3.31,-3.29,6.92,1.29,1.47,-1.14
-7.61,-1.84,11.57,0.16,0.79,-0.12
-8.27,-6.58,11.71,-0.81,-0.68,0.51
-5.34,-5.19,6.87,-1.60,-1.44,0.71
-2.27,-8.18,1.68,-0.51,-1.10,0.39
-1.98,-5.32,2.09,-0.36,0.36,-0.44
-3.06,-4.36,6.55,0.30,1.32,-0.92
-5.85,-6.65,7.46,-1.55,-1.42,0.35
-2.25,-7.36,-0.54,-0.79,-1.45,0.62
-2.25,-7.92,-1.00,0.10,-0.00,0.51
-2.77,-6.85,4.18,0.24,1.44,-0.09
-8.53,-4.26,10.17,1.02,1.65,-0.29
-8.70,-6.99,10.51,-0.57,-0.22,0.06
-5.93,-5.47,6.78,-0.83,-1.59,0.40
-2.31,-8.01,-2.38,0.33,-1.22,0.56
-1.77,-7.33,-0.90,0.44,0.53,-0.05
-4.88,-5.99,5.86,2.42,1.97,-1.02
-8.45,-5.70,12.35,0.87,1.02,-0.77
-6.91,-4.66,9.91,-1.41,-1.00,0.13
-5.66,-5.17,6.24,-1.15,-1.80,0.71
-2.71,-8.03,-2.31,-0.90,-0.97,0.33
-1.68,-7.18,1.53,0.81,0.81,-0.40
-4.17,-6.70,5.62,0.59,1.83,-0.91
-7.95,-6.63,11.32,0.34,0.74,-0.34
-7.06,-6.71,9.35,-1.88,-1.04,0.02
-4.44,-5.72,5.29,-1.36,-1.75,0.29
-1.41,-6.76,-3.59,-0.56,-0.64,0.25
-1.17,-7.59,0.43,0.23,0.88,-0.04
-5.77,-6.46,7.10,0.74,1.63,-0.14
-8.17,-8.40,10.23,0.36,0.27,-0.01
-6.72,-6.57,7.40,-0.45,-1.23,0.23
-3.24,-6.94,0.43,-0.17,-1.40,0.46
-1.70,-6.81,-1.53,0.22,-0.07,0.46
-2.48,-6.73,3.61,0.14,1.27,0.03
-8.31,-6.18,10.28,1.96,1.23,-0.03
-7.94,-8.07,8.85,-0.75,-0.51,-0.05
-5.18,-6.02,5.94,0.00,-1.46,0.30
-2.34,-7.86,-1.08,-0.69,-0.79,0.40
-2.13,-7.30,0.87,-0.36,0.66,-0.14
-4.69,-5.47,6.11,0.17,1.47,-0.17
-7.79,-9.65,9.48,0.54,0.45,-0.17
-6.89,-6.16,7.81,-0.48,-0.81,-0.12
-5.01,-6.36,4.58,0.14,-1.43,0.17
-1.90,-7.04,-0.68,0.18,-0.29,-0.20
-1.02,-6.93,1.32,0.43,1.02,-0.49
-4.78,-6.71,4.08,-0.21,1.65,-0.44
-8.32,-8.69,9.19,0.45,0.61,0.17
-7.69,-7.89,7.60,-0.97,-0.65,-0.06
-5.69,-6.29,5.70,0.30,-0.83,-0.12
-2.89,-7.48,3.11,-0.37,-0.26,0.04
-0.93,-6.94,1.31,-0.68,0.57,0.04
-1.57,-7.18,2.24,0.27,0.09,0.33
-4.00,-10.15,3.52,-1.57,-0.01,0.47
-7.77,-9.22,5.75,-3.20,-0.07,0.52
-7.42,-8.64,6.62,-2.07,-0.97,0.07
-5.75,-5.83,-0.24,-1.74,-0.37,0.08
-2.50,-6.73,-3.37,-0.36,0.21,0.14
-2.97,-6.82,-0.42,-0.58,0.90,0.18
-5.45,-8.18,1.57,1.36,1.21,0.07
-7.66,-8.76,3.38,2.66,0.87,-0.26
-7.17,-8.78,6.07,1.63,-0.16,-0.52
-5.46,-8.53,4.12,0.04,-1.59,-0.35
-2.66,-8.02,0.89,1.41,-1.72,0.09
-0.92,-10.13,-2.45,0.66,-0.31,-0.25
-1.74,-7.31,0.02,1.24,1.03,-0.27
-6.11,-6.42,5.67,2.24,1.61,-0.21
-9.00,-7.29,11.27,0.61,0.55,-0.13
-6.73,-5.90,9.63,-0.74,-0.82,0.04
-4.48,-5.98,5.54,-0.19,-1.57,0.49
-1.72,-7.74,-0.62,0.80,-1.24,0.67
-0.87,-8.37,0.74,0.68,0.18,0.19
-3.24,-5.72,3.72,0.55,1.13,-0.20
-7.60,-4.84,9.06,1.52,1.42,-0.33
-7.91,-5.69,11.17,0.29,0.02,-0.04
-5.90,-5.93,8.30,-0.16,-0.91,0.27
-2.98,-8.59,4.09,0.11,-1.03,0.35
-1.46,-7.40,1.75,0.08,-0.04,-0.42
-1.98,-5.80,3.97,0.40,0.89,-0.85
-3.79,-3.56,5.89,0.53,1.19,-0.59
-7.02,-4.51,9.22,0.66,0.81,0.13
-7.75,-6.12,11.31,-0.41,-0.44,0.58
-5.74,-6.41,8.40,-0.38,-1.09,0.48
-2.87,-7.54,4.31,-0.31,-1.08,0.30
-1.20,-8.13,2.01,-0.12,-0.20,-0.45
-2.50,-4.90,3.39,0.17,0.79,-0.80
-4.58,-3.71,6.96,0.96,1.21,-0.56
-7.56,-4.68,10.68,0.62,0.33,0.26
-6.74,-5.80,9.72,-0.55,-0.85,0.74
-4.06,-6.56,6.61,-0.80,-1.27,1.01
-2.37,-8.41,2.65,-0.80,-0.74,0.30
-1.90,-5.82,2.65,-0.37,0.49,-0.58
-3.10,-4.95,4.94,0.34,1.30,-0.75
-5.69,-5.45,8.16,-1.23,1.29,-0.27
-7.36,-7.31,8.82,-2.59,0.20,0.16
-5.89,-6.94,8.42,-0.97,-1.09,0.27
-2.94,-8.88,0.97,-1.21,-0.67,0.11
-1.87,-8.80,-0.93,0.08,-0.16,-0.14
-4.25,-6.85,2.83,0.95,0.58,-0.05
-6.45,-6.87,7.87,1.33,0.62,-0.13
-6.63,-6.60,8.59,-0.23,0.06,-0.06
-4.96,-7.42,6.15,0.76,-0.98,0.15
-1.95,-9.69,-0.29,1.01,-0.88,-0.19
-2.11,-6.62,-0.37,0.53,0.35,-0.48
-3.64,-5.58,4.44,1.26,1.29,-0.37
-7.34,-4.96,9.89,0.73,1.08,-0.01
-7.18,-6.60,11.38,-0.44,-0.31,0.44
-6.40,-5.74,8.59,-1.12,-1.27,0.79
-1.57,-5.94,2.18,0.20,0.72,-0.58
-3.89,-4.34,4.91,0.51,1.34,-0.50
-7.90,-4.95,10.53,0.73,1.04,0.18
-8.34,-8.39,10.24,-0.96,-0.37,0.34
-5.44,-7.14,7.45,-0.93,-1.33,0.28
-1.61,-7.64,1.27,-0.76,-1.36,0.17
-0.94,-6.53,-0.19,-0.03,-0.08,-0.16
-3.11,-4.61,3.98,0.48,1.03,-0.20
-7.92,-6.20,9.86,0.68,1.22,-0.04
-8.29,-7.55,9.97,0.13,-0.07,0.04
-5.19,-6.64,6.55,-1.13,-1.27,0.03
-1.40,-6.79,0.53,-0.17,-1.17,0.19
-1.21,-6.46,0.36,0.43,0.11,-0.03
-2.34,-6.13,3.39,0.38,1.17,-0.17
-7.52,-6.69,8.31,0.18,1.41,-0.29
-8.08,-7.87,10.90,0.03,0.12,-0.19
-6.24,-6.29,7.93,-0.62,-1.24,0.03
-3.13,-7.91,3.19,-0.16,-1.50,0.14
-1.09,-7.16,-0.49,0.48,-0.35,-0.01
-1.91,-6.37,1.86,0.93,0.89,-0.40
-5.53,-5.75,7.94,1.24,1.44,-0.29
-8.07,-5.96,11.79,-0.02,0.23,-0.02
-5.96,-5.17,9.67,-0.85,-1.04,0.20
-2.77,-7.32,4.26,0.13,-1.42,0.48
-0.34,-7.14,-0.14,-0.04,-0.42,0.14
-2.12,-6.28,1.75,0.17,0.87,-0.29
-5.01,-4.76,7.47,-0.13,1.33,0.07
-8.77,-7.56,12.35,0.30,0.32,0.36
-7.10,-6.33,9.23,-1.11,-0.95,0.34
-3.87,-5.63,5.09,-0.79,-1.41,0.56
-1.18,-7.07,-2.06,-0.12,-0.59,0.52
-2.00,-7.14,1.07,0.38,0.79,0.15
-4.60,-6.16,6.49,-0.08,1.57,-0.06
-9.14,-7.99,11.30,1.19,1.12,-0.27
-8.11,-6.63,8.99,-0.69,-0.42,-0.21
-5.41,-5.11,6.19,-0.70,-1.17,0.02
-3.14,-5.13,2.18,0.30,-1.12,0.36
-2.14,-7.49,-1.04,0.37,0.19,0.09
-2.29,-7.10,2.75,0.74,1.35,-0.31
-5.97,-6.54,6.52,0.41,1.67,-0.34
-8.77,-6.92,11.43,-0.30,0.51,0.04
-7.48,-5.22,8.41,-0.66,-0.71,0.24
-5.33,-4.30,5.73,-0.30,-1.19,0.49
-2.70,-6.15,1.90,0.05,-1.09,0.75
-1.92,-7.15,0.45,-0.56,-0.03,0.49
-4.00,-7.11,2.38,0.26,1.08,-0.02
-7.20,-5.63,6.11,1.41,1.60,-0.21
-9.75,-6.00,10.52,-0.04,0.56,0.04
-8.71,-5.02,8.72,-0.81,-0.72,0.30
-6.68,-4.60,6.28,-0.39,-1.49,0.48
-3.42,-6.49,0.84,-0.45,-1.26,0.51
-2.26,-7.11,0.23,-0.10,0.10,0.04
-3.50,-7.32,3.58,1.24,0.93,-0.25
-5.94,-4.89,4.82,1.58,1.43,-0.37
-8.61,-5.38,7.30,0.41,1.10,-0.01
-8.80,-3.70,8.59,0.45,0.00,0.49
-8.38,-5.56,6.56,-0.52,-0.77,0.45
-7.13,-4.28,5.43,-1.77,-0.30,0.09
-4.99,-4.95,3.01,-1.50,0.23,0.01
-3.71,-4.58,1.91,0.04,0.78,0.02
-5.36,-6.30,3.86,0.43,0.92,0.03
-7.20,-6.49,4.12,-0.71,0.52,0.33
-9.03,-6.02,4.98,-2.14,0.09,0.58
-9.47,-6.67,3.64,-2.18,-0.37,0.02
-8.59,-6.14,3.03,-3.02,-0.47,0.04
-7.74,-4.99,1.61,-3.18,0.18,-0.09
-6.67,-4.55,-0.96,0.91,0.59,-0.37
-4.76,-5.40,1.44,4.37,0.73,-0.43
-5.33,-6.05,3.55,4.37,0.84,-0.20
-6.50,-6.92,3.89,2.58,0.35,-0.07
-7.28,-5.44,5.16,0.33,-0.48,0.15
-8.84,-6.89,5.77,-2.99,-0.56,0.21
-8.95,-6.07,6.17,-4.37,-0.90,0.26
-6.28,-4.52,-0.61,-1.19,-0.33,0.09
-4.54,-6.98,-0.51,1.49,0.11,-0.31
-5.36,-6.46,0.39,1.59,0.74,-0.36
-7.42,-6.09,3.25,2.65,0.93,-0.02
-9.18,-5.98,4.61,1.45,0.22,-0.07
-8.56,-5.46,6.21,0.80,-0.89,-0.15
-7.33,-5.20,6.08,1.12,-1.37,-0.14
-3.69,-7.64,4.64,0.06,-2.02,0.34
-1.95,-8.11,-1.17,0.25,-0.37,-0.03
-3.68,-5.65,4.60,0.49,0.60,-0.15
-7.24,-4.85,5.82,0.76,1.18,-0.39
-9.54,-3.30,10.68,0.24,0.22,-0.01
-8.87,-5.17,6.40,-0.76,-0.67,0.19
-5.48,-4.12,5.75,-0.06,-1.43,0.68
-1.55,-9.53,-1.60,-0.01,-0.27,0.32
-3.36,-7.22,5.89,0.49,0.74,-0.24
-5.99,-4.96,4.53,0.35,1.18,-0.40
-10.33,-4.70,10.03,0.50,0.52,-0.35
-8.54,-3.82,5.90,-0.93,-0.35,0.05
-7.18,-4.48,6.29,0.61,-0.63,0.10
-4.62,-4.44,4.56,-0.88,-0.66,0.33
-2.45,-8.02,0.98,-1.23,0.47,0.13
-2.97,-5.97,3.60,0.24,1.36,-0.09
-4.49,-7.24,5.08,1.25,0.84,-0.25
-6.45,-7.09,5.69,-0.79,-0.03,0.15
-7.53,-5.02,6.33,-2.54,-0.40,0.56
-6.82,-7.96,5.40,-3.07,-1.03,0.36
-8.67,-5.12,2.27,-0.71,1.24,0.13
-8.13,-2.76,0.15,1.55,0.94,0.02
-7.95,-7.04,2.99,2.85,0.07,-0.84
-6.89,-7.53,4.82,1.79,-1.03,-0.79
-3.11,-8.62,-0.61,1.27,-0.67,-0.29
-2.39,-7.61,-0.29,1.57,0.29,-0.20
-5.97,-8.18,3.33,1.01,0.86,0.00
-7.59,-6.49,5.58,0.34,0.16,-0.11
-7.98,-3.83,7.57,-0.01,-0.55,-0.17
-6.77,-5.40,7.71,0.82,-1.23,0.18
-3.75,-6.05,1.59,-0.02,-1.55,0.56
-2.54,-9.35,-0.62,0.23,-0.03,0.16
-2.97,-7.08,4.13,-0.31,0.73,-0.12
-8.47,-5.32,6.54,0.92,1.26,-0.46
-8.90,-2.89,10.19,0.16,0.09,-0.09
-8.05,-4.49,7.33,0.59,-0.63,0.14
-5.29,-4.34,4.68,-0.44,-1.59,0.68
-1.67,-11.12,-1.30,0.68,-0.35,0.24
-1.97,-7.87,5.38,0.24,0.87,-0.19
-6.09,-5.40,5.26,0.11,1.34,-0.39
-9.61,-3.92,11.00,0.43,0.56,-0.29
-8.58,-4.40,6.87,-0.53,-0.50,-0.10
-7.42,-3.33,7.82,-0.16,-1.52,0.30
-2.63,-7.26,-0.09,-0.44,-0.97,0.49
-2.39,-9.02,2.05,0.47,0.52,-0.12
-2.42,-6.77,5.82,0.56,0.98,-0.30
-7.49,-5.39,5.10,0.89,1.37,-0.55
-8.92,-4.47,10.11,0.16,0.06,-0.20
-8.26,-5.32,5.47,-1.05,-0.57,0.12
-6.76,-4.66,5.98,-0.62,-0.55,0.03
-3.02,-7.06,2.54,-1.45,0.12,0.09
-1.94,-5.76,2.70,-0.32,0.97,-0.06
-3.33,-6.63,4.46,0.70,0.96,-0.01
-4.94,-6.72,5.46,-0.41,0.18,0.16
-7.16,-6.87,6.48,-2.37,-0.48,0.20
-6.94,-6.66,3.17,-2.61,0.01,0.44
-6.83,-6.73,1.77,-1.70,-0.20,0.25
-7.25,-7.18,1.01,-0.88,-0.07,0.10
-7.70,-6.85,1.43,0.11,0.15,0.15
-8.00,-7.10,2.24,1.13,0.36,0.01
-7.83,-6.74,2.61,1.91,0.42,-0.35
-6.96,-5.34,3.89,3.31,0.33,-0.65
-5.40,-5.55,6.05,4.37,-0.10,-0.12
-4.41,-9.45,3.98,-1.41,-0.29,-0.17
-3.81,-6.96,3.43,-4.18,-0.28,0.34
-3.73,-7.08,2.76,-4.37,-0.08,0.44
-5.29,-6.72,0.76,-3.11,0.66,-0.21
-6.24,-7.72,0.58,-0.39,0.97,-0.24
-8.20,-7.42,1.82,1.35,0.42,-0.03
-7.80,-7.23,1.84,1.99,-0.29,0.24
-6.17,-6.57,1.88,2.32,-0.99,0.29
-4.60,-7.68,2.00,-0.52,-1.91,0.42
-3.73,-9.16,-0.99,-2.87,-0.28,0.49
-5.04,-8.21,-0.63,-1.24,1.00,0.20
-7.80,-6.96,1.92,2.08,1.29,0.22
-8.23,-6.38,3.60,1.61,0.45,-0.28
-6.95,-6.89,3.71,1.70,-0.41,0.00
-6.62,-7.76,5.49,1.17,-1.74,-0.11
-3.50,-8.03,-2.33,0.35,-1.32,0.06
-2.94,-7.82,0.72,-0.05,-0.10,0.00
-5.62,-6.33,3.65,0.37,0.52,0.07
-7.70,-5.30,8.20,1.65,0.42,-0.05
-6.91,-5.98,7.07,0.50,-0.24,0.08
-5.98,-5.40,6.77,0.79,-1.09,0.38
-2.50,-8.03,-1.63,-0.64,-1.02,0.63
-3.97,-8.60,1.33,-0.31,0.08,0.22
-4.87,-6.89,3.10,-0.56,0.89,0.08
-10.14,-4.74,10.53,1.17,0.63,-0.18
-7.96,-4.93,7.88,-0.57,-0.51,0.09
-6.34,-4.37,7.43,0.54,-1.52,0.31
-2.75,-10.19,-3.56,-0.10,-0.61,0.06
-3.43,-7.38,4.82,0.84,0.55,-0.17
-5.09,-6.14,5.11,-0.05,1.02,-0.40
-8.90,-4.34,9.46,0.24,0.36,-0.20
-8.29,-4.73,6.61,-0.46,-0.41,-0.02
-6.67,-4.13,5.06,-0.59,-1.08,0.42
-3.09,-7.67,-1.44,-0.23,-0.50,0.38
-2.78,-8.05,2.86,0.50,1.01,-0.06
-5.40,-6.10,3.88,1.11,1.56,-0.16
-10.18,-5.65,10.87,0.66,0.47,-0.10
-8.06,-4.13,5.59,-0.61,-0.41,0.18
-6.73,-6.76,6.51,0.38,-0.88,-0.04
-4.93,-5.66,4.52,-0.82,-0.73,0.01
-1.80,-6.70,2.78,-0.95,-0.13,-0.20
-2.04,-5.45,2.87,-0.16,0.81,-0.33
-3.03,-7.27,2.40,1.99,0.72,-0.03
-6.57,-6.10,7.37,0.45,-0.40,0.58
-7.18,-8.44,7.22,-2.74,-0.53,1.04
-8.16,-5.50,7.01,-4.37,-0.90,1.08
-8.86,-5.34,2.80,-3.62,-0.18,0.74
-7.76,-4.68,1.40,-2.06,0.52,0.67
-8.44,-5.86,1.73,0.10,1.30,0.22
-7.44,-5.68,2.20,1.81,1.07,-0.29
-6.51,-7.77,1.50,2.03,0.44,-0.81
-5.02,-6.23,2.99,3.63,-0.26,-0.73
-3.10,-9.89,1.44,0.88,-0.02,-0.42
-3.38,-7.24,1.61,1.56,0.55,-0.23
-5.40,-8.77,3.34,1.86,0.75,-0.31
-7.68,-6.10,4.58,1.61,0.38,-0.34
-8.13,-3.63,6.62,0.06,-0.40,0.19
-3.58,-7.34,2.90,-0.46,-1.33,0.54
-2.86,-9.19,0.27,-0.19,-0.24,0.03
-3.45,-7.01,3.55,-0.22,0.57,-0.18
-8.13,-4.64,6.26,0.13,1.13,-0.35
-8.77,-3.47,9.89,-0.15,0.16,0.12
-8.06,-3.98,6.55,-0.15,-0.60,0.28
-5.68,-5.14,6.09,-0.10,-1.34,0.79
-2.53,-9.40,-1.19,0.26,-0.47,0.37
-3.19,-7.80,3.11,0.25,0.54,-0.24
-4.86,-6.68,3.75,0.23,0.99,-0.38
-8.29,-5.66,7.80,1.09,0.90,-0.53
-8.54,-3.47,7.54,-0.65,-0.17,-0.04
-7.91,-3.35,6.63,0.08,-0.55,0.18
-6.55,-4.67,7.09,-0.19,-1.32,0.79
-2.99,-7.52,0.13,-0.27,-0.87,0.76
-3.17,-7.98,2.55,-0.20,0.36,0.05
-4.10,-7.22,5.33,-0.16,0.81,-0.26
-7.39,-5.50,6.31,1.14,0.97,-0.40
-9.61,-4.36,9.36,-0.90,-0.15,0.01
-8.37,-3.99,4.72,-0.36,-0.51,0.20
-6.49,-4.98,7.04,0.28,-0.95,0.44
-3.11,-6.20,2.13,-0.86,-0.82,0.59
-2.53,-8.83,2.54,-0.18,0.18,-0.17
-3.88,-7.21,3.88,-0.15,0.62,-0.47
-6.52,-5.60,4.84,0.47,0.94,-0.47
-10.49,-4.07,9.85,-0.20,0.04,-0.07
-9.00,-5.14,5.58,-0.39,-0.57,0.05
-6.94,-4.71,6.51,0.10,-1.14,0.28
-3.22,-6.32,0.79,-0.18,-0.77,0.48
-2.78,-8.70,1.79,0.10,0.26,-0.11
-3.14,-7.02,3.69,0.28,0.84,-0.30
-7.31,-5.72,6.06,0.91,1.15,-0.36
-9.17,-4.60,9.27,-0.69,0.14,0.03
-8.11,-3.81,6.68,-0.05,-0.51,0.25
-5.71,-5.34,6.37,-0.44,-1.33,0.61
-2.49,-8.16,-1.10,-0.10,-0.61,0.45
-3.84,-7.53,2.75,-0.05,0.52,-0.23
-4.47,-6.54,2.89,0.35,1.06,-0.35
-7.66,-6.35,7.13,0.94,1.25,-0.58
-9.50,-4.66,10.00,-0.31,0.19,-0.35
-8.23,-3.74,6.78,0.20,-0.61,-0.14
-6.86,-4.72,5.34,-0.15,-1.10,0.25
-3.93,-6.29,1.49,0.09,-0.64,0.26
-2.86,-8.29,1.41,-0.35,0.47,-0.05
-2.87,-6.71,2.39,0.12,1.15,-0.46
-4.32,-7.53,6.34,1.87,0.68,-0.78
-4.47,-6.36,5.60,1.69,0.32,-0.34
-5.71,-4.05,6.43,0.73,-0.51,0.45
-7.38,-6.22,7.45,-1.74,-0.31,0.81
-8.06,-6.29,5.90,-4.04,-0.62,0.98
-8.36,-5.46,7.48,-4.37,0.11,0.81
-8.16,-6.05,2.76,-3.24,0.90,-0.39
-6.81,-6.99,0.19,-0.95,1.29,-0.01
-4.78,-6.43,-0.34,1.51,-0.04,-0.26
-3.85,-8.67,-3.00,2.68,0.12,-0.27
-2.71,-6.84,-1.30,1.35,0.89,-0.43
-5.30,-8.07,1.35,2.46,1.00,-0.01
-8.89,-6.17,6.80,3.21,0.10,0.24
-7.40,-7.60,7.65,0.29,-0.95,0.24
-5.46,-5.56,6.45,0.40,-2.02,0.50
-1.33,-8.67,-3.86,-0.31,-1.29,0.53
-3.37,-7.26,2.00,-0.21,0.25,-0.09
-4.77,-6.13,4.31,0.57,1.26,-0.24
-10.75,-4.76,10.87,0.99,0.74,-0.22
-9.48,-5.80,6.41,-0.76,-0.58,-0.20
-5.38,-6.03,6.15,-0.38,-1.79,0.20
-1.22,-7.13,-5.21,-0.43,-0.84,0.51
-2.33,-7.17,2.41,0.61,0.91,0.11
-6.00,-6.48,4.57,0.38,1.94,-0.31
-10.16,-5.20,12.15,0.48,0.47,0.05
-9.26,-4.94,8.94,-0.64,-1.14,0.15
-4.23,-6.37,0.79,-0.20,-1.73,0.64
-2.56,-8.60,-2.38,0.19,0.11,-0.00
-2.81,-7.69,5.20,1.12,0.90,-0.05
-7.92,-6.26,6.96,0.46,1.13,-0.38
-8.63,-4.36,9.41,-0.30,0.01,-0.18
-8.27,-4.26,7.16,0.70,-0.89,-0.27
-2.60,-7.09,0.20,-0.32,-1.12,0.08
-3.16,-7.49,0.23,0.83,0.36,-0.18
-2.34,-6.15,5.15,0.57,1.25,0.08
-11.03,-5.67,11.09,0.79,0.88,-0.22
-8.17,-5.85,9.70,-1.39,-0.62,0.09
-6.37,-3.76,8.81,0.07,-1.93,0.34
0.19,-9.39,-4.94,-0.90,-1.06,0.27
-2.62,-6.04,1.73,0.91,0.74,-0.15
-5.39,-6.88,6.60,0.16,1.42,-0.35
-10.19,-4.60,12.33,-0.37,0.28,-0.05
-9.00,-3.75,8.20,-0.01,-0.86,0.11
-4.13,-5.35,2.08,-0.81,-1.42,0.44
-1.43,-8.85,-2.34,0.39,0.13,-0.08
-1.68,-6.87,4.99,0.08,1.04,-0.05
-9.20,-5.90,7.26,0.67,1.55,-0.24
-8.43,-4.91,10.16,-0.52,0.02,0.01
-8.28,-4.97,6.34,0.92,-0.45,-0.02
-4.33,-5.89,6.34,-0.13,-1.16,0.20
0.16,-8.94,-1.88,0.01,0.09,-0.11
-2.78,-6.63,4.65,0.59,1.03,-0.22
-8.63,-5.14,7.64,0.55,1.11,-0.12
-9.51,-4.16,8.82,-0.40,-0.18,-0.02
-7.73,-3.76,9.24,0.39,-1.24,0.17
-1.86,-5.78,4.63,0.39,1.00,-0.21
-8.28,-5.84,6.37,0.20,1.39,-0.29
-9.59,-4.50,11.30,-0.28,-0.13,0.15
-9.39,-4.17,7.39,0.12,-1.00,0.09
-3.44,-5.29,3.01,-0.88,-1.46,0.49
-1.20,-8.91,-0.91,0.05,-0.01,0.07
-2.36,-6.47,5.03,0.43,0.85,-0.18
-9.70,-5.04,7.90,0.47,1.08,-0.28
-9.51,-3.25,9.88,-0.35,-0.42,0.03
-7.76,-3.30,7.52,0.40,-1.22,0.45
-0.33,-8.47,-1.33,-0.81,-0.96,0.67
-1.23,-8.79,1.76,0.13,0.54,-0.29
-3.23,-5.86,3.62,0.02,1.45,-0.46
-12.01,-4.35,12.49,1.06,0.69,-0.23
-9.23,-4.39,7.71,-1.03,-0.68,0.07
-6.57,-4.42,7.30,0.13,-1.35,0.31
-1.07,-8.79,-3.55,-0.60,-0.45,0.25
-1.78,-6.82,4.47,0.45,0.78,-0.04
-6.66,-5.68,5.55,0.10,1.41,-0.23
-9.51,-5.21,12.23,-0.02,0.07,-0.01
-8.78,-3.69,8.53,0.25,-1.00,0.10
-3.14,-6.93,2.41,-0.55,-1.57,0.58
-1.87,-8.70,-1.57,-0.06,0.06,-0.12
-2.31,-6.26,6.40,0.43,0.88,-0.10
-9.86,-4.34,9.09,0.51,0.75,-0.22
-8.15,-4.89,8.01,-0.80,-0.30,-0.17
-7.17,-4.39,7.31,0.79,-0.95,0.08
-2.26,-7.06,0.89,-0.56,-0.58,0.19
-2.59,-7.72,1.32,-1.12,0.83,-0.13
-2.57,-6.81,3.73,0.05,1.15,-0.31
-3.89,-7.45,6.44,0.88,0.18,-0.29
-4.33,-6.90,5.70,-0.61,-0.48,0.37
-6.34,-6.81,5.93,-2.77,-0.34,0.99
-7.12,-6.83,5.98,-2.37,-0.78,0.78
-7.06,-7.18,5.04,-4.37,-0.24,0.68
-8.60,-6.93,2.80,-4.37,1.00,0.06
-6.80,-5.29,-0.78,-2.78,1.87,-0.30
-6.16,-6.54,-1.09,4.37,1.47,-0.17
-5.48,-8.85,0.66,4.37,0.65,0.11
-4.67,-8.92,3.75,2.88,-0.70,0.10
-4.10,-8.26,2.63,-2.53,-0.45,0.16
-3.98,-7.15,1.90,-2.76,-0.08,0.32
-5.57,-6.93,1.10,-3.70,0.50,0.17
-5.35,-7.92,0.37,-0.44,0.78,-0.24
-4.84,-8.70,2.02,0.86,0.72,-0.38
-3.45,-8.06,-1.33,1.78,0.42,-0.40
-2.61,-9.02,0.20,1.87,0.25,0.23
-4.89,-8.22,1.99,0.97,0.06,0.64
-5.23,-7.87,-0.07,-0.48,0.34,0.23
-7.05,-7.11,2.29,1.34,0.14,0.56
-9.09,-6.63,4.43,1.89,-0.14,0.17
-8.04,-8.04,6.10,2.05,-0.43,-0.15
-6.27,-6.61,4.58,0.55,-1.52,0.01
-2.51,-8.61,1.53,0.28,-1.35,0.11
-1.30,-7.22,-0.99,0.06,-0.19,0.28
-4.72,-8.09,2.04,0.06,0.88,-0.25
-10.07,-4.20,9.68,1.12,0.63,0.44
-8.76,-6.55,8.37,-0.69,-0.35,0.22
-5.64,-5.90,4.83,-0.59,-1.01,-0.02
-1.21,-7.04,-1.78,-0.05,-0.61,0.12
-1.92,-8.04,2.18,0.46,0.41,0.07
-4.20,-7.35,3.56,-0.16,0.78,0.04
-9.12,-5.64,9.81,0.37,0.61,0.20
-8.83,-6.94,8.81,-0.03,0.18,-0.13
-6.82,-5.57,5.49,0.20,-0.77,-0.44
-2.01,-7.22,-0.43,-0.09,-0.76,0.10
-2.41,-6.72,1.12,0.70,0.30,0.20
-5.31,-6.64,4.33,-0.33,0.60,0.34
-9.74,-7.34,7.76,-0.58,0.50,0.22
-9.22,-6.83,6.93,-1.86,0.04,0.10
-7.43,-5.09,5.40,-0.88,-1.18,-0.33
-5.06,-6.77,1.53,0.35,-0.53,-0.25
-1.19,-7.02,1.33,0.15,-0.22,-0.36
0.22,-7.80,0.91,-0.23,-0.03,-0.21
-4.18,-8.07,1.07,1.75,0.54,0.29
-7.96,-7.24,7.73,1.29,0.51,0.36
-8.78,-6.02,9.39,-0.87,-0.15,0.21
-8.90,-3.55,7.76,0.12,-1.25,0.18
-2.77,-8.13,-1.82,-0.34,-1.56,0.48
-2.62,-9.13,-0.48,0.28,0.09,-0.08
-2.09,-7.12,4.11,0.16,1.00,-0.02
-10.83,-6.09,9.66,0.71,0.88,-0.30
-8.24,-3.95,8.38,-0.86,-0.23,0.03
-6.39,-4.00,6.33,1.07,-1.34,0.38
-1.33,-9.33,-2.82,-0.61,-0.68,0.43
-4.22,-8.94,3.11,0.50,0.28,-0.24
-4.21,-6.58,5.55,-0.52,1.26,-0.21
-10.28,-5.80,9.72,0.61,0.52,-0.19
-8.76,-5.34,4.13,-0.19,-0.14,-0.02
-7.49,-6.98,6.65,0.67,-0.61,-0.44
-5.09,-6.39,4.10,-1.78,-0.80,-0.13
-4.48,-6.71,4.03,-1.56,-0.34,-0.19
-3.70,-7.91,3.72,-2.08,-0.14,-0.26
-3.43,-6.78,2.75,-2.53,0.04,-0.22
-2.46,-7.48,1.37,-1.55,0.24,0.03
-2.84,-8.51,1.06,-1.24,0.33,0.28
-3.34,-9.04,0.51,-1.45,0.40,0.22
-3.94,-9.24,-0.24,-1.63,0.60,0.14
-4.81,-9.26,-0.99,-2.08,0.58,-0.25
-4.31,-7.86,-1.67,-1.63,0.19,-0.21
-3.75,-5.45,-4.62,-0.60,-1.31,0.59
-7.46,-7.74,-0.43,2.65,-2.06,0.56
-7.10,-8.43,-0.57,-0.26,-0.65,0.62
-6.77,-7.44,-1.64,-0.38,-0.07,0.17
-6.15,-7.61,-1.36,0.27,-0.01,0.01
-5.97,-7.43,-1.25,0.03,-0.03,0.05
-6.12,-7.44,-1.43,-0.23,-0.07,0.11
-6.12,-7.28,-1.48,-0.18,0.01,0.11
-6.06,-7.17,-1.62,0.07,0.05,0.06
-6.04,-7.47,-1.52,-0.11,0.07,0.11
-6.24,-7.30,-1.74,-0.25,0.01,0.10
-6.43,-7.18,-1.87,-0.31,-0.06,0.09
-6.63,-6.61,-2.10,-0.40,-0.05,0.11
-6.59,-6.37,-2.28,-0.14,0.00,0.14
-6.33,-6.32,-2.10,-0.07,0.13,0.25
-6.09,-6.47,-2.22,-0.21,0.16,0.40
-6.08,-6.34,-2.28,-0.16,0.09,0.52
-6.28,-6.90,-2.20,-0.29,0.02,0.61
-6.52,-6.61,-2.57,-0.71,-0.06,0.67
-7.00,-5.94,-2.82,-0.76,-0.19,0.64
-7.51,-5.53,-2.91,-0.52,-0.22,0.63
-7.76,-5.30,-3.04,-0.31,-0.23,0.55
-7.85,-4.68,-3.10,-0.28,-0.24,0.42
-8.09,-4.32,-3.11,-0.10,-0.21,0.38
-8.27,-4.40,-3.10,0.20,-0.16,0.36
-8.33,-4.54,-3.01,0.07,-0.06,0.36
-8.22,-4.47,-3.13,-0.06,-0.00,0.24
-8.20,-4.31,-3.21,0.02,0.04,0.12
-8.28,-4.20,-3.14,0.18,0.09,0.04
-8.23,-4.29,-3.03,0.32,0.13,-0.01
-8.18,-4.33,-2.88,0.24,0.14,-0.03
-8.04,-4.23,-2.83,0.11,0.13,-0.02
-8.06,-4.21,-2.90,0.07,0.07,0.02
-8.14,-4.27,-2.95,0.05,0.07,0.04
-8.10,-4.15,-3.05,0.09,0.02,-0.03
-8.13,-4.29,-2.99,0.18,0.01,-0.05
-7.93,-4.17,-3.03,0.00,0.02,-0.01
-8.02,-4.18,-3.05,0.01,-0.04,0.07
-8.27,-4.20,-3.06,-0.08,-0.03,0.12
-8.31,-4.15,-3.10,0.00,-0.02,0.09
-8.29,-4.18,-3.10,0.00,-0.02,0.05
-8.39,-3.92,-2.98,-0.00,0.06,0.03
-8.50,-4.08,-3.03,-0.05,0.29,0.01
-8.10,-4.32,-3.46,-0.23,0.73,0.03
-7.86,-4.24,-4.04,-0.16,0.50,-0.10
-7.66,-3.99,-3.68,0.02,0.15,-0.04
-8.01,-4.23,-3.48,-0.12,0.20,-0.04
-7.68,-4.09,-3.80,-0.22,0.23,-0.03
-7.78,-3.98,-3.89,0.08,0.22,-0.02
-7.49,-3.88,-4.38,-0.34,0.29,0.02
-7.45,-3.73,-4.34,0.25,-0.05,-0.09
-7.65,-4.23,-4.07,0.23,-0.00,-0.01
-7.53,-4.07,-4.15,0.02,-0.01,0.00
-7.58,-4.12,-4.17,0.16,-0.11,0.03
-7.79,-4.28,-4.05,0.23,-0.06,0.03
-8.19,-4.45,-3.91,0.13,0.26,0.08
-6.89,-4.31,-4.98,-0.23,0.16,0.09
-7.30,-3.69,-4.23,0.38,-0.61,-0.04
-8.08,-4.68,-3.41,0.52,-0.44,0.14
-7.81,-4.33,-3.43,0.15,-0.14,0.15
-7.84,-4.24,-3.54,0.08,-0.22,0.11
-8.09,-4.30,-3.37,0.16,-0.23,0.07
-8.07,-4.28,-3.42,0.11,-0.12,0.02
-7.96,-4.27,-3.38,0.10,-0.11,0.01
-8.09,-4.16,-3.32,0.10,-0.12,-0.00
-8.21,-4.25,-3.22,0.06,-0.08,0.03
-8.21,-4.05,-3.33,-0.01,-0.08,0.05
-8.40,-4.19,-3.37,0.11,-0.08,0.05
-8.16,-4.12,-3.18,0.09,0.05,0.01
-8.07,-4.03,-3.00,0.36,0.14,-0.08
-8.14,-4.36,-2.81,0.53,0.14,-0.10
-8.10,-4.47,-2.75,0.48,0.17,-0.13
-8.10,-4.87,-2.92,0.60,0.18,-0.13
-7.90,-4.99,-2.93,0.51,0.13,-0.10
-7.90,-5.11,-2.92,0.52,0.07,-0.11
-7.71,-5.14,-2.79,0.39,0.09,-0.08
-7.59,-5.05,-2.71,0.32,0.10,-0.04
-7.45,-5.10,-2.49,0.39,0.08,-0.05
-7.51,-5.46,-2.54,0.23,0.04,-0.04
-7.43,-5.47,-2.53,0.19,0.05,-0.05
-7.50,-5.68,-2.61,0.27,0.06,-0.09
-7.36,-5.69,-2.50,0.24,0.03,-0.06
-7.30,-5.66,-2.46,0.10,-0.05,-0.01
-7.40,-5.55,-2.37,-0.08,-0.09,0.06
-7.39,-5.33,-2.35,-0.16,-0.12,0.13
-7.58,-5.19,-2.28,-0.11,-0.10,0.14
-7.75,-5.27,-2.33,-0.07,-0.05,0.15
-7.93,-5.30,-2.44,-0.08,-0.04,0.15
-7.90,-5.32,-2.42,0.02,0.00,0.08
-7.92,-5.43,-2.43,0.05,-0.01,0.00
-7.88,-5.35,-2.42,0.02,0.01,-0.03
-7.76,-5.18,-2.38,0.03,-0.01,-0.02
-7.62,-5.29,-2.50,0.05,-0.07,-0.02
-7.52,-5.33,-2.48,-0.07,-0.08,-0.02
-7.71,-5.27,-2.47,-0.07,-0.08,-0.06
-7.88,-5.49,-2.39,-0.05,-0.08,-0.09
-7.65,-5.30,-2.36,-0.11,-0.07,-0.16
-7.55,-5.24,-2.31,-0.08,-0.08,-0.17
-7.50,-5.16,-2.30,-0.11,-0.05,-0.10
-7.44,-5.18,-2.20,0.04,-0.05,-0.09
-7.95,-5.59,-2.57,0.07,-0.06,-0.11
-7.83,-5.46,-2.62,-0.08,-0.04,-0.12
-7.61,-5.20,-2.52,-0.02,-0.02,-0.11
-7.57,-5.39,-2.53,-0.05,-0.04,-0.01
-7.64,-5.47,-2.47,-0.02,0.02,0.04
-7.61,-5.63,-2.44,0.02,0.03,0.01
-7.50,-5.46,-2.34,0.04,0.04,-0.05
-7.19,-5.39,-2.31,0.08,0.03,-0.03
-7.20,-5.48,-2.17,0.12,0.02,0.02
-7.28,-5.58,-2.11,0.13,-0.03,0.05
-7.73,-5.84,-2.18,0.07,-0.09,0.10
-7.64,-5.77,-2.35,-0.02,-0.10,0.06
-7.38,-5.45,-2.29,0.01,-0.10,0.01
-7.25,-5.45,-2.28,-0.02,-0.11,0.10
-7.45,-5.49,-2.32,-0.02,-0.06,0.18
-7.79,-5.78,-2.26,0.13,-0.03,0.15
-7.95,-5.98,-2.28,0.02,-0.07,0.04
-7.74,-5.61,-2.38,-0.09,-0.06,-0.06
-7.63,-5.45,-2.37,-0.05,-0.04,-0.07
-7.88,-5.46,-2.34,-0.05,0.02,-0.02
-7.64,-5.38,-2.21,0.08,0.06,-0.06
-7.45,-5.39,-1.99,0.04,0.02,-0.04
-7.41,-5.41,-2.03,-0.08,-0.03,0.02
-7.46,-5.41,-2.11,0.00,-0.03,0.02
-7.54,-5.54,-2.14,0.06,-0.01,0.01
-7.65,-5.63,-2.24,0.06,-0.04,0.01
-7.81,-5.74,-2.35,-0.02,-0.06,0.01
-7.67,-5.48,-2.49,-0.01,-0.03,-0.05
-7.59,-5.32,-2.46,0.04,0.01,-0.04
-7.52,-5.33,-2.31,0.11,0.09,0.05
-7.47,-5.51,-2.18,0.14,0.10,0.07
-7.74,-5.77,-2.10,0.13,0.07,0.05
-7.73,-5.79,-2.17,0.04,0.02,0.00
-7.50,-5.56,-2.17,0.01,-0.01,-0.06
-7.36,-5.32,-2.19,-0.02,-0.02,-0.02
-7.43,-5.31,-2.22,-0.02,-0.03,0.07
-7.59,-5.45,-2.19,0.03,-0.02,0.08
-7.61,-5.54,-2.17,0.01,-0.01,0.08
-7.66,-5.56,-2.15,0.02,-0.04,0.09
-7.80,-5.69,-2.26,-0.01,-0.07,0.06
-7.82,-5.61,-2.36,-0.06,-0.05,-0.00
-7.65,-5.30,-2.40,0.04,-0.00,-0.05
-7.53,-5.38,-2.23,0.15,0.02,-0.02
-7.50,-5.47,-2.09,0.08,0.02,0.02
-7.60,-5.52,-2.13,0.04,-0.03,0.03
-7.70,-5.59,-2.21,0.03,-0.04,0.03
-7.68,-5.53,-2.25,0.06,-0.00,0.01
-7.55,-5.47,-2.18,0.12,0.02,-0.00
-7.58,-5.49,-2.13,0.09,0.01,0.02
-7.66,-5.57,-2.07,0.06,0.01,0.04
-7.67,-5.57,-2.07,0.02,-0.03,0.02
-7.63,-5.48,-2.12,0.01,-0.02,0.01
-7.62,-5.46,-2.18,0.04,-0.01,0.02
-7.66,-5.53,-2.17,0.05,-0.01,0.01
-7.73,-5.49,-2.13,0.04,0.00,0.00
-7.67,-5.48,-2.10,0.01,-0.02,0.02
-7.63,-5.47,-2.11,0.01,-0.02,0.02
-7.61,-5.46,-2.12,-0.00,-0.02,0.03
-7.57,-5.44,-2.11,-0.01,-0.04,0.04
-7.73,-5.51,-2.14,-0.01,-0.04,0.06
-7.82,-5.51,-2.13,0.03,0.00,0.02
-7.72,-5.46,-2.09,0.08,0.01,-0.02
-7.64,-5.34,-2.02,0.09,0.04,0.00
-7.60,-5.49,-1.98,0.07,-0.01,0.03
-7.77,-5.53,-2.00,0.01,-0.04,0.02
-7.83,-5.49,-2.12,-0.01,-0.06,0.01
-7.67,-5.45,-2.24,0.00,-0.05,0.00
-7.61,-5.40,-2.15,0.02,0.00,0.02
-7.65,-5.49,-2.06,0.03,0.00,0.03
-7.80,-5.49,-1.97,0.02,0.02,0.02
-7.75,-5.42,-1.91,0.08,0.01,-0.01
-7.65,-5.37,-1.91,0.03,-0.02,0.01
-7.69,-5.39,-2.00,0.00,-0.04,0.04
-7.72,-5.51,-2.08,0.01,-0.04,0.03
-7.69,-5.44,-2.07,0.01,-0.03,0.02
-7.73,-5.47,-2.03,0.04,-0.02,0.02
-7.70,-5.48,-2.02,0.02,-0.02,0.01
-7.68,-5.42,-2.03,0.06,-0.01,-0.02
-7.64,-5.51,-2.11,0.03,0.00,-0.00
-7.72,-5.53,-1.99,0.03,-0.02,0.02
-7.78,-5.51,-1.97,0.00,-0.02,-0.01
-7.72,-5.37,-1.95,0.01,-0.03,-0.01
-7.77,-5.34,-1.94,0.01,-0.01,0.00
-7.73,-5.47,-2.05,0.01,-0.02,0.02
-7.72,-5.47,-2.04,-0.02,-0.03,0.01
-7.71,-5.44,-2.04,-0.01,-0.02,0.01
-7.75,-5.49,-1.99,0.01,-0.01,0.02
-7.68,-5.50,-1.97,0.01,-0.01,0.01
-7.70,-5.44,-1.96,-0.00,-0.02,-0.00
-7.70,-5.41,-1.96,0.01,-0.01,0.01
-7.69,-5.43,-1.92,0.03,-0.03,0.02
-7.83,-5.61,-1.94,-0.02,-0.06,0.04
-7.73,-5.59,-2.07,-0.07,-0.07,-0.01
-7.67,-5.49,-2.10,-0.07,-0.07,-0.01
-7.75,-5.49,-2.09,-0.11,-0.06,-0.01
-7.78,-5.42,-2.09,-0.05,-0.02,-0.02
-7.79,-5.43,-2.10,-0.04,-0.01,-0.02
-7.76,-5.40,-2.12,-0.05,0.00,-0.01
-7.61,-5.37,-2.11,-0.04,0.00,-0.02
-7.68,-5.34,-2.11,-0.03,0.02,-0.02
-7.57,-5.40,-1.90,0.07,0.01,0.02
-7.69,-5.54,-1.98,0.06,-0.03,0.03
-7.72,-5.57,-2.10,0.04,-0.04,0.02
-7.60,-5.46,-2.15,0.05,-0.02,-0.00
-7.59,-5.45,-2.15,0.04,-0.02,0.02
-7.71,-5.53,-2.11,0.07,0.00,0.02
-7.67,-5.59,-2.04,0.07,0.01,0.00
-7.66,-5.56,-2.05,0.02,-0.02,-0.01
-7.71,-5.55,-2.10,0.00,-0.03,-0.02
-7.69,-5.49,-2.12,0.00,-0.02,-0.02
-7.61,-5.44,-2.09,0.02,0.01,-0.01
-7.66,-5.38,-1.93,0.08,0.02,-0.01
-7.68,-5.54,-1.86,0.08,-0.01,0.00
-7.60,-5.45,-1.90,0.04,-0.02,-0.01
-7.57,-5.49,-1.94,0.05,-0.03,0.00
-7.75,-5.57,-1.96,0.06,-0.02,0.01
-7.83,-5.68,-2.00,0.06,-0.03,0.01
-7.63,-5.58,-2.05,-0.01,-0.04,-0.01
-7.54,-5.48,-2.11,-0.03,-0.03,0.01
-7.62,-5.54,-1.99,0.03,0.00,0.04
-7.68,-5.63,-1.84,0.04,0.01,0.04
-7.69,-5.58,-1.82,0.03,-0.01,0.01
-7.64,-5.60,-1.90,-0.00,-0.03,0.01
-7.75,-5.59,-1.96,0.03,-0.03,-0.01
-7.69,-5.54,-1.91,0.03,-0.01,-0.01
-7.62,-5.43,-1.96,0.03,-0.02,0.01
-7.65,-5.52,-1.97,0.01,-0.03,0.03
-7.67,-5.53,-2.00,-0.00,-0.02,0.03
-7.69,-5.44,-1.93,0.04,0.01,0.02
-7.65,-5.50,-1.84,0.07,0.00,0.03
-7.69,-5.52,-1.84,0.03,-0.02,0.04
-7.73,-5.57,-1.90,0.02,-0.04,0.04
-7.69,-5.55,-2.07,0.05,-0.02,0.03
-7.66,-5.56,-2.06,0.11,0.03,0.02
-7.64,-5.63,-1.91,0.07,0.02,0.03
-7.68,-5.59,-1.87,-0.01,-0.01,0.01
-7.70,-5.51,-1.86,0.01,-0.00,0.00
-7.62,-5.44,-1.80,0.05,0.01,0.01
-7.65,-5.49,-1.73,0.04,-0.01,0.02
-7.73,-5.55,-1.74,0.04,-0.03,0.01
-7.75,-5.50,-1.80,0.04,-0.04,0.00
-7.72,-5.50,-1.87,0.06,-0.04,-0.00
-7.74,-5.49,-1.96,0.02,-0.03,0.02
-7.74,-5.55,-1.98,0.00,-0.02,0.02
-7.70,-5.46,-1.96,0.01,-0.00,0.02
-7.74,-5.53,-1.88,0.02,0.01,0.03
-7.69,-5.51,-1.79,0.04,0.03,0.02
-7.67,-5.48,-1.72,0.04,0.01,0.02
-7.72,-5.50,-1.70,0.04,0.01,0.02
-7.72,-5.54,-1.73,0.06,0.00,0.01
-7.74,-5.57,-1.76,0.05,-0.02,0.00
-7.71,-5.48,-1.82,0.05,-0.02,-0.00
-7.72,-5.48,-1.87,0.02,-0.04,0.01
-7.77,-5.56,-1.95,0.00,-0.02,0.02
-7.73,-5.48,-1.96,0.03,-0.01,-0.01
-7.72,-5.52,-1.92,0.02,0.01,-0.01
-7.70,-5.48,-1.84,0.04,0.02,0.01
-7.66,-5.61,-1.77,0.03,0.01,0.01
-7.68,-5.59,-1.78,-0.01,-0.01,0.01
-7.68,-5.61,-1.78,0.00,-0.01,-0.00
-7.72,-5.61,-1.83,0.00,-0.01,-0.02
-7.72,-5.54,-1.86,0.02,-0.01,-0.03
-7.67,-5.49,-1.93,-0.00,-0.01,-0.02
-7.75,-5.51,-1.96,-0.01,-0.02,0.00
-7.69,-5.56,-1.99,-0.01,-0.01,0.01
-7.62,-5.47,-1.93,-0.01,0.01,0.00
-7.70,-5.51,-1.81,0.01,0.03,0.02
-7.74,-5.60,-1.72,0.02,0.00,0.03
-7.72,-5.64,-1.83,-0.01,-0.03,0.01
-7.62,-5.54,-1.98,-0.04,-0.04,-0.00
-7.57,-5.43,-2.06,-0.05,-0.02,0.01
-7.77,-5.58,-2.00,0.02,0.02,0.02
-7.70,-5.64,-1.93,0.03,0.03,0.00
-7.59,-5.52,-1.92,-0.00,0.01,-0.01
-7.62,-5.50,-1.95,-0.02,-0.00,0.02
-7.64,-5.61,-2.00,0.01,0.00,0.01
-7.59,-5.52,-1.99,0.01,0.01,-0.02
-7.61,-5.46,-1.95,0.02,0.01,-0.01
-7.61,-5.48,-1.86,0.05,0.01,0.00
-7.58,-5.56,-1.84,0.05,-0.02,0.01
-7.60,-5.53,-1.93,0.03,-0.04,0.01
-7.53,-5.51,-1.94,0.05,-0.02,0.02
-7.67,-5.64,-1.88,0.09,-0.02,0.04
-7.79,-5.83,-1.94,0.05,-0.05,0.01
-7.68,-5.59,-2.06,-0.02,-0.06,-0.02
-7.57,-5.43,-2.11,-0.01,-0.03,0.01
-7.67,-5.57,-2.00,0.04,0.00,0.04
-7.76,-5.66,-1.92,0.01,-0.01,0.01
-7.62,-5.54,-1.92,-0.00,-0.02,-0.01
-7.62,-5.46,-1.92,0.01,-0.01,0.01
-7.69,-5.60,-1.86,0.03,-0.01,0.03
-7.67,-5.55,-1.88,0.01,-0.01,0.00
-7.58,-5.48,-1.89,0.01,-0.03,0.01
-7.66,-5.56,-1.91,0.00,-0.04,0.03
-7.70,-5.69,-1.98,0.01,-0.02,0.01
-7.69,-5.58,-1.94,0.04,-0.00,-0.02
-7.61,-5.50,-1.84,0.06,0.01,-0.01
-7.68,-5.59,-1.76,0.04,-0.00,0.03
-7.68,-5.63,-1.88,-0.03,-0.05,0.02
-7.65,-5.57,-1.99,-0.02,-0.05,0.01
-7.70,-5.51,-1.89,-0.01,-0.00,-0.00
-7.70,-5.42,-1.90,0.02,-0.01,0.01
-7.69,-5.46,-1.92,0.02,-0.01,0.02
-7.70,-5.48,-1.90,0.03,0.01,0.03
-7.69,-5.49,-1.89,0.04,0.01,0.03
-7.72,-5.53,-1.89,0.04,0.01,0.04
-7.64,-5.49,-1.89,0.04,-0.01,0.05
-7.67,-5.64,-1.96,-0.02,-0.03,0.06
-7.71,-5.67,-2.05,-0.00,-0.01,0.03
-7.72,-5.64,-2.02,0.02,0.00,-0.01
-7.67,-5.51,-1.96,0.04,0.03,-0.02
-7.65,-5.49,-1.93,0.04,0.02,-0.01
-7.68,-5.45,-1.92,0.02,0.01,-0.01
-7.72,-5.38,-1.87,0.04,0.01,-0.01
-7.64,-5.37,-1.85,0.01,-0.03,0.02
-7.62,-5.51,-1.98,-0.04,-0.05,0.05
-7.69,-5.56,-2.02,-0.00,-0.01,0.03
-7.76,-5.56,-1.95,0.05,0.01,0.01
-7.74,-5.63,-1.91,0.08,0.02,-0.01
-7.65,-5.53,-1.97,0.02,-0.01,-0.03
-7.62,-5.34,-2.04,0.00,-0.02,-0.01
-7.69,-5.38,-2.03,0.02,-0.01,0.04
-7.74,-5.51,-1.95,0.04,0.01,0.04
-7.66,-5.44,-1.89,0.03,-0.00,0.02
-7.64,-5.42,-1.83,0.06,-0.00,0.03
-7.67,-5.56,-1.84,0.05,-0.03,0.04
-7.75,-5.59,-1.90,0.04,-0.03,0.02
-7.68,-5.51,-1.99,0.05,-0.03,0.00
-7.69,-5.49,-1.99,0.03,-0.03,0.02
-7.70,-5.57,-1.98,0.03,-0.02,0.03
-7.72,-5.56,-1.95,-0.01,-0.02,0.01
-7.65,-5.53,-1.89,-0.01,-0.02,0.01
-7.69,-5.56,-1.81,-0.01,-0.03,0.01
-7.71,-5.57,-1.81,-0.02,-0.05,0.00
-7.70,-5.50,-1.84,-0.01,-0.05,-0.02
-7.74,-5.45,-1.86,-0.00,-0.04,-0.01
-7.76,-5.42,-1.89,-0.01,-0.04,-0.01
-7.76,-5.37,-1.91,0.01,-0.02,-0.00
-7.79,-5.39,-1.87,0.03,-0.01,0.01
-7.75,-5.39,-1.87,0.03,-0.01,0.01
-7.75,-5.43,-1.87,0.04,-0.00,0.02
-7.80,-5.54,-1.93,0.01,-0.01,0.02
-7.71,-5.46,-1.89,0.05,0.02,0.01
-7.66,-5.51,-1.85,0.03,0.00,0.03
-7.70,-5.62,-1.85,0.03,-0.00,0.02
-7.68,-5.61,-1.91,0.02,-0.01,0.00
-7.65,-5.58,-1.98,0.02,-0.01,-0.01
-7.68,-5.57,-1.97,0.02,0.01,-0.02
-7.74,-5.56,-1.89,0.02,0.02,-0.02
-7.72,-5.53,-1.86,0.02,0.01,-0.02
-7.65,-5.49,-1.82,0.02,-0.00,-0.03
-7.60,-5.48,-1.81,0.03,-0.01,-0.02
-7.62,-5.53,-1.87,0.02,-0.03,0.00
-7.60,-5.54,-1.89,0.03,-0.02,0.01
-7.69,-5.54,-1.90,0.03,-0.03,0.01
-7.71,-5.57,-1.87,0.08,-0.01,0.00
-7.65,-5.58,-1.86,0.03,-0.02,0.01
-7.63,-5.51,-1.93,-0.03,-0.02,0.03
-7.66,-5.57,-1.92,-0.01,-0.02,0.04
-7.73,-5.67,-1.83,0.00,-0.03,0.02
-7.66,-5.61,-1.86,-0.01,-0.03,0.00
-7.61,-5.51,-1.86,-0.01,-0.03,0.00
-7.65,-5.53,-1.79,-0.01,-0.04,0.02
-7.66,-5.55,-1.79,-0.04,-0.05,0.01
-7.82,-5.65,-1.90,-0.03,-0.06,0.01
-7.89,-5.55,-1.98,-0.00,-0.03,-0.02
-7.63,-5.40,-1.91,0.07,0.02,-0.03
-7.61,-5.34,-1.75,0.10,0.04,-0.01
-7.67,-5.49,-1.68,0.06,0.02,0.04
-7.74,-5.62,-1.67,0.07,0.00,0.03
-7.82,-5.66,-1.77,0.03,-0.04,-0.00
-7.79,-5.50,-1.93,0.00,-0.04,-0.01
-7.65,-5.48,-1.95,0.02,-0.03,-0.01
-7.72,-5.53,-1.92,-0.02,-0.02,0.04
-7.68,-5.59,-1.87,-0.04,-0.01,0.05
-7.53,-5.58,-1.75,-0.02,0.01,0.02
-7.51,-5.54,-1.63,-0.01,-0.00,0.01
-7.51,-5.58,-1.54,0.02,-0.02,0.00
-7.69,-5.75,-1.68,-0.01,-0.06,0.02
-7.86,-5.77,-1.79,-0.02,-0.07,-0.03
-7.69,-5.65,-2.01,-0.09,-0.10,-0.05
-7.70,-5.34,-2.04,0.02,-0.02,-0.08
-7.59,-5.43,-1.94,-0.01,-0.03,-0.00
-7.70,-5.39,-1.86,0.01,0.04,0.03
-7.75,-5.73,-1.74,0.08,0.02,0.02
-7.91,-5.74,-1.86,-0.00,0.02,-0.05
-7.75,-5.55,-1.91,0.09,0.05,-0.11
-7.66,-5.53,-1.85,0.05,0.05,-0.07
-7.63,-5.57,-1.81,0.06,0.06,-0.06
-7.55,-5.67,-1.70,0.08,0.05,-0.06
-7.46,-5.65,-1.66,0.04,0.02,-0.03
-7.41,-5.66,-1.75,0.03,-0.02,0.01
-7.42,-5.68,-1.84,0.00,-0.03,0.03
-7.42,-5.71,-1.90,0.03,-0.02,0.03
-7.43,-5.83,-1.90,0.07,-0.01,0.02
-7.49,-5.93,-1.95,0.07,0.02,0.01
-7.79,-6.09,-1.94,0.12,0.00,-0.00
-7.55,-6.01,-2.08,-0.03,-0.00,-0.03
-7.19,-5.53,-1.98,0.04,0.04,-0.07
-7.15,-5.59,-1.76,-0.00,0.03,0.04
-7.84,-6.08,-1.83,0.04,-0.00,-0.05
-7.59,-5.71,-2.03,-0.05,-0.03,-0.09
-7.34,-5.46,-2.13,-0.01,-0.00,-0.05
-7.28,-5.53,-2.06,0.02,0.04,0.05
-7.33,-5.77,-1.91,0.05,0.05,0.08
-7.45,-5.88,-1.83,0.05,0.02,0.06
-7.64,-5.91,-1.80,0.04,0.01,0.06
-7.45,-5.86,-1.95,0.01,-0.03,0.05
-7.55,-5.78,-2.06,0.01,-0.00,0.03
-7.57,-5.70,-2.03,0.09,0.03,0.02
-7.53,-5.72,-2.01,0.05,0.03,0.04
-7.50,-5.75,-1.98,0.05,0.03,0.04
-7.55,-5.79,-2.01,0.02,0.01,0.02
-7.68,-5.71,-2.11,0.03,0.03,0.02
-7.67,-5.79,-2.13,0.05,0.04,0.01
-7.47,-5.75,-2.15,-0.02,0.04,0.01
-7.37,-5.66,-2.13,-0.07,0.02,0.03
-7.41,-5.71,-2.08,-0.07,0.02,0.06
-7.36,-5.76,-2.05,-0.06,0.02,0.04
-7.39,-5.75,-2.02,-0.05,-0.03,0.02
-7.44,-5.73,-2.11,-0.07,-0.04,0.01
-7.45,-5.76,-2.10,-0.06,-0.04,0.01
-7.52,-5.76,-2.11,-0.13,-0.06,0.00
-7.54,-5.62,-2.20,-0.08,-0.05,-0.02
-7.53,-5.60,-2.25,-0.04,-0.03,-0.02
-7.51,-5.59,-2.27,-0.01,-0.01,-0.04
-7.52,-5.53,-2.51,0.02,0.02,-0.06
-7.63,-5.48,-2.49,0.13,0.09,-0.05
-7.52,-5.76,-2.37,0.10,0.08,-0.02
-7.50,-5.64,-2.39,0.05,0.08,-0.04
-7.34,-5.65,-2.31,0.04,0.08,-0.02
-7.41,-5.64,-2.30,0.10,0.10,-0.02
-7.32,-5.69,-2.30,0.20,0.12,-0.04
-7.24,-5.69,-2.24,0.26,0.13,-0.04
-7.31,-5.72,-2.05,0.22,0.09,0.01
-7.39,-6.04,-1.99,0.12,-0.00,0.07
-7.40,-6.10,-2.06,-0.09,-0.10,0.05
-7.31,-5.85,-2.22,-0.15,-0.13,0.02
-7.35,-5.74,-2.29,-0.01,-0.07,0.01
-7.36,-5.92,-2.30,0.08,-0.03,-0.00
-7.49,-5.94,-2.34,0.07,-0.03,-0.03
-7.47,-5.85,-2.38,-0.00,-0.03,-0.01
-7.35,-5.70,-2.36,-0.01,-0.02,0.04
-7.21,-5.73,-2.29,-0.04,-0.02,0.10
-7.29,-5.77,-2.22,0.01,0.01,0.09
-7.35,-5.84,-2.11,0.06,0.03,0.06
-7.44,-5.93,-2.08,0.06,0.02,0.02
-7.51,-5.89,-2.13,0.06,-0.00,-0.06
-7.50,-5.82,-2.30,0.04,-0.01,-0.08
-7.41,-5.65,-2.38,0.07,0.02,-0.07
-7.27,-5.79,-2.35,0.04,0.01,-0.01
-7.39,-5.92,-2.36,0.02,0.03,0.01
-7.34,-5.98,-2.29,0.02,0.05,0.01
-7.31,-5.96,-2.17,0.05,0.05,0.00
-7.26,-5.96,-2.16,0.02,0.03,0.01
-7.24,-5.92,-2.16,0.05,0.03,0.00
-7.28,-5.99,-2.23,0.05,0.01,0.01
-7.30,-5.95,-2.34,0.07,0.03,-0.02
-7.23,-5.87,-2.34,0.09,0.02,-0.03
-7.21,-5.77,-2.32,0.06,0.02,-0.02
-7.30,-5.80,-2.28,0.08,0.02,0.01
-7.24,-5.84,-2.23,0.07,0.00,0.02
-7.26,-5.87,-2.24,0.03,-0.02,0.05
-7.25,-5.90,-2.24,0.03,-0.03,0.07
-7.26,-5.98,-2.22,0.01,-0.05,0.08
-7.27,-6.01,-2.28,-0.01,-0.04,0.07
-7.31,-5.91,-2.33,0.01,-0.02,0.04
-7.42,-5.94,-2.37,0.06,0.00,0.01
-7.42,-5.89,-2.33,0.06,0.03,-0.03
-7.33,-5.79,-2.27,0.06,0.02,-0.03
-7.24,-5.77,-2.23,0.03,0.01,0.01
-7.15,-5.78,-2.09,0.02,-0.01,0.04
-7.25,-5.92,-2.04,-0.02,-0.06,0.08
-7.37,-6.06,-2.08,-0.01,-0.09,0.08
-7.42,-6.18,-2.24,-0.03,-0.10,0.07
-7.37,-6.04,-2.35,-0.02,-0.07,-0.01
-7.32,-5.81,-2.33,0.00,-0.04,-0.04
-7.39,-5.68,-2.23,0.01,-0.03,-0.01
-7.46,-5.72,-2.12,-0.00,-0.02,0.02
-7.41,-5.82,-2.12,-0.02,-0.06,0.03
-7.40,-5.71,-2.15,-0.03,-0.05,0.00
-7.58,-5.72,-2.20,0.01,-0.06,0.03
-7.54,-5.65,-2.29,0.01,-0.03,0.04
-7.35,-5.65,-2.29,0.05,0.02,0.07
-7.40,-5.77,-2.21,0.06,0.05,0.07
-7.54,-5.74,-1.97,0.17,0.09,0.06
-7.67,-5.79,-1.95,0.10,0.05,0.08
-7.34,-5.75,-2.05,0.05,0.03,0.11
-7.28,-5.84,-2.05,-0.07,0.00,0.12
-7.61,-5.90,-2.10,-0.01,-0.01,0.06
-7.81,-5.93,-2.17,-0.04,-0.01,-0.01
-7.54,-5.64,-2.25,-0.03,0.00,-0.07
-7.30,-5.46,-2.30,-0.08,-0.02,-0.07
-7.29,-5.29,-2.28,-0.01,0.01,-0.06
-7.50,-5.31,-2.09,0.19,0.04,-0.07
-7.61,-5.53,-2.02,0.13,-0.03,-0.02
-7.57,-5.54,-2.18,0.01,-0.08,0.05
-7.53,-5.75,-2.27,-0.00,-0.09,0.07
-7.54,-5.83,-2.31,0.00,-0.06,0.07
-7.47,-5.81,-2.19,0.03,-0.03,0.07
-7.54,-5.57,-1.92,0.11,-0.06,0.02
-7.61,-5.74,-2.01,0.00,-0.10,0.08
-7.53,-5.72,-2.14,-0.03,-0.12,0.08
-7.59,-5.71,-2.20,0.02,-0.08,0.03
-7.62,-5.62,-2.11,0.12,-0.03,-0.01
-7.61,-5.56,-1.96,0.20,-0.00,-0.03
-7.73,-5.57,-1.92,0.17,0.00,-0.03
-7.72,-5.54,-1.84,0.20,-0.01,-0.00
-7.63,-5.64,-1.89,0.08,-0.05,0.08
-7.56,-5.73,-1.91,0.04,-0.04,0.10
-7.43,-5.71,-1.78,-0.03,-0.04,0.13
-7.70,-5.71,-1.68,-0.04,-0.01,0.14
-7.86,-5.68,-1.60,0.01,0.04,0.12
-7.85,-5.56,-1.62,0.03,0.07,0.10
-7.77,-5.51,-1.66,0.17,0.08,0.05
-7.74,-5.57,-1.73,0.16,0.04,0.01
-7.71,-5.55,-1.79,0.05,-0.00,0.02
-7.62,-5.54,-1.89,-0.04,-0.05,0.00
-7.64,-5.43,-1.96,-0.10,-0.04,0.01
-7.72,-5.52,-1.88,-0.03,0.01,0.02
-7.75,-5.59,-1.69,0.05,0.03,-0.04
-7.79,-5.62,-1.66,0.04,-0.01,-0.07
-7.78,-5.38,-1.70,0.01,-0.01,-0.07
-7.70,-5.44,-1.78,0.02,-0.04,-0.04
-7.74,-5.43,-1.87,0.01,-0.02,-0.03
-7.75,-5.41,-1.88,0.06,0.01,-0.02
-7.72,-5.44,-1.84,0.06,0.02,0.01
-7.64,-5.45,-1.90,0.02,0.01,0.01
-7.73,-5.46,-1.90,0.04,0.03,0.03
-7.92,-5.63,-1.84,0.04,0.05,0.04
-7.69,-5.55,-1.81,0.08,0.06,0.01
-7.50,-5.54,-1.78,0.05,0.02,0.02
-7.57,-5.58,-1.78,0.00,0.01,0.05
-7.61,-5.73,-1.84,0.03,0.02,0.02
-7.64,-5.70,-1.80,0.09,0.05,-0.03
-7.63,-5.64,-1.82,0.09,0.04,-0.04
-7.59,-5.57,-1.81,0.13,0.04,-0.05
-7.60,-5.72,-1.87,0.03,-0.03,0.02
-7.69,-5.71,-2.00,-0.03,-0.03,0.04
-7.67,-5.76,-2.03,0.01,-0.01,0.00
-7.66,-5.66,-2.03,0.03,0.02,-0.04
-7.62,-5.55,-1.96,0.06,0.05,-0.05
-7.58,-5.49,-1.84,0.04,0.03,-0.03
-7.64,-5.49,-1.87,-0.04,-0.00,0.01
-7.63,-5.52,-1.90,0.01,0.01,0.02
-7.59,-5.56,-1.90,0.04,0.01,0.03
-7.56,-5.63,-1.92,0.05,0.00,0.04
-7.53,-5.63,-1.93,0.06,-0.00,0.03
-7.59,-5.70,-1.96,0.03,-0.01,0.04
-7.57,-5.70,-1.95,0.04,-0.01,0.02
-7.50,-5.70,-1.93,0.01,-0.02,0.02
-7.57,-5.72,-1.90,0.02,-0.02,0.01
-7.61,-5.73,-1.91,0.01,-0.03,0.00
-7.71,-5.69,-1.90,0.02,-0.02,-0.01
-7.66,-5.58,-1.90,0.02,-0.02,-0.01
-7.57,-5.52,-1.88,0.02,-0.02,0.01
-7.56,-5.56,-1.85,-0.03,-0.04,0.06
-7.63,-5.72,-1.90,-0.04,-0.04,0.06
-7.68,-5.73,-1.90,0.01,-0.02,0.00
-7.59,-5.55,-1.88,0.03,-0.02,-0.01
-7.59,-5.51,-1.86,0.03,-0.02,0.01
-7.56,-5.52,-1.84,0.02,-0.03,0.03
-7.67,-5.63,-1.84,0.02,-0.03,0.03
-7.61,-5.65,-1.83,0.04,-0.03,0.02
-7.66,-5.61,-1.80,0.05,-0.02,0.00
-7.64,-5.61,-1.71,0.05,-0.03,0.00
-7.69,-5.63,-1.71,0.02,-0.05,0.02
-7.80,-5.71,-1.85,-0.01,-0.06,0.04
-7.77,-5.73,-2.06,-0.03,-0.05,0.01
-7.64,-5.53,-2.09,0.01,-0.01,-0.05
-7.57,-5.41,-1.97,0.00,0.03,-0.01
-7.71,-5.49,-1.82,0.00,0.05,0.05
-7.79,-5.66,-1.74,0.03,0.05,0.06
-7.77,-5.71,-1.82,-0.00,0.02,0.02
-7.64,-5.49,-1.94,0.02,0.01,-0.01
-7.56,-5.52,-1.98,0.01,0.00,0.00
-7.58,-5.52,-1.95,-0.04,0.00,0.02
-7.67,-5.58,-1.90,-0.01,0.02,0.03
-7.65,-5.56,-1.82,0.03,0.02,0.02
-7.57,-5.63,-1.82,0.01,-0.01,0.03
-7.55,-5.65,-1.88,-0.01,-0.03,0.02
-7.60,-5.67,-1.98,0.01,-0.05,0.00
-7.67,-5.63,-1.98,0.06,-0.01,-0.02
-7.64,-5.57,-1.95,0.05,-0.00,-0.03
-7.64,-5.52,-1.93,0.01,-0.02,-0.02
-7.61,-5.49,-1.92,-0.02,-0.02,0.00
-7.66,-5.49,-1.86,-0.00,-0.01,0.03
-7.68,-5.57,-1.84,0.03,-0.01,0.02
-7.71,-5.62,-1.86,0.03,-0.03,-0.00
-7.77,-5.54,-1.96,0.01,-0.03,0.01
-7.63,-5.54,-2.08,0.01,-0.03,0.01
-7.62,-5.58,-2.04,-0.01,-0.02,0.02
-7.56,-5.56,-1.96,-0.02,-0.01,0.03
-7.62,-5.62,-1.85,-0.02,-0.00,0.03
-7.58,-5.65,-1.80,0.01,-0.01,-0.00
-7.60,-5.59,-1.84,-0.00,-0.02,-0.02
-7.64,-5.53,-1.87,0.03,-0.02,-0.02
-7.69,-5.55,-1.88,0.03,-0.02,-0.01
-7.67,-5.56,-1.90,0.02,-0.03,-0.00
-7.64,-5.59,-1.99,-0.05,-0.06,0.02
-7.65,-5.62,-2.09,-0.03,-0.01,0.03
-7.65,-5.53,-2.01,-0.06,-0.02,0.02
-7.70,-5.44,-1.97,-0.04,-0.01,0.03
-7.54,-5.50,-1.99,-0.02,-0.04,0.03
-7.56,-5.43,-1.99,-0.07,-0.05,0.03
-7.61,-5.41,-1.93,-0.02,-0.02,0.03
-7.71,-5.47,-1.80,0.05,-0.02,0.03
-7.74,-5.57,-1.83,0.04,-0.06,0.01
-7.63,-5.49,-1.96,-0.01,-0.09,-0.01
-7.69,-5.35,-2.04,0.01,-0.08,0.00
-7.81,-5.44,-2.02,0.04,-0.06,0.01
-7.82,-5.45,-2.01,0.03,-0.05,-0.00
-7.79,-5.36,-2.07,0.03,-0.03,0.01
-7.79,-5.37,-2.01,0.06,-0.01,0.02
-7.77,-5.47,-1.99,0.04,-0.01,0.03
-7.71,-5.43,-1.96,0.03,0.01,0.02
-7.66,-5.51,-1.84,0.04,0.01,0.03
-7.69,-5.59,-1.75,0.02,-0.00,0.01
-7.73,-5.64,-1.76,0.02,-0.00,-0.01
-7.74,-5.62,-1.87,0.05,-0.01,-0.05
-7.79,-5.58,-1.94,0.04,0.01,-0.07
-7.82,-5.56,-1.97,0.01,0.01,-0.07
-7.77,-5.47,-2.01,-0.01,0.01,-0.06
-7.66,-5.40,-2.02,-0.03,0.02,-0.03
-7.65,-5.39,-1.96,0.01,0.05,-0.00
-7.63,-5.52,-1.86,0.04,0.04,0.00
-7.66,-5.54,-1.84,0.02,0.03,-0.01
-7.59,-5.56,-1.92,0.04,0.01,-0.01
-7.62,-5.62,-2.00,0.01,0.01,-0.00
-7.66,-5.63,-2.00,0.01,0.02,-0.01
-7.59,-5.65,-1.99,-0.02,0.00,-0.01
-7.62,-5.57,-2.00,-0.05,-0.00,0.01
-7.62,-5.69,-2.10,-0.08,-0.03,0.04
-7.55,-5.65,-2.18,-0.04,-0.01,0.01
-7.55,-5.64,-2.17,-0.02,0.02,-0.00
-7.60,-5.63,-2.12,0.02,0.02,-0.00
-7.57,-5.58,-2.10,-0.01,0.01,-0.01
-7.52,-5.49,-2.15,0.00,-0.00,-0.01
-7.51,-5.47,-2.18,0.01,-0.00,0.00
-7.60,-5.56,-2.15,0.03,0.01,0.02
-7.56,-5.60,-2.19,0.02,-0.01,0.02
-7.51,-5.60,-2.25,-0.03,-0.02,0.03
-7.54,-5.64,-2.24,0.03,0.01,0.02
-7.55,-5.67,-2.15,0.05,0.03,0.01
-7.50,-5.61,-2.04,0.06,0.03,-0.02
-7.54,-5.52,-2.04,0.06,0.01,-0.02
-7.57,-5.53,-2.08,0.06,-0.01,-0.01
-7.59,-5.50,-2.19,0.04,-0.03,0.01
-7.58,-5.54,-2.27,0.04,-0.02,0.02
-7.57,-5.58,-2.26,0.04,-0.00,0.03
-7.58,-5.63,-2.18,0.05,0.01,0.03
-7.57,-5.66,-2.10,0.04,0.00,0.02
-7.57,-5.69,-2.10,0.03,-0.01,0.02
-7.53,-5.63,-2.14,0.04,-0.01,0.01
-7.55,-5.63,-2.16,0.03,-0.02,0.01
-7.59,-5.62,-2.23,0.03,-0.02,0.01
-7.60,-5.61,-2.21,0.03,-0.01,0.02
-7.59,-5.63,-2.20,0.02,-0.01,0.02
-7.56,-5.62,-2.19,0.01,-0.01,0.01
-7.58,-5.57,-2.18,0.00,-0.00,0.01
-7.56,-5.56,-2.16,0.02,0.01,0.01
-7.61,-5.57,-2.08,0.04,0.02,0.01
-7.57,-5.60,-2.09,0.03,0.00,0.01
-7.47,-5.56,-2.12,0.01,-0.01,0.01
-7.56,-5.68,-2.15,-0.02,-0.02,0.03
-7.59,-5.76,-2.22,-0.01,-0.02,0.00
-7.57,-5.76,-2.29,-0.01,-0.00,-0.03
-7.51,-5.65,-2.28,0.01,0.03,-0.05
-7.51,-5.56,-2.17,0.03,0.03,-0.06
-7.47,-5.56,-2.12,0.01,-0.00,-0.02
-7.48,-5.63,-2.16,-0.05,-0.03,0.01
-7.47,-5.66,-2.22,-0.04,-0.05,-0.00
-7.50,-5.56,-2.21,-0.01,-0.03,-0.00
-7.48,-5.56,-2.13,0.04,-0.02,-0.01
-7.48,-5.54,-2.09,0.05,-0.04,0.00
-7.63,-5.62,-2.15,-0.00,-0.06,0.03
-7.61,-5.67,-2.23,0.04,-0.06,0.02
-7.59,-5.72,-2.26,-0.00,-0.05,0.02
-7.45,-5.59,-2.22,0.00,-0.03,-0.01
-7.50,-5.54,-2.16,0.02,-0.04,-0.00
-7.57,-5.68,-2.19,0.00,-0.06,0.00
-7.50,-5.72,-2.27,-0.04,-0.07,0.00
-7.48,-5.74,-2.29,-0.06,-0.06,0.01
-7.53,-5.72,-2.21,-0.05,-0.04,0.02
-7.56,-5.67,-2.10,-0.07,-0.04,0.05
-7.65,-5.66,-2.07,-0.10,-0.04,0.05
-7.68,-5.65,-2.16,-0.10,-0.07,0.01
-7.57,-5.48,-2.23,-0.10,-0.08,-0.03
-7.64,-5.49,-2.37,-0.13,-0.08,0.01
-7.60,-5.50,-2.39,0.00,-0.00,-0.01
-7.55,-5.57,-2.26,0.01,-0.00,-0.03
-7.56,-5.40,-2.23,-0.00,0.00,-0.01
-7.48,-5.43,-2.11,0.03,-0.01,0.01
-7.55,-5.52,-2.13,-0.04,-0.06,0.03
-7.58,-5.52,-2.21,-0.03,-0.07,0.02
-7.61,-5.54,-2.21,-0.02,-0.07,0.02
-7.58,-5.55,-2.18,-0.03,-0.07,0.02
-7.56,-5.56,-2.20,-0.04,-0.07,0.02
-7.60,-5.60,-2.19,-0.03,-0.06,-0.00
-7.66,-5.60,-2.20,-0.03,-0.06,-0.01
-7.58,-5.42,-2.18,-0.01,-0.04,-0.02
-7.63,-5.50,-2.15,0.01,-0.03,0.01
-7.63,-5.58,-2.14,0.03,-0.04,-0.01
-7.57,-5.54,-2.17,-0.00,-0.06,-0.01
-7.63,-5.47,-2.15,0.01,-0.04,0.00
-7.63,-5.58,-2.14,0.03,-0.04,0.00
-7.66,-5.52,-2.13,0.04,-0.02,-0.01
-7.56,-5.50,-2.13,0.09,-0.01,-0.01
-7.63,-5.59,-2.14,0.07,-0.00,0.01
-7.58,-5.62,-2.03,0.06,0.00,0.02
-7.52,-5.59,-1.94,0.05,-0.02,0.02
-7.58,-5.61,-1.85,0.05,-0.03,0.02
-7.67,-5.68,-1.84,0.04,-0.06,0.01
-7.65,-5.63,-1.96,0.02,-0.07,-0.01
-7.69,-5.61,-2.07,0.01,-0.07,0.00
-7.79,-5.61,-2.14,-0.03,-0.06,0.02
-7.75,-5.52,-2.15,-0.02,-0.04,0.01
-7.63,-5.34,-2.08,-0.03,-0.01,0.04
-7.55,-5.40,-1.95,0.00,0.02,0.07
-7.62,-5.53,-1.81,0.04,0.03,0.09
-7.68,-5.71,-1.74,0.04,0.01,0.08
-7.72,-5.72,-1.81,0.06,-0.01,0.03
-7.64,-5.67,-1.91,0.03,-0.04,0.01
-7.60,-5.52,-2.06,-0.00,-0.05,0.00
-7.64,-5.52,-2.11,-0.01,-0.04,0.01
-7.71,-5.50,-2.12,-0.01,-0.02,0.00
-7.72,-5.49,-2.05,0.00,-0.00,0.01
-7.74,-5.53,-2.01,0.01,0.00,0.01
-7.69,-5.47,-1.98,0.01,-0.00,0.01
-7.67,-5.52,-1.98,0.01,-0.01,0.02
-7.69,-5.54,-2.00,-0.01,-0.02,0.01
-7.77,-5.58,-2.09,-0.02,-0.02,0.00
-7.69,-5.50,-2.09,-0.00,-0.01,-0.00
-7.72,-5.41,-2.05,-0.06,-0.04,0.03
-7.72,-5.38,-2.02,-0.10,-0.04,0.05
-7.77,-5.42,-2.02,-0.10,-0.06,0.05
-7.75,-5.28,-2.06,-0.05,-0.03,0.03
-7.71,-5.31,-2.01,0.00,-0.02,0.04
-7.73,-5.34,-2.00,-0.01,-0.02,0.05
-7.78,-5.33,-2.02,0.01,-0.02,0.04
-7.73,-5.34,-2.01,0.01,-0.02,0.03
-7.79,-5.32,-2.05,0.02,-0.03,0.04
-7.81,-5.40,-2.12,0.01,-0.04,0.04
-7.74,-5.36,-2.17,0.01,-0.03,0.01
-7.74,-5.32,-2.14,0.00,-0.01,0.01
-7.75,-5.35,-2.08,0.05,0.02,0.00
-7.75,-5.34,-2.00,0.06,0.01,-0.01
-7.71,-5.34,-2.00,0.05,-0.00,-0.01
-7.75,-5.33,-2.01,0.04,-0.02,-0.01
-7.71,-5.37,-2.03,0.03,-0.03,-0.01
-7.74,-5.35,-2.04,0.03,-0.03,-0.01
-7.71,-5.38,-2.05,0.03,-0.02,-0.01
-7.75,-5.31,-2.00,0.05,-0.02,-0.01
-7.81,-5.40,-1.99,0.04,-0.02,0.01
-7.72,-5.35,-2.01,0.06,-0.01,-0.01
-7.78,-5.39,-2.02,0.05,-0.02,0.02
-7.83,-5.48,-2.00,0.05,-0.01,0.02
-7.82,-5.46,-2.01,0.04,-0.02,0.01
-7.78,-5.42,-2.02,0.02,-0.02,0.01
-7.78,-5.38,-2.01,0.01,-0.01,0.02
-7.74,-5.39,-1.98,0.01,-0.01,0.03
-7.74,-5.40,-1.93,-0.00,-0.02,0.02
-7.75,-5.41,-1.94,0.01,-0.02,0.01
-7.83,-5.39,-1.91,0.02,-0.01,0.01
-7.79,-5.42,-1.94,0.02,-0.01,0.01
-7.77,-5.37,-1.96,0.01,-0.01,0.01
-7.74,-5.36,-1.99,0.01,-0.01,0.01
-7.82,-5.39,-2.00,0.01,-0.01,0.01
-7.78,-5.38,-1.98,0.02,-0.00,0.01
-7.78,-5.36,-1.99,0.01,-0.00,0.01
-7.78,-5.36,-1.95,0.02,0.01,0.00
-7.77,-5.35,-1.94,0.02,0.01,0.02
-7.76,-5.37,-1.93,0.03,0.00,0.01
-7.76,-5.33,-1.95,0.03,-0.01,0.01
-7.79,-5.37,-1.98,0.02,-0.01,0.02
-7.83,-5.41,-2.04,0.02,-0.01,0.02
-7.78,-5.35,-2.07,0.01,-0.00,0.01
-7.75,-5.34,-2.05,0.02,0.01,0.01
-7.74,-5.33,-1.98,0.04,0.02,0.02
-7.73,-5.37,-1.97,0.04,0.01,0.02
-7.75,-5.39,-1.99,0.02,0.00,0.01
-7.78,-5.37,-2.01,0.03,0.01,0.01
-7.80,-5.43,-2.04,0.03,0.01,0.01
-7.73,-5.35,-2.01,0.02,0.01,0.00
-7.72,-5.36,-1.98,0.03,0.01,0.01
-7.78,-5.41,-1.94,0.02,-0.00,0.01
-7.80,-5.49,-2.01,-0.01,-0.01,0.01
-7.76,-5.48,-2.06,-0.01,-0.01,-0.02
-7.70,-5.34,-2.06,0.01,0.00,-0.04
-7.69,-5.28,-1.98,0.00,-0.00,-0.02
-7.76,-5.26,-1.98,0.03,-0.01,-0.01
-7.70,-5.39,-2.00,0.02,-0.03,0.01
-7.72,-5.45,-2.05,-0.03,-0.05,0.02
-7.72,-5.45,-2.08,-0.06,-0.05,0.02
-7.75,-5.47,-2.09,-0.05,-0.05,0.02
-7.74,-5.48,-2.09,-0.03,-0.03,0.01
-7.81,-5.47,-2.10,-0.02,-0.03,0.01
-7.81,-5.42,-2.07,-0.01,-0.01,-0.00
-7.70,-5.37,-2.11,-0.04,-0.03,-0.00
-7.70,-5.27,-2.08,-0.02,-0.02,0.00
-7.70,-5.27,-2.03,0.01,-0.02,0.03
-7.72,-5.34,-2.02,0.00,-0.04,0.05
-7.72,-5.32,-2.03,0.01,-0.05,0.05
-7.66,-5.39,-2.06,-0.01,-0.09,0.07
-7.68,-5.36,-2.07,-0.03,-0.09,0.07
-7.78,-5.36,-2.02,0.00,-0.08,0.07
-7.93,-5.38,-2.00,-0.01,-0.09,0.04
-8.00,-5.33,-2.04,-0.03,-0.09,-0.00
-7.97,-5.18,-2.04,0.01,-0.07,-0.03
-7.98,-5.13,-2.02,-0.00,-0.05,-0.02
-7.97,-5.11,-2.02,0.02,-0.04,-0.00
-7.93,-5.09,-2.02,0.02,-0.02,0.01
-7.88,-5.13,-1.97,0.05,-0.01,0.02
-7.86,-5.18,-1.89,0.02,-0.01,0.04
-7.85,-5.23,-1.83,0.01,-0.01,0.04
-7.74,-5.30,-1.83,-0.04,0.00,-0.01
-7.77,-5.32,-1.88,0.04,-0.04,0.02
-7.84,-5.36,-1.88,0.05,-0.05,0.03
-7.89,-5.29,-1.91,0.05,-0.03,0.01
-7.92,-5.25,-1.97,0.04,-0.01,0.01
-7.96,-5.21,-1.95,0.04,0.01,0.00
-7.97,-5.21,-1.91,0.02,-0.00,0.02
-7.87,-5.20,-1.86,0.01,-0.00,0.03
-7.89,-5.19,-1.81,-0.01,-0.01,0.03
-7.87,-5.19,-1.81,0.02,-0.02,0.04
-7.96,-5.27,-1.84,0.05,0.00,0.01
-7.82,-5.31,-1.92,0.02,-0.01,0.03
-7.87,-5.19,-1.90,-0.04,-0.05,0.05
-7.91,-5.19,-1.86,0.01,-0.03,0.00
-7.90,-5.23,-1.82,0.03,-0.04,0.01
-7.95,-5.12,-1.82,0.01,-0.04,0.01
-7.97,-5.15,-1.80,0.01,-0.02,-0.00
-8.01,-5.13,-1.84,-0.01,-0.01,-0.01
-7.96,-5.24,-1.97,-0.00,0.02,0.00
-7.90,-5.16,-1.99,-0.02,0.03,-0.01
-7.94,-5.17,-1.90,0.03,0.04,-0.01
-7.90,-5.12,-1.87,0.00,0.06,-0.00
-7.85,-5.25,-1.88,-0.01,0.03,0.01
-7.79,-5.18,-1.96,-0.03,0.01,0.01
-7.88,-5.25,-2.01,0.07,0.00,-0.01
-7.86,-5.26,-2.05,0.12,0.00,-0.02
-7.84,-5.32,-2.03,0.07,-0.02,0.01
-7.93,-5.23,-1.99,0.01,0.02,0.00
-7.84,-5.20,-1.97,0.05,0.04,-0.01
-7.84,-5.18,-1.95,0.11,0.02,0.00
-7.82,-5.22,-1.93,0.08,-0.00,-0.01
-7.85,-5.20,-1.91,0.01,-0.02,0.02
-7.96,-5.17,-1.86,-0.01,-0.02,0.00
-7.87,-5.22,-1.86,-0.01,-0.03,0.03
-7.89,-5.23,-1.85,0.05,-0.07,0.03
-7.87,-5.24,-1.94,0.04,-0.06,0.02
-7.90,-5.29,-2.03,0.01,-0.03,0.03
-7.91,-5.26,-2.04,0.02,-0.02,0.02
-7.91,-5.26,-1.97,0.03,-0.03,0.01
-7.96,-5.26,-1.96,0.03,-0.01,0.00
-7.89,-5.26,-1.93,-0.00,-0.01,0.01
-7.88,-5.26,-1.86,-0.05,0.01,0.03
-7.81,-5.23,-1.88,-0.00,-0.01,-0.01
-7.82,-5.23,-1.90,0.03,-0.03,-0.01
-7.89,-5.23,-1.90,0.05,0.00,-0.00
-7.83,-5.28,-1.87,0.00,0.01,0.01
-7.87,-5.22,-1.96,-0.04,-0.01,0.03
-7.86,-5.29,-1.98,-0.01,-0.01,0.01
-7.88,-5.26,-1.94,0.03,0.00,-0.00
-7.89,-5.21,-1.97,0.07,0.00,-0.02
-7.88,-5.22,-1.98,0.06,0.01,-0.01
-7.92,-5.19,-1.98,0.03,0.01,0.00
-7.88,-5.21,-1.90,0.02,0.00,0.01
-7.88,-5.24,-1.89,0.01,-0.00,0.05
-7.90,-5.21,-1.96,0.04,-0.00,0.03
-7.87,-5.22,-2.00,0.05,-0.00,0.00
-7.86,-5.25,-1.97,0.04,-0.01,0.01
-7.89,-5.24,-1.92,0.02,-0.01,0.02
-7.89,-5.22,-1.88,0.03,-0.01,0.01
-7.83,-5.20,-1.90,0.02,-0.02,0.03
-7.89,-5.21,-1.91,0.01,-0.04,0.05
-7.91,-5.20,-1.92,0.05,-0.02,0.03
-7.86,-5.23,-1.98,0.06,0.00,0.00
-7.89,-5.23,-1.94,0.02,-0.01,0.02
-7.88,-5.13,-1.85,-0.01,0.02,0.04
-7.98,-5.28,-1.79,0.00,-0.01,0.03
-7.77,-5.38,-1.90,-0.02,-0.05,0.12
-8.03,-5.05,-1.96,-0.01,-0.02,0.02
-7.63,-5.22,-1.80,0.14,-0.02,-0.08
-8.25,-4.91,-1.97,-0.09,0.09,0.23
-7.73,-4.74,-2.08,0.22,-0.07,0.12
-8.33,-5.28,-1.80,0.06,-0.02,0.06
-8.15,-5.06,-1.83,0.05,0.08,-0.07
-7.86,-5.15,-1.90,0.06,0.03,-0.02
-7.94,-5.05,-1.91,-0.03,-0.01,0.03
-8.03,-5.07,-1.88,-0.04,-0.06,0.08
-8.10,-5.00,-1.85,0.04,0.01,0.01
-8.00,-4.97,-1.93,0.08,0.01,-0.03
-8.04,-5.07,-1.93,0.07,-0.00,-0.05
-8.01,-5.08,-1.92,0.05,0.01,-0.03
-7.98,-5.10,-1.87,0.01,0.02,-0.04
-7.91,-5.14,-1.92,0.03,0.04,-0.06
-7.86,-5.16,-1.91,0.02,-0.02,-0.05
-7.94,-5.26,-1.92,0.01,-0.02,-0.01
-8.03,-5.16,-1.92,0.09,-0.04,-0.08
